solid OpenSCAD_Model
  facet normal -1 0 0
    outer loop
      vertex 0 63.64 3.8147e-07
      vertex 0 56.09 27.1
      vertex 0 63.64 31.7
    endloop
  endfacet
  facet normal -1 0 0
    outer loop
      vertex 0 63.64 3.8147e-07
      vertex 0 50.89 27.1
      vertex 0 56.09 27.1
    endloop
  endfacet
  facet normal -1 0 0
    outer loop
      vertex 0 33.49 21.9
      vertex 0 50.89 27.1
      vertex 0 33.49 6.4
    endloop
  endfacet
  facet normal -1 0 0
    outer loop
      vertex 0 63.64 3.8147e-07
      vertex 0 33.49 6.4
      vertex 0 50.89 27.1
    endloop
  endfacet
  facet normal -1 0 0
    outer loop
      vertex 0 6.10352e-07 3.8147e-07
      vertex 0 33.49 6.4
      vertex 0 63.64 3.8147e-07
    endloop
  endfacet
  facet normal -1 0 0
    outer loop
      vertex 0 5.89 27.1
      vertex 0 13.49 21.9
      vertex 0 13.49 6.4
    endloop
  endfacet
  facet normal -1 0 0
    outer loop
      vertex 0 13.49 21.9
      vertex 0 5.89 27.1
      vertex 0 11.09 27.1
    endloop
  endfacet
  facet normal -1 0 0
    outer loop
      vertex 0 6.10352e-07 31.7
      vertex 0 5.89 27.1
      vertex 0 6.10352e-07 3.8147e-07
    endloop
  endfacet
  facet normal -1 -0 0
    outer loop
      vertex 0 13.49 6.4
      vertex 0 6.10352e-07 3.8147e-07
      vertex 0 5.89 27.1
    endloop
  endfacet
  facet normal -1 -0 0
    outer loop
      vertex 0 33.49 6.4
      vertex 0 6.10352e-07 3.8147e-07
      vertex 0 13.49 6.4
    endloop
  endfacet
  facet normal -1 0 0
    outer loop
      vertex 0 56.09 29.9
      vertex 0 63.64 31.7
      vertex 0 56.09 27.1
    endloop
  endfacet
  facet normal -1 0 0
    outer loop
      vertex 0 50.89 29.9
      vertex 0 63.64 31.7
      vertex 0 56.09 29.9
    endloop
  endfacet
  facet normal -1 -0 0
    outer loop
      vertex 0 50.89 27.1
      vertex 0 33.49 21.9
      vertex 0 50.89 29.9
    endloop
  endfacet
  facet normal -1 0 0
    outer loop
      vertex 0 11.09 29.9
      vertex 0 33.49 21.9
      vertex 0 13.49 21.9
    endloop
  endfacet
  facet normal -1 0 0
    outer loop
      vertex 0 11.09 29.9
      vertex 0 13.49 21.9
      vertex 0 11.09 27.1
    endloop
  endfacet
  facet normal -1 0 0
    outer loop
      vertex 0 33.49 21.9
      vertex 0 11.09 29.9
      vertex 0 50.89 29.9
    endloop
  endfacet
  facet normal -1 0 0
    outer loop
      vertex 0 6.10352e-07 31.7
      vertex 0 50.89 29.9
      vertex 0 11.09 29.9
    endloop
  endfacet
  facet normal -1 0 0
    outer loop
      vertex 0 6.10352e-07 31.7
      vertex 0 11.09 29.9
      vertex 0 5.89 29.9
    endloop
  endfacet
  facet normal -1 0 0
    outer loop
      vertex 0 50.89 29.9
      vertex 0 6.10352e-07 31.7
      vertex 0 63.64 31.7
    endloop
  endfacet
  facet normal -1 0 0
    outer loop
      vertex 0 5.89 27.1
      vertex 0 6.10352e-07 31.7
      vertex 0 5.89 29.9
    endloop
  endfacet
  facet normal 0 0 -1
    outer loop
      vertex 23.19 4.49 3.8147e-07
      vertex 16.15 8.32414 3.8147e-07
      vertex 16.2694 8.57658 3.8147e-07
    endloop
  endfacet
  facet normal 0 0 -1
    outer loop
      vertex 34.65 46.59 3.8147e-07
      vertex 63.65 47.99 3.8147e-07
      vertex 63.65 46.59 3.8147e-07
    endloop
  endfacet
  facet normal -0 0 -1
    outer loop
      vertex 63.65 47.99 3.8147e-07
      vertex 34.65 46.59 3.8147e-07
      vertex 34.65 47.99 3.8147e-07
    endloop
  endfacet
  facet normal 0 0 -1
    outer loop
      vertex 34.65 42.59 3.8147e-07
      vertex 63.65 43.99 3.8147e-07
      vertex 63.65 42.59 3.8147e-07
    endloop
  endfacet
  facet normal -0 0 -1
    outer loop
      vertex 63.65 43.99 3.8147e-07
      vertex 34.65 42.59 3.8147e-07
      vertex 34.65 43.99 3.8147e-07
    endloop
  endfacet
  facet normal 0 0 -1
    outer loop
      vertex 34.65 38.59 3.8147e-07
      vertex 63.65 39.99 3.8147e-07
      vertex 63.65 38.59 3.8147e-07
    endloop
  endfacet
  facet normal -0 0 -1
    outer loop
      vertex 63.65 39.99 3.8147e-07
      vertex 34.65 38.59 3.8147e-07
      vertex 34.65 39.99 3.8147e-07
    endloop
  endfacet
  facet normal 0 0 -1
    outer loop
      vertex 75.15 37.89 3.8147e-07
      vertex 81.88 63.64 3.8147e-07
      vertex 75.15 25.69 3.8147e-07
    endloop
  endfacet
  facet normal 0 0 -1
    outer loop
      vertex 77.15 11.69 3.8147e-07
      vertex 67.35 25.69 3.8147e-07
      vertex 75.15 25.69 3.8147e-07
    endloop
  endfacet
  facet normal 0 0 -1
    outer loop
      vertex 67.35 25.69 3.8147e-07
      vertex 63.65 35.99 3.8147e-07
      vertex 67.35 37.89 3.8147e-07
    endloop
  endfacet
  facet normal 0 0 -1
    outer loop
      vertex 33.85 18.49 3.8147e-07
      vertex 63.65 35.99 3.8147e-07
      vertex 67.35 25.69 3.8147e-07
    endloop
  endfacet
  facet normal 0 0 -1
    outer loop
      vertex 33.85 11.69 3.8147e-07
      vertex 67.35 25.69 3.8147e-07
      vertex 77.15 11.69 3.8147e-07
    endloop
  endfacet
  facet normal 0 0 -1
    outer loop
      vertex 23.65 51.99 3.8147e-07
      vertex 34.65 38.59 3.8147e-07
      vertex 34.65 35.99 3.8147e-07
    endloop
  endfacet
  facet normal 0 0 -1
    outer loop
      vertex 34.65 38.59 3.8147e-07
      vertex 23.65 51.99 3.8147e-07
      vertex 34.65 39.99 3.8147e-07
    endloop
  endfacet
  facet normal 0 0 -1
    outer loop
      vertex 34.65 39.99 3.8147e-07
      vertex 23.65 51.99 3.8147e-07
      vertex 34.65 42.59 3.8147e-07
    endloop
  endfacet
  facet normal 0 0 -1
    outer loop
      vertex 34.65 42.59 3.8147e-07
      vertex 23.65 51.99 3.8147e-07
      vertex 34.65 43.99 3.8147e-07
    endloop
  endfacet
  facet normal 0 0 -1
    outer loop
      vertex 34.65 43.99 3.8147e-07
      vertex 23.65 51.99 3.8147e-07
      vertex 34.65 46.59 3.8147e-07
    endloop
  endfacet
  facet normal 0 0 -1
    outer loop
      vertex 34.65 46.59 3.8147e-07
      vertex 23.65 51.99 3.8147e-07
      vertex 34.65 47.99 3.8147e-07
    endloop
  endfacet
  facet normal -0 0 -1
    outer loop
      vertex 63.65 35.99 3.8147e-07
      vertex 33.85 18.49 3.8147e-07
      vertex 34.65 35.99 3.8147e-07
    endloop
  endfacet
  facet normal 0 0 -1
    outer loop
      vertex 67.35 25.69 3.8147e-07
      vertex 33.85 11.69 3.8147e-07
      vertex 33.85 18.49 3.8147e-07
    endloop
  endfacet
  facet normal 0 0 -1
    outer loop
      vertex 77.15 11.69 3.8147e-07
      vertex 81.88 6.10352e-07 3.8147e-07
      vertex 77.15 4.49 3.8147e-07
    endloop
  endfacet
  facet normal 0 0 -1
    outer loop
      vertex 81.88 6.10352e-07 3.8147e-07
      vertex 23.19 4.49 3.8147e-07
      vertex 77.15 4.49 3.8147e-07
    endloop
  endfacet
  facet normal 0 0 -1
    outer loop
      vertex 23.19 4.49 3.8147e-07
      vertex 17.55 10.49 3.8147e-07
      vertex 23.19 10.49 3.8147e-07
    endloop
  endfacet
  facet normal 0 0 -1
    outer loop
      vertex 16.6259 10.9801 3.8147e-07
      vertex 17.55 10.49 3.8147e-07
      vertex 16.65 10.49 3.8147e-07
    endloop
  endfacet
  facet normal 0 0 -1
    outer loop
      vertex 16.2694 8.57658 3.8147e-07
      vertex 17.55 10.49 3.8147e-07
      vertex 23.19 4.49 3.8147e-07
    endloop
  endfacet
  facet normal -0 0 -1
    outer loop
      vertex 17.55 10.49 3.8147e-07
      vertex 16.6259 9.99992 3.8147e-07
      vertex 16.65 10.49 3.8147e-07
    endloop
  endfacet
  facet normal 0 0 -1
    outer loop
      vertex 17.55 10.49 3.8147e-07
      vertex 16.5539 9.51455 3.8147e-07
      vertex 16.6259 9.99992 3.8147e-07
    endloop
  endfacet
  facet normal 0 0 -1
    outer loop
      vertex 17.55 10.49 3.8147e-07
      vertex 16.4347 9.03858 3.8147e-07
      vertex 16.5539 9.51455 3.8147e-07
    endloop
  endfacet
  facet normal 0 0 -1
    outer loop
      vertex 17.55 10.49 3.8147e-07
      vertex 16.2694 8.57658 3.8147e-07
      vertex 16.4347 9.03858 3.8147e-07
    endloop
  endfacet
  facet normal 0 0 -1
    outer loop
      vertex 16.15 8.32414 3.8147e-07
      vertex 23.19 4.49 3.8147e-07
      vertex 16.15 4.49 3.8147e-07
    endloop
  endfacet
  facet normal 0 0 -1
    outer loop
      vertex 0 6.10352e-07 3.8147e-07
      vertex 23.19 4.49 3.8147e-07
      vertex 81.88 6.10352e-07 3.8147e-07
    endloop
  endfacet
  facet normal -0 0 -1
    outer loop
      vertex 23.19 4.49 3.8147e-07
      vertex 0 6.10352e-07 3.8147e-07
      vertex 16.15 4.49 3.8147e-07
    endloop
  endfacet
  facet normal 0 0 -1
    outer loop
      vertex 10.15 4.49 3.8147e-07
      vertex 9.73658 5.8706 3.8147e-07
      vertex 10.15 5.72268 3.8147e-07
    endloop
  endfacet
  facet normal 0 0 -1
    outer loop
      vertex 10.15 4.49 3.8147e-07
      vertex 9.29302 6.08039 3.8147e-07
      vertex 9.73658 5.8706 3.8147e-07
    endloop
  endfacet
  facet normal 0 0 -1
    outer loop
      vertex 10.15 4.49 3.8147e-07
      vertex 8.87215 6.33265 3.8147e-07
      vertex 9.29302 6.08039 3.8147e-07
    endloop
  endfacet
  facet normal 0 0 -1
    outer loop
      vertex 10.15 4.49 3.8147e-07
      vertex 8.47803 6.62495 3.8147e-07
      vertex 8.87215 6.33265 3.8147e-07
    endloop
  endfacet
  facet normal 0 0 -1
    outer loop
      vertex 0 6.10352e-07 3.8147e-07
      vertex 8.47803 6.62495 3.8147e-07
      vertex 10.15 4.49 3.8147e-07
    endloop
  endfacet
  facet normal -0 0 -1
    outer loop
      vertex 8.47803 6.62495 3.8147e-07
      vertex 0 6.10352e-07 3.8147e-07
      vertex 8.11447 6.95447 3.8147e-07
    endloop
  endfacet
  facet normal -0 0 -1
    outer loop
      vertex 6.67408 9.99992 3.8147e-07
      vertex 0 6.10352e-07 3.8147e-07
      vertex 6.65 10.49 3.8147e-07
    endloop
  endfacet
  facet normal -0 0 -1
    outer loop
      vertex 6.74607 9.51455 3.8147e-07
      vertex 0 6.10352e-07 3.8147e-07
      vertex 6.67408 9.99992 3.8147e-07
    endloop
  endfacet
  facet normal -0 0 -1
    outer loop
      vertex 6.8653 9.03858 3.8147e-07
      vertex 0 6.10352e-07 3.8147e-07
      vertex 6.74607 9.51455 3.8147e-07
    endloop
  endfacet
  facet normal -0 0 -1
    outer loop
      vertex 7.0306 8.57658 3.8147e-07
      vertex 0 6.10352e-07 3.8147e-07
      vertex 6.8653 9.03858 3.8147e-07
    endloop
  endfacet
  facet normal -0 0 -1
    outer loop
      vertex 7.24039 8.13302 3.8147e-07
      vertex 0 6.10352e-07 3.8147e-07
      vertex 7.0306 8.57658 3.8147e-07
    endloop
  endfacet
  facet normal -0 0 -1
    outer loop
      vertex 7.49265 7.71215 3.8147e-07
      vertex 0 6.10352e-07 3.8147e-07
      vertex 7.24039 8.13302 3.8147e-07
    endloop
  endfacet
  facet normal -0 0 -1
    outer loop
      vertex 7.78495 7.31803 3.8147e-07
      vertex 0 6.10352e-07 3.8147e-07
      vertex 7.49265 7.71215 3.8147e-07
    endloop
  endfacet
  facet normal -0 0 -1
    outer loop
      vertex 8.11447 6.95447 3.8147e-07
      vertex 0 6.10352e-07 3.8147e-07
      vertex 7.78495 7.31803 3.8147e-07
    endloop
  endfacet
  facet normal -0 0 -1
    outer loop
      vertex 16.15 4.49 3.8147e-07
      vertex 0 6.10352e-07 3.8147e-07
      vertex 10.15 4.49 3.8147e-07
    endloop
  endfacet
  facet normal 0 0 -1
    outer loop
      vertex 75.15 25.69 3.8147e-07
      vertex 81.88 6.10352e-07 3.8147e-07
      vertex 77.15 11.69 3.8147e-07
    endloop
  endfacet
  facet normal 0 0 -1
    outer loop
      vertex 81.88 6.10352e-07 3.8147e-07
      vertex 75.15 25.69 3.8147e-07
      vertex 81.88 63.64 3.8147e-07
    endloop
  endfacet
  facet normal 0 0 -1
    outer loop
      vertex 77.15 59.19 3.8147e-07
      vertex 81.88 63.64 3.8147e-07
      vertex 77.15 51.99 3.8147e-07
    endloop
  endfacet
  facet normal 0 0 -1
    outer loop
      vertex 74.75 59.19 3.8147e-07
      vertex 81.88 63.64 3.8147e-07
      vertex 77.15 59.19 3.8147e-07
    endloop
  endfacet
  facet normal 0 0 -1
    outer loop
      vertex 70.95 59.19 3.8147e-07
      vertex 74.75 59.19 3.8147e-07
      vertex 70.95 51.99 3.8147e-07
    endloop
  endfacet
  facet normal 0 0 -1
    outer loop
      vertex 70.95 59.19 3.8147e-07
      vertex 81.88 63.64 3.8147e-07
      vertex 74.75 59.19 3.8147e-07
    endloop
  endfacet
  facet normal 0 0 -1
    outer loop
      vertex 23.65 59.19 3.8147e-07
      vertex 81.88 63.64 3.8147e-07
      vertex 70.95 59.19 3.8147e-07
    endloop
  endfacet
  facet normal 0 0 -1
    outer loop
      vertex 16.5539 11.4655 3.8147e-07
      vertex 17.55 10.49 3.8147e-07
      vertex 16.6259 10.9801 3.8147e-07
    endloop
  endfacet
  facet normal 0 0 -1
    outer loop
      vertex 16.4347 11.9414 3.8147e-07
      vertex 17.55 10.49 3.8147e-07
      vertex 16.5539 11.4655 3.8147e-07
    endloop
  endfacet
  facet normal 0 0 -1
    outer loop
      vertex 16.2694 12.4034 3.8147e-07
      vertex 17.55 10.49 3.8147e-07
      vertex 16.4347 11.9414 3.8147e-07
    endloop
  endfacet
  facet normal 0 0 -1
    outer loop
      vertex 17.55 10.49 3.8147e-07
      vertex 16.2694 12.4034 3.8147e-07
      vertex 17.55 18.49 3.8147e-07
    endloop
  endfacet
  facet normal 0 0 -1
    outer loop
      vertex 16.0596 12.847 3.8147e-07
      vertex 17.55 18.49 3.8147e-07
      vertex 16.2694 12.4034 3.8147e-07
    endloop
  endfacet
  facet normal 0 0 -1
    outer loop
      vertex 15.8073 13.2679 3.8147e-07
      vertex 17.55 18.49 3.8147e-07
      vertex 16.0596 12.847 3.8147e-07
    endloop
  endfacet
  facet normal 0 0 -1
    outer loop
      vertex 15.5151 13.662 3.8147e-07
      vertex 17.55 18.49 3.8147e-07
      vertex 15.8073 13.2679 3.8147e-07
    endloop
  endfacet
  facet normal 0 0 -1
    outer loop
      vertex 15.1855 14.0255 3.8147e-07
      vertex 17.55 18.49 3.8147e-07
      vertex 15.5151 13.662 3.8147e-07
    endloop
  endfacet
  facet normal 0 0 -1
    outer loop
      vertex 14.822 14.3551 3.8147e-07
      vertex 17.55 18.49 3.8147e-07
      vertex 15.1855 14.0255 3.8147e-07
    endloop
  endfacet
  facet normal 0 0 -1
    outer loop
      vertex 14.4279 14.6473 3.8147e-07
      vertex 17.55 18.49 3.8147e-07
      vertex 14.822 14.3551 3.8147e-07
    endloop
  endfacet
  facet normal 0 0 -1
    outer loop
      vertex 14.007 14.8996 3.8147e-07
      vertex 17.55 18.49 3.8147e-07
      vertex 14.4279 14.6473 3.8147e-07
    endloop
  endfacet
  facet normal 0 0 -1
    outer loop
      vertex 13.5634 15.1094 3.8147e-07
      vertex 17.55 18.49 3.8147e-07
      vertex 14.007 14.8996 3.8147e-07
    endloop
  endfacet
  facet normal 0 0 -1
    outer loop
      vertex 13.1014 15.2747 3.8147e-07
      vertex 17.55 18.49 3.8147e-07
      vertex 13.5634 15.1094 3.8147e-07
    endloop
  endfacet
  facet normal 0 0 -1
    outer loop
      vertex 12.6255 15.3939 3.8147e-07
      vertex 17.55 18.49 3.8147e-07
      vertex 13.1014 15.2747 3.8147e-07
    endloop
  endfacet
  facet normal 0 0 -1
    outer loop
      vertex 12.1401 15.4659 3.8147e-07
      vertex 17.55 18.49 3.8147e-07
      vertex 12.6255 15.3939 3.8147e-07
    endloop
  endfacet
  facet normal 0 0 -1
    outer loop
      vertex 11.65 15.49 3.8147e-07
      vertex 17.55 18.49 3.8147e-07
      vertex 12.1401 15.4659 3.8147e-07
    endloop
  endfacet
  facet normal 0 0 -1
    outer loop
      vertex 11.1599 15.4659 3.8147e-07
      vertex 17.55 18.49 3.8147e-07
      vertex 11.65 15.49 3.8147e-07
    endloop
  endfacet
  facet normal 0 0 -1
    outer loop
      vertex 10.6745 15.3939 3.8147e-07
      vertex 17.55 18.49 3.8147e-07
      vertex 11.1599 15.4659 3.8147e-07
    endloop
  endfacet
  facet normal 0 0 -1
    outer loop
      vertex 10.1986 15.2747 3.8147e-07
      vertex 17.55 18.49 3.8147e-07
      vertex 10.6745 15.3939 3.8147e-07
    endloop
  endfacet
  facet normal -0 0 -1
    outer loop
      vertex 17.55 18.49 3.8147e-07
      vertex 10.1986 15.2747 3.8147e-07
      vertex 0 63.64 3.8147e-07
    endloop
  endfacet
  facet normal 0 0 -1
    outer loop
      vertex 0 63.64 3.8147e-07
      vertex 10.1986 15.2747 3.8147e-07
      vertex 9.73658 15.1094 3.8147e-07
    endloop
  endfacet
  facet normal 0 0 -1
    outer loop
      vertex 0 63.64 3.8147e-07
      vertex 9.73658 15.1094 3.8147e-07
      vertex 9.29302 14.8996 3.8147e-07
    endloop
  endfacet
  facet normal 0 0 -1
    outer loop
      vertex 0 63.64 3.8147e-07
      vertex 9.29302 14.8996 3.8147e-07
      vertex 8.87215 14.6473 3.8147e-07
    endloop
  endfacet
  facet normal 0 0 -1
    outer loop
      vertex 0 63.64 3.8147e-07
      vertex 8.87215 14.6473 3.8147e-07
      vertex 8.47803 14.3551 3.8147e-07
    endloop
  endfacet
  facet normal 0 0 -1
    outer loop
      vertex 0 63.64 3.8147e-07
      vertex 8.47803 14.3551 3.8147e-07
      vertex 8.11447 14.0255 3.8147e-07
    endloop
  endfacet
  facet normal 0 0 -1
    outer loop
      vertex 0 63.64 3.8147e-07
      vertex 8.11447 14.0255 3.8147e-07
      vertex 7.78495 13.662 3.8147e-07
    endloop
  endfacet
  facet normal 0 0 -1
    outer loop
      vertex 0 63.64 3.8147e-07
      vertex 7.78495 13.662 3.8147e-07
      vertex 7.49265 13.2679 3.8147e-07
    endloop
  endfacet
  facet normal 0 0 -1
    outer loop
      vertex 0 63.64 3.8147e-07
      vertex 7.49265 13.2679 3.8147e-07
      vertex 7.24039 12.847 3.8147e-07
    endloop
  endfacet
  facet normal 0 0 -1
    outer loop
      vertex 0 63.64 3.8147e-07
      vertex 7.24039 12.847 3.8147e-07
      vertex 7.0306 12.4034 3.8147e-07
    endloop
  endfacet
  facet normal 0 0 -1
    outer loop
      vertex 0 6.10352e-07 3.8147e-07
      vertex 7.0306 12.4034 3.8147e-07
      vertex 6.8653 11.9414 3.8147e-07
    endloop
  endfacet
  facet normal 0 0 -1
    outer loop
      vertex 0 6.10352e-07 3.8147e-07
      vertex 6.67408 10.9801 3.8147e-07
      vertex 6.65 10.49 3.8147e-07
    endloop
  endfacet
  facet normal 0 0 -1
    outer loop
      vertex 0 6.10352e-07 3.8147e-07
      vertex 6.74607 11.4655 3.8147e-07
      vertex 6.67408 10.9801 3.8147e-07
    endloop
  endfacet
  facet normal 0 0 -1
    outer loop
      vertex 0 6.10352e-07 3.8147e-07
      vertex 6.8653 11.9414 3.8147e-07
      vertex 6.74607 11.4655 3.8147e-07
    endloop
  endfacet
  facet normal -0 0 -1
    outer loop
      vertex 7.0306 12.4034 3.8147e-07
      vertex 0 6.10352e-07 3.8147e-07
      vertex 0 63.64 3.8147e-07
    endloop
  endfacet
  facet normal 0 0 -1
    outer loop
      vertex 23.65 59.19 3.8147e-07
      vertex 0 63.64 3.8147e-07
      vertex 81.88 63.64 3.8147e-07
    endloop
  endfacet
  facet normal 0 0 -1
    outer loop
      vertex 17.55 18.49 3.8147e-07
      vertex 0 63.64 3.8147e-07
      vertex 23.65 59.19 3.8147e-07
    endloop
  endfacet
  facet normal 0 0 -1
    outer loop
      vertex 81.88 63.64 3.8147e-07
      vertex 75.15 37.89 3.8147e-07
      vertex 77.15 51.99 3.8147e-07
    endloop
  endfacet
  facet normal 0 0 -1
    outer loop
      vertex 75.15 37.89 3.8147e-07
      vertex 74.75 51.99 3.8147e-07
      vertex 77.15 51.99 3.8147e-07
    endloop
  endfacet
  facet normal 0 0 -1
    outer loop
      vertex 74.75 51.99 3.8147e-07
      vertex 70.95 51.99 3.8147e-07
      vertex 74.75 59.19 3.8147e-07
    endloop
  endfacet
  facet normal 0 0 -1
    outer loop
      vertex 75.15 37.89 3.8147e-07
      vertex 70.95 51.99 3.8147e-07
      vertex 74.75 51.99 3.8147e-07
    endloop
  endfacet
  facet normal 0 0 -1
    outer loop
      vertex 67.35 37.89 3.8147e-07
      vertex 70.95 51.99 3.8147e-07
      vertex 75.15 37.89 3.8147e-07
    endloop
  endfacet
  facet normal 0 0 -1
    outer loop
      vertex 63.65 38.59 3.8147e-07
      vertex 67.35 37.89 3.8147e-07
      vertex 63.65 35.99 3.8147e-07
    endloop
  endfacet
  facet normal 0 0 -1
    outer loop
      vertex 63.65 39.99 3.8147e-07
      vertex 67.35 37.89 3.8147e-07
      vertex 63.65 38.59 3.8147e-07
    endloop
  endfacet
  facet normal 0 0 -1
    outer loop
      vertex 63.65 42.59 3.8147e-07
      vertex 67.35 37.89 3.8147e-07
      vertex 63.65 39.99 3.8147e-07
    endloop
  endfacet
  facet normal 0 0 -1
    outer loop
      vertex 63.65 43.99 3.8147e-07
      vertex 67.35 37.89 3.8147e-07
      vertex 63.65 42.59 3.8147e-07
    endloop
  endfacet
  facet normal 0 0 -1
    outer loop
      vertex 67.35 37.89 3.8147e-07
      vertex 63.65 43.99 3.8147e-07
      vertex 70.95 51.99 3.8147e-07
    endloop
  endfacet
  facet normal 0 0 -1
    outer loop
      vertex 63.65 46.59 3.8147e-07
      vertex 70.95 51.99 3.8147e-07
      vertex 63.65 43.99 3.8147e-07
    endloop
  endfacet
  facet normal 0 0 -1
    outer loop
      vertex 63.65 47.99 3.8147e-07
      vertex 70.95 51.99 3.8147e-07
      vertex 63.65 46.59 3.8147e-07
    endloop
  endfacet
  facet normal 0 0 -1
    outer loop
      vertex 63.65 50.59 3.8147e-07
      vertex 70.95 51.99 3.8147e-07
      vertex 63.65 47.99 3.8147e-07
    endloop
  endfacet
  facet normal 0 0 -1
    outer loop
      vertex 34.65 50.59 3.8147e-07
      vertex 70.95 51.99 3.8147e-07
      vertex 63.65 50.59 3.8147e-07
    endloop
  endfacet
  facet normal 0 0 -1
    outer loop
      vertex 17.55 18.49 3.8147e-07
      vertex 34.65 35.99 3.8147e-07
      vertex 33.85 18.49 3.8147e-07
    endloop
  endfacet
  facet normal 0 0 -1
    outer loop
      vertex 34.65 50.59 3.8147e-07
      vertex 23.65 51.99 3.8147e-07
      vertex 70.95 51.99 3.8147e-07
    endloop
  endfacet
  facet normal 0 0 -1
    outer loop
      vertex 34.65 47.99 3.8147e-07
      vertex 23.65 51.99 3.8147e-07
      vertex 34.65 50.59 3.8147e-07
    endloop
  endfacet
  facet normal -0 0 -1
    outer loop
      vertex 23.65 51.99 3.8147e-07
      vertex 17.55 18.49 3.8147e-07
      vertex 23.65 59.19 3.8147e-07
    endloop
  endfacet
  facet normal -0 0 -1
    outer loop
      vertex 34.65 35.99 3.8147e-07
      vertex 17.55 18.49 3.8147e-07
      vertex 23.65 51.99 3.8147e-07
    endloop
  endfacet
  facet normal 1 0 0
    outer loop
      vertex 81.88 57.09 27.1
      vertex 81.88 63.64 31.7
      vertex 81.88 57.09 29.9
    endloop
  endfacet
  facet normal 1 0 0
    outer loop
      vertex 81.88 63.64 31.7
      vertex 81.88 51.89 29.9
      vertex 81.88 57.09 29.9
    endloop
  endfacet
  facet normal 1 0 0
    outer loop
      vertex 81.88 51.89 29.9
      vertex 81.88 47.69 21.9
      vertex 81.88 51.89 27.1
    endloop
  endfacet
  facet normal 1 0 0
    outer loop
      vertex 81.88 51.89 29.9
      vertex 81.88 36.49 21.9
      vertex 81.88 47.69 21.9
    endloop
  endfacet
  facet normal 1 -0 0
    outer loop
      vertex 81.88 11.09 27.1
      vertex 81.88 36.49 21.9
      vertex 81.88 11.09 29.9
    endloop
  endfacet
  facet normal 1 0 0
    outer loop
      vertex 81.88 51.89 29.9
      vertex 81.88 11.09 29.9
      vertex 81.88 36.49 21.9
    endloop
  endfacet
  facet normal 1 0 0
    outer loop
      vertex 81.88 63.64 31.7
      vertex 81.88 11.09 29.9
      vertex 81.88 51.89 29.9
    endloop
  endfacet
  facet normal 1 -0 0
    outer loop
      vertex 81.88 6.10352e-07 31.7
      vertex 81.88 11.09 29.9
      vertex 81.88 63.64 31.7
    endloop
  endfacet
  facet normal 1 0 0
    outer loop
      vertex 81.88 5.89 29.9
      vertex 81.88 6.10352e-07 31.7
      vertex 81.88 5.89 27.1
    endloop
  endfacet
  facet normal 1 0 0
    outer loop
      vertex 81.88 11.09 29.9
      vertex 81.88 6.10352e-07 31.7
      vertex 81.88 5.89 29.9
    endloop
  endfacet
  facet normal 1 0 0
    outer loop
      vertex 81.88 63.64 31.7
      vertex 81.88 57.09 27.1
      vertex 81.88 63.64 3.8147e-07
    endloop
  endfacet
  facet normal 1 0 0
    outer loop
      vertex 81.88 47.69 21.9
      vertex 81.88 57.09 27.1
      vertex 81.88 51.89 27.1
    endloop
  endfacet
  facet normal 1 0 0
    outer loop
      vertex 81.88 47.69 7.9
      vertex 81.88 57.09 27.1
      vertex 81.88 47.69 21.9
    endloop
  endfacet
  facet normal 1 0 0
    outer loop
      vertex 81.88 57.09 27.1
      vertex 81.88 47.69 7.9
      vertex 81.88 63.64 3.8147e-07
    endloop
  endfacet
  facet normal 1 -0 0
    outer loop
      vertex 81.88 36.49 7.9
      vertex 81.88 63.64 3.8147e-07
      vertex 81.88 47.69 7.9
    endloop
  endfacet
  facet normal 1 0 0
    outer loop
      vertex 81.88 36.49 21.9
      vertex 81.88 11.09 27.1
      vertex 81.88 36.49 7.9
    endloop
  endfacet
  facet normal 1 0 0
    outer loop
      vertex 81.88 6.10352e-07 3.8147e-07
      vertex 81.88 11.09 27.1
      vertex 81.88 5.89 27.1
    endloop
  endfacet
  facet normal 1 0 0
    outer loop
      vertex 81.88 36.49 7.9
      vertex 81.88 6.10352e-07 3.8147e-07
      vertex 81.88 63.64 3.8147e-07
    endloop
  endfacet
  facet normal 1 0 0
    outer loop
      vertex 81.88 11.09 27.1
      vertex 81.88 6.10352e-07 3.8147e-07
      vertex 81.88 36.49 7.9
    endloop
  endfacet
  facet normal 1 0 0
    outer loop
      vertex 81.88 6.10352e-07 3.8147e-07
      vertex 81.88 5.89 27.1
      vertex 81.88 6.10352e-07 31.7
    endloop
  endfacet
  facet normal 0 -1 0
    outer loop
      vertex 67.3068 6.10352e-07 30.9923
      vertex 62.15 6.10352e-07 31.7
      vertex 67.15 6.10352e-07 31
    endloop
  endfacet
  facet normal 0 -1 0
    outer loop
      vertex 62.15 6.10352e-07 31.7
      vertex 66.9932 6.10352e-07 30.9923
      vertex 67.15 6.10352e-07 31
    endloop
  endfacet
  facet normal 0 -1 0
    outer loop
      vertex 62.15 6.10352e-07 31.7
      vertex 66.8379 6.10352e-07 30.9693
      vertex 66.9932 6.10352e-07 30.9923
    endloop
  endfacet
  facet normal 0 -1 0
    outer loop
      vertex 62.15 6.10352e-07 31.7
      vertex 66.6855 6.10352e-07 30.9311
      vertex 66.8379 6.10352e-07 30.9693
    endloop
  endfacet
  facet normal 0 -1 0
    outer loop
      vertex 62.15 6.10352e-07 31.7
      vertex 66.5377 6.10352e-07 30.8782
      vertex 66.6855 6.10352e-07 30.9311
    endloop
  endfacet
  facet normal 0 -1 0
    outer loop
      vertex 62.15 6.10352e-07 31.7
      vertex 66.3958 6.10352e-07 30.8111
      vertex 66.5377 6.10352e-07 30.8782
    endloop
  endfacet
  facet normal 0 -1 0
    outer loop
      vertex 62.15 6.10352e-07 31.7
      vertex 66.2611 6.10352e-07 30.7304
      vertex 66.3958 6.10352e-07 30.8111
    endloop
  endfacet
  facet normal 0 -1 0
    outer loop
      vertex 62.15 6.10352e-07 31.7
      vertex 66.135 6.10352e-07 30.6368
      vertex 66.2611 6.10352e-07 30.7304
    endloop
  endfacet
  facet normal 0 -1 0
    outer loop
      vertex 62.15 6.10352e-07 31.7
      vertex 66.0186 6.10352e-07 30.5314
      vertex 66.135 6.10352e-07 30.6368
    endloop
  endfacet
  facet normal 0 -1 0
    outer loop
      vertex 62.15 6.10352e-07 31.7
      vertex 65.9132 6.10352e-07 30.415
      vertex 66.0186 6.10352e-07 30.5314
    endloop
  endfacet
  facet normal 0 -1 0
    outer loop
      vertex 62.15 6.10352e-07 31.7
      vertex 65.8196 6.10352e-07 30.2889
      vertex 65.9132 6.10352e-07 30.415
    endloop
  endfacet
  facet normal 0 -1 0
    outer loop
      vertex 62.15 6.10352e-07 31.7
      vertex 65.7389 6.10352e-07 30.1542
      vertex 65.8196 6.10352e-07 30.2889
    endloop
  endfacet
  facet normal 0 -1 0
    outer loop
      vertex 62.15 6.10352e-07 31.7
      vertex 65.6718 6.10352e-07 30.0123
      vertex 65.7389 6.10352e-07 30.1542
    endloop
  endfacet
  facet normal 0 -1 0
    outer loop
      vertex 62.15 6.10352e-07 31.7
      vertex 65.6189 6.10352e-07 29.8645
      vertex 65.6718 6.10352e-07 30.0123
    endloop
  endfacet
  facet normal 0 -1 0
    outer loop
      vertex 62.15 6.10352e-07 31.7
      vertex 65.5807 6.10352e-07 29.7121
      vertex 65.6189 6.10352e-07 29.8645
    endloop
  endfacet
  facet normal 0 -1 0
    outer loop
      vertex 62.15 6.10352e-07 31.7
      vertex 65.5577 6.10352e-07 29.5568
      vertex 65.5807 6.10352e-07 29.7121
    endloop
  endfacet
  facet normal 0 -1 0
    outer loop
      vertex 62.15 6.10352e-07 31.7
      vertex 65.55 6.10352e-07 29.4
      vertex 65.5577 6.10352e-07 29.5568
    endloop
  endfacet
  facet normal 0 -1 0
    outer loop
      vertex 62.15 6.10352e-07 31.7
      vertex 65.5577 6.10352e-07 29.2432
      vertex 65.55 6.10352e-07 29.4
    endloop
  endfacet
  facet normal 0 -1 0
    outer loop
      vertex 62.15 6.10352e-07 31.7
      vertex 65.5807 6.10352e-07 29.0879
      vertex 65.5577 6.10352e-07 29.2432
    endloop
  endfacet
  facet normal 0 -1 0
    outer loop
      vertex 62.15 6.10352e-07 31.7
      vertex 65.6189 6.10352e-07 28.9355
      vertex 65.5807 6.10352e-07 29.0879
    endloop
  endfacet
  facet normal 0 -1 0
    outer loop
      vertex 62.15 6.10352e-07 31.7
      vertex 65.6718 6.10352e-07 28.7877
      vertex 65.6189 6.10352e-07 28.9355
    endloop
  endfacet
  facet normal 0 -1 0
    outer loop
      vertex 62.15 6.10352e-07 31.7
      vertex 65.7389 6.10352e-07 28.6458
      vertex 65.6718 6.10352e-07 28.7877
    endloop
  endfacet
  facet normal 0 -1 0
    outer loop
      vertex 62.15 6.10352e-07 20.9
      vertex 65.7389 6.10352e-07 28.6458
      vertex 62.15 6.10352e-07 31.7
    endloop
  endfacet
  facet normal 0 -1 -0
    outer loop
      vertex 65.7389 6.10352e-07 28.6458
      vertex 62.15 6.10352e-07 20.9
      vertex 65.8196 6.10352e-07 28.5111
    endloop
  endfacet
  facet normal 0 -1 -0
    outer loop
      vertex 65.8196 6.10352e-07 28.5111
      vertex 62.15 6.10352e-07 20.9
      vertex 65.9132 6.10352e-07 28.385
    endloop
  endfacet
  facet normal 0 -1 -0
    outer loop
      vertex 65.9132 6.10352e-07 28.385
      vertex 62.15 6.10352e-07 20.9
      vertex 66.0186 6.10352e-07 28.2686
    endloop
  endfacet
  facet normal 0 -1 -0
    outer loop
      vertex 66.9932 6.10352e-07 27.8077
      vertex 62.15 6.10352e-07 20.9
      vertex 67.15 6.10352e-07 27.8
    endloop
  endfacet
  facet normal 0 -1 -0
    outer loop
      vertex 66.8379 6.10352e-07 27.8307
      vertex 62.15 6.10352e-07 20.9
      vertex 66.9932 6.10352e-07 27.8077
    endloop
  endfacet
  facet normal 0 -1 -0
    outer loop
      vertex 66.6855 6.10352e-07 27.8689
      vertex 62.15 6.10352e-07 20.9
      vertex 66.8379 6.10352e-07 27.8307
    endloop
  endfacet
  facet normal 0 -1 -0
    outer loop
      vertex 66.5377 6.10352e-07 27.9218
      vertex 62.15 6.10352e-07 20.9
      vertex 66.6855 6.10352e-07 27.8689
    endloop
  endfacet
  facet normal 0 -1 -0
    outer loop
      vertex 66.3958 6.10352e-07 27.9889
      vertex 62.15 6.10352e-07 20.9
      vertex 66.5377 6.10352e-07 27.9218
    endloop
  endfacet
  facet normal 0 -1 -0
    outer loop
      vertex 66.2611 6.10352e-07 28.0696
      vertex 62.15 6.10352e-07 20.9
      vertex 66.3958 6.10352e-07 27.9889
    endloop
  endfacet
  facet normal 0 -1 -0
    outer loop
      vertex 66.135 6.10352e-07 28.1632
      vertex 62.15 6.10352e-07 20.9
      vertex 66.2611 6.10352e-07 28.0696
    endloop
  endfacet
  facet normal 0 -1 -0
    outer loop
      vertex 66.0186 6.10352e-07 28.2686
      vertex 62.15 6.10352e-07 20.9
      vertex 66.135 6.10352e-07 28.1632
    endloop
  endfacet
  facet normal 0 -1 0
    outer loop
      vertex 62.15 6.10352e-07 31.7
      vertex 67.3068 6.10352e-07 30.9923
      vertex 81.88 6.10352e-07 31.7
    endloop
  endfacet
  facet normal 0 -1 0
    outer loop
      vertex 67.4621 6.10352e-07 30.9693
      vertex 81.88 6.10352e-07 31.7
      vertex 67.3068 6.10352e-07 30.9923
    endloop
  endfacet
  facet normal 0 -1 0
    outer loop
      vertex 67.6145 6.10352e-07 30.9311
      vertex 81.88 6.10352e-07 31.7
      vertex 67.4621 6.10352e-07 30.9693
    endloop
  endfacet
  facet normal 0 -1 0
    outer loop
      vertex 67.7623 6.10352e-07 30.8782
      vertex 81.88 6.10352e-07 31.7
      vertex 67.6145 6.10352e-07 30.9311
    endloop
  endfacet
  facet normal 0 -1 0
    outer loop
      vertex 67.9042 6.10352e-07 30.8111
      vertex 81.88 6.10352e-07 31.7
      vertex 67.7623 6.10352e-07 30.8782
    endloop
  endfacet
  facet normal 0 -1 0
    outer loop
      vertex 68.0389 6.10352e-07 30.7304
      vertex 81.88 6.10352e-07 31.7
      vertex 67.9042 6.10352e-07 30.8111
    endloop
  endfacet
  facet normal 0 -1 0
    outer loop
      vertex 68.165 6.10352e-07 30.6368
      vertex 81.88 6.10352e-07 31.7
      vertex 68.0389 6.10352e-07 30.7304
    endloop
  endfacet
  facet normal 0 -1 0
    outer loop
      vertex 68.2814 6.10352e-07 30.5314
      vertex 81.88 6.10352e-07 31.7
      vertex 68.165 6.10352e-07 30.6368
    endloop
  endfacet
  facet normal 0 -1 0
    outer loop
      vertex 68.3868 6.10352e-07 30.415
      vertex 81.88 6.10352e-07 31.7
      vertex 68.2814 6.10352e-07 30.5314
    endloop
  endfacet
  facet normal 0 -1 0
    outer loop
      vertex 68.4803 6.10352e-07 30.2889
      vertex 81.88 6.10352e-07 31.7
      vertex 68.3868 6.10352e-07 30.415
    endloop
  endfacet
  facet normal 0 -1 0
    outer loop
      vertex 68.5611 6.10352e-07 30.1542
      vertex 81.88 6.10352e-07 31.7
      vertex 68.4803 6.10352e-07 30.2889
    endloop
  endfacet
  facet normal 0 -1 0
    outer loop
      vertex 68.6282 6.10352e-07 30.0123
      vertex 81.88 6.10352e-07 31.7
      vertex 68.5611 6.10352e-07 30.1542
    endloop
  endfacet
  facet normal 0 -1 0
    outer loop
      vertex 68.6811 6.10352e-07 29.8645
      vertex 81.88 6.10352e-07 31.7
      vertex 68.6282 6.10352e-07 30.0123
    endloop
  endfacet
  facet normal 0 -1 0
    outer loop
      vertex 68.7193 6.10352e-07 29.7121
      vertex 81.88 6.10352e-07 31.7
      vertex 68.6811 6.10352e-07 29.8645
    endloop
  endfacet
  facet normal 0 -1 0
    outer loop
      vertex 68.7423 6.10352e-07 29.5568
      vertex 81.88 6.10352e-07 31.7
      vertex 68.7193 6.10352e-07 29.7121
    endloop
  endfacet
  facet normal 0 -1 0
    outer loop
      vertex 68.75 6.10352e-07 29.4
      vertex 81.88 6.10352e-07 31.7
      vertex 68.7423 6.10352e-07 29.5568
    endloop
  endfacet
  facet normal 0 -1 0
    outer loop
      vertex 68.7423 6.10352e-07 29.2432
      vertex 81.88 6.10352e-07 31.7
      vertex 68.75 6.10352e-07 29.4
    endloop
  endfacet
  facet normal 0 -1 0
    outer loop
      vertex 68.7193 6.10352e-07 29.0879
      vertex 81.88 6.10352e-07 31.7
      vertex 68.7423 6.10352e-07 29.2432
    endloop
  endfacet
  facet normal 0 -1 0
    outer loop
      vertex 68.6811 6.10352e-07 28.9355
      vertex 81.88 6.10352e-07 31.7
      vertex 68.7193 6.10352e-07 29.0879
    endloop
  endfacet
  facet normal 0 -1 0
    outer loop
      vertex 68.6282 6.10352e-07 28.7877
      vertex 81.88 6.10352e-07 31.7
      vertex 68.6811 6.10352e-07 28.9355
    endloop
  endfacet
  facet normal 0 -1 0
    outer loop
      vertex 68.5611 6.10352e-07 28.6458
      vertex 81.88 6.10352e-07 31.7
      vertex 68.6282 6.10352e-07 28.7877
    endloop
  endfacet
  facet normal 0 -1 0
    outer loop
      vertex 68.4803 6.10352e-07 28.5111
      vertex 81.88 6.10352e-07 31.7
      vertex 68.5611 6.10352e-07 28.6458
    endloop
  endfacet
  facet normal 0 -1 0
    outer loop
      vertex 68.3868 6.10352e-07 28.385
      vertex 81.88 6.10352e-07 31.7
      vertex 68.4803 6.10352e-07 28.5111
    endloop
  endfacet
  facet normal 0 -1 0
    outer loop
      vertex 68.2814 6.10352e-07 28.2686
      vertex 81.88 6.10352e-07 31.7
      vertex 68.3868 6.10352e-07 28.385
    endloop
  endfacet
  facet normal 0 -1 0
    outer loop
      vertex 69.9 6.10352e-07 8.4
      vertex 68.2814 6.10352e-07 28.2686
      vertex 68.165 6.10352e-07 28.1632
    endloop
  endfacet
  facet normal 0 -1 0
    outer loop
      vertex 69.9 6.10352e-07 8.4
      vertex 68.165 6.10352e-07 28.1632
      vertex 68.0389 6.10352e-07 28.0696
    endloop
  endfacet
  facet normal 0 -1 0
    outer loop
      vertex 69.9 6.10352e-07 8.4
      vertex 68.0389 6.10352e-07 28.0696
      vertex 67.9042 6.10352e-07 27.9889
    endloop
  endfacet
  facet normal 0 -1 0
    outer loop
      vertex 69.9 6.10352e-07 8.4
      vertex 67.9042 6.10352e-07 27.9889
      vertex 67.7623 6.10352e-07 27.9218
    endloop
  endfacet
  facet normal 0 -1 0
    outer loop
      vertex 62.15 6.10352e-07 20.9
      vertex 67.7623 6.10352e-07 27.9218
      vertex 67.6145 6.10352e-07 27.8689
    endloop
  endfacet
  facet normal 0 -1 0
    outer loop
      vertex 62.15 6.10352e-07 20.9
      vertex 67.3068 6.10352e-07 27.8077
      vertex 67.15 6.10352e-07 27.8
    endloop
  endfacet
  facet normal 0 -1 0
    outer loop
      vertex 62.15 6.10352e-07 20.9
      vertex 67.4621 6.10352e-07 27.8307
      vertex 67.3068 6.10352e-07 27.8077
    endloop
  endfacet
  facet normal 0 -1 0
    outer loop
      vertex 62.15 6.10352e-07 20.9
      vertex 67.6145 6.10352e-07 27.8689
      vertex 67.4621 6.10352e-07 27.8307
    endloop
  endfacet
  facet normal 0 -1 -0
    outer loop
      vertex 67.7623 6.10352e-07 27.9218
      vertex 62.15 6.10352e-07 20.9
      vertex 69.9 6.10352e-07 8.4
    endloop
  endfacet
  facet normal 0 -1 0
    outer loop
      vertex 14.15 6.10352e-07 20.9
      vertex 34.4 6.10352e-07 18.9
      vertex 62.15 6.10352e-07 20.9
    endloop
  endfacet
  facet normal 0 -1 0
    outer loop
      vertex 52.4 6.10352e-07 18.9
      vertex 62.15 6.10352e-07 20.9
      vertex 34.4 6.10352e-07 18.9
    endloop
  endfacet
  facet normal 0 -1 0
    outer loop
      vertex 56.4 6.10352e-07 18.9
      vertex 62.15 6.10352e-07 20.9
      vertex 52.4 6.10352e-07 18.9
    endloop
  endfacet
  facet normal 0 -1 0
    outer loop
      vertex 56.4 6.10352e-07 12.9
      vertex 62.15 6.10352e-07 20.9
      vertex 56.4 6.10352e-07 18.9
    endloop
  endfacet
  facet normal 0 -1 0
    outer loop
      vertex 61.9 6.10352e-07 8.4
      vertex 62.15 6.10352e-07 20.9
      vertex 56.4 6.10352e-07 12.9
    endloop
  endfacet
  facet normal 0 -1 0
    outer loop
      vertex 26.4 6.10352e-07 8.4
      vertex 30.4 6.10352e-07 12.9
      vertex 21.9 6.10352e-07 8.4
    endloop
  endfacet
  facet normal 0 -1 0
    outer loop
      vertex 29.9 6.10352e-07 8.4
      vertex 30.4 6.10352e-07 12.9
      vertex 26.4 6.10352e-07 8.4
    endloop
  endfacet
  facet normal 0 -1 0
    outer loop
      vertex 34.4 6.10352e-07 8.4
      vertex 30.4 6.10352e-07 12.9
      vertex 29.9 6.10352e-07 8.4
    endloop
  endfacet
  facet normal 0 -1 0
    outer loop
      vertex 30.4 6.10352e-07 12.9
      vertex 34.4 6.10352e-07 8.4
      vertex 34.4 6.10352e-07 12.9
    endloop
  endfacet
  facet normal 0 -1 0
    outer loop
      vertex 37.9 6.10352e-07 8.4
      vertex 34.4 6.10352e-07 12.9
      vertex 34.4 6.10352e-07 8.4
    endloop
  endfacet
  facet normal 0 -1 0
    outer loop
      vertex 42.4 6.10352e-07 8.4
      vertex 34.4 6.10352e-07 12.9
      vertex 37.9 6.10352e-07 8.4
    endloop
  endfacet
  facet normal 0 -1 0
    outer loop
      vertex 34.4 6.10352e-07 12.9
      vertex 42.4 6.10352e-07 8.4
      vertex 52.4 6.10352e-07 12.9
    endloop
  endfacet
  facet normal 0 -1 0
    outer loop
      vertex 45.9 6.10352e-07 8.4
      vertex 52.4 6.10352e-07 12.9
      vertex 42.4 6.10352e-07 8.4
    endloop
  endfacet
  facet normal 0 -1 0
    outer loop
      vertex 50.4 6.10352e-07 8.4
      vertex 52.4 6.10352e-07 12.9
      vertex 45.9 6.10352e-07 8.4
    endloop
  endfacet
  facet normal 0 -1 0
    outer loop
      vertex 53.9 6.10352e-07 8.4
      vertex 52.4 6.10352e-07 12.9
      vertex 50.4 6.10352e-07 8.4
    endloop
  endfacet
  facet normal 0 -1 0
    outer loop
      vertex 52.4 6.10352e-07 12.9
      vertex 53.9 6.10352e-07 8.4
      vertex 56.4 6.10352e-07 12.9
    endloop
  endfacet
  facet normal 0 -1 0
    outer loop
      vertex 58.4 6.10352e-07 8.4
      vertex 56.4 6.10352e-07 12.9
      vertex 53.9 6.10352e-07 8.4
    endloop
  endfacet
  facet normal 0 -1 0
    outer loop
      vertex 61.9 6.10352e-07 8.4
      vertex 56.4 6.10352e-07 12.9
      vertex 58.4 6.10352e-07 8.4
    endloop
  endfacet
  facet normal 0 -1 -0
    outer loop
      vertex 62.15 6.10352e-07 20.9
      vertex 61.9 6.10352e-07 8.4
      vertex 66.4 6.10352e-07 8.4
    endloop
  endfacet
  facet normal 0 -1 0
    outer loop
      vertex 69.9 6.10352e-07 8.4
      vertex 62.15 6.10352e-07 20.9
      vertex 66.4 6.10352e-07 8.4
    endloop
  endfacet
  facet normal 0 -1 0
    outer loop
      vertex 68.2814 6.10352e-07 28.2686
      vertex 69.9 6.10352e-07 8.4
      vertex 81.88 6.10352e-07 31.7
    endloop
  endfacet
  facet normal 0 -1 0
    outer loop
      vertex 81.88 6.10352e-07 3.8147e-07
      vertex 69.9 6.10352e-07 8.4
      vertex 69.9 6.10352e-07 4.4
    endloop
  endfacet
  facet normal 0 -1 0
    outer loop
      vertex 69.9 6.10352e-07 8.4
      vertex 81.88 6.10352e-07 3.8147e-07
      vertex 81.88 6.10352e-07 31.7
    endloop
  endfacet
  facet normal 0 -1 0
    outer loop
      vertex 66.4 6.10352e-07 4.4
      vertex 81.88 6.10352e-07 3.8147e-07
      vertex 69.9 6.10352e-07 4.4
    endloop
  endfacet
  facet normal 0 -1 0
    outer loop
      vertex 61.9 6.10352e-07 4.4
      vertex 66.4 6.10352e-07 8.4
      vertex 61.9 6.10352e-07 8.4
    endloop
  endfacet
  facet normal 0 -1 -0
    outer loop
      vertex 66.4 6.10352e-07 8.4
      vertex 61.9 6.10352e-07 4.4
      vertex 66.4 6.10352e-07 4.4
    endloop
  endfacet
  facet normal 0 -1 0
    outer loop
      vertex 53.9 6.10352e-07 4.4
      vertex 58.4 6.10352e-07 8.4
      vertex 53.9 6.10352e-07 8.4
    endloop
  endfacet
  facet normal 0 -1 -0
    outer loop
      vertex 58.4 6.10352e-07 8.4
      vertex 53.9 6.10352e-07 4.4
      vertex 58.4 6.10352e-07 4.4
    endloop
  endfacet
  facet normal 0 -1 0
    outer loop
      vertex 45.9 6.10352e-07 4.4
      vertex 50.4 6.10352e-07 8.4
      vertex 45.9 6.10352e-07 8.4
    endloop
  endfacet
  facet normal 0 -1 -0
    outer loop
      vertex 50.4 6.10352e-07 8.4
      vertex 45.9 6.10352e-07 4.4
      vertex 50.4 6.10352e-07 4.4
    endloop
  endfacet
  facet normal 0 -1 0
    outer loop
      vertex 37.9 6.10352e-07 4.4
      vertex 42.4 6.10352e-07 8.4
      vertex 37.9 6.10352e-07 8.4
    endloop
  endfacet
  facet normal 0 -1 -0
    outer loop
      vertex 42.4 6.10352e-07 8.4
      vertex 37.9 6.10352e-07 4.4
      vertex 42.4 6.10352e-07 4.4
    endloop
  endfacet
  facet normal 0 -1 0
    outer loop
      vertex 29.9 6.10352e-07 4.4
      vertex 34.4 6.10352e-07 8.4
      vertex 29.9 6.10352e-07 8.4
    endloop
  endfacet
  facet normal 0 -1 -0
    outer loop
      vertex 34.4 6.10352e-07 8.4
      vertex 29.9 6.10352e-07 4.4
      vertex 34.4 6.10352e-07 4.4
    endloop
  endfacet
  facet normal 0 -1 0
    outer loop
      vertex 21.9 6.10352e-07 4.4
      vertex 26.4 6.10352e-07 8.4
      vertex 21.9 6.10352e-07 8.4
    endloop
  endfacet
  facet normal 0 -1 -0
    outer loop
      vertex 26.4 6.10352e-07 8.4
      vertex 21.9 6.10352e-07 4.4
      vertex 26.4 6.10352e-07 4.4
    endloop
  endfacet
  facet normal 0 -1 0
    outer loop
      vertex 13.9 6.10352e-07 4.4
      vertex 18.4 6.10352e-07 8.4
      vertex 13.9 6.10352e-07 8.4
    endloop
  endfacet
  facet normal 0 -1 -0
    outer loop
      vertex 18.4 6.10352e-07 8.4
      vertex 13.9 6.10352e-07 4.4
      vertex 18.4 6.10352e-07 4.4
    endloop
  endfacet
  facet normal 0 -1 0
    outer loop
      vertex 34.4 6.10352e-07 12.9
      vertex 52.4 6.10352e-07 18.9
      vertex 34.4 6.10352e-07 18.9
    endloop
  endfacet
  facet normal 0 -1 -0
    outer loop
      vertex 52.4 6.10352e-07 18.9
      vertex 34.4 6.10352e-07 12.9
      vertex 52.4 6.10352e-07 12.9
    endloop
  endfacet
  facet normal 0 -1 0
    outer loop
      vertex 0 6.10352e-07 31.7
      vertex 14.15 6.10352e-07 20.9
      vertex 14.15 6.10352e-07 31.7
    endloop
  endfacet
  facet normal 0 -1 0
    outer loop
      vertex 34.4 6.10352e-07 18.9
      vertex 14.15 6.10352e-07 20.9
      vertex 30.4 6.10352e-07 18.9
    endloop
  endfacet
  facet normal 0 -1 0
    outer loop
      vertex 21.9 6.10352e-07 8.4
      vertex 14.15 6.10352e-07 20.9
      vertex 18.4 6.10352e-07 8.4
    endloop
  endfacet
  facet normal 0 -1 0
    outer loop
      vertex 18.4 6.10352e-07 8.4
      vertex 14.15 6.10352e-07 20.9
      vertex 13.9 6.10352e-07 8.4
    endloop
  endfacet
  facet normal 0 -1 0
    outer loop
      vertex 14.15 6.10352e-07 20.9
      vertex 21.9 6.10352e-07 8.4
      vertex 30.4 6.10352e-07 18.9
    endloop
  endfacet
  facet normal 0 -1 -0
    outer loop
      vertex 30.4 6.10352e-07 18.9
      vertex 21.9 6.10352e-07 8.4
      vertex 30.4 6.10352e-07 12.9
    endloop
  endfacet
  facet normal 0 -1 0
    outer loop
      vertex 13.9 6.10352e-07 8.4
      vertex 14.15 6.10352e-07 20.9
      vertex 10.4 6.10352e-07 8.4
    endloop
  endfacet
  facet normal 0 -1 0
    outer loop
      vertex 0 6.10352e-07 31.7
      vertex 10.4 6.10352e-07 8.4
      vertex 14.15 6.10352e-07 20.9
    endloop
  endfacet
  facet normal 0 -1 0
    outer loop
      vertex 0 6.10352e-07 3.8147e-07
      vertex 10.4 6.10352e-07 8.4
      vertex 0 6.10352e-07 31.7
    endloop
  endfacet
  facet normal 0 -1 0
    outer loop
      vertex 0 6.10352e-07 3.8147e-07
      vertex 13.9 6.10352e-07 4.4
      vertex 10.4 6.10352e-07 4.4
    endloop
  endfacet
  facet normal 0 -1 -0
    outer loop
      vertex 13.9 6.10352e-07 4.4
      vertex 0 6.10352e-07 3.8147e-07
      vertex 18.4 6.10352e-07 4.4
    endloop
  endfacet
  facet normal 0 -1 -0
    outer loop
      vertex 18.4 6.10352e-07 4.4
      vertex 0 6.10352e-07 3.8147e-07
      vertex 21.9 6.10352e-07 4.4
    endloop
  endfacet
  facet normal 0 -1 -0
    outer loop
      vertex 21.9 6.10352e-07 4.4
      vertex 0 6.10352e-07 3.8147e-07
      vertex 26.4 6.10352e-07 4.4
    endloop
  endfacet
  facet normal 0 -1 -0
    outer loop
      vertex 26.4 6.10352e-07 4.4
      vertex 0 6.10352e-07 3.8147e-07
      vertex 29.9 6.10352e-07 4.4
    endloop
  endfacet
  facet normal 0 -1 -0
    outer loop
      vertex 29.9 6.10352e-07 4.4
      vertex 0 6.10352e-07 3.8147e-07
      vertex 34.4 6.10352e-07 4.4
    endloop
  endfacet
  facet normal 0 -1 -0
    outer loop
      vertex 34.4 6.10352e-07 4.4
      vertex 0 6.10352e-07 3.8147e-07
      vertex 37.9 6.10352e-07 4.4
    endloop
  endfacet
  facet normal 0 -1 -0
    outer loop
      vertex 37.9 6.10352e-07 4.4
      vertex 0 6.10352e-07 3.8147e-07
      vertex 42.4 6.10352e-07 4.4
    endloop
  endfacet
  facet normal 0 -1 0
    outer loop
      vertex 81.88 6.10352e-07 3.8147e-07
      vertex 42.4 6.10352e-07 4.4
      vertex 0 6.10352e-07 3.8147e-07
    endloop
  endfacet
  facet normal 0 -1 0
    outer loop
      vertex 42.4 6.10352e-07 4.4
      vertex 81.88 6.10352e-07 3.8147e-07
      vertex 45.9 6.10352e-07 4.4
    endloop
  endfacet
  facet normal 0 -1 0
    outer loop
      vertex 45.9 6.10352e-07 4.4
      vertex 81.88 6.10352e-07 3.8147e-07
      vertex 50.4 6.10352e-07 4.4
    endloop
  endfacet
  facet normal 0 -1 0
    outer loop
      vertex 50.4 6.10352e-07 4.4
      vertex 81.88 6.10352e-07 3.8147e-07
      vertex 53.9 6.10352e-07 4.4
    endloop
  endfacet
  facet normal 0 -1 0
    outer loop
      vertex 53.9 6.10352e-07 4.4
      vertex 81.88 6.10352e-07 3.8147e-07
      vertex 58.4 6.10352e-07 4.4
    endloop
  endfacet
  facet normal 0 -1 0
    outer loop
      vertex 58.4 6.10352e-07 4.4
      vertex 81.88 6.10352e-07 3.8147e-07
      vertex 61.9 6.10352e-07 4.4
    endloop
  endfacet
  facet normal 0 -1 0
    outer loop
      vertex 61.9 6.10352e-07 4.4
      vertex 81.88 6.10352e-07 3.8147e-07
      vertex 66.4 6.10352e-07 4.4
    endloop
  endfacet
  facet normal 0 -1 -0
    outer loop
      vertex 10.4 6.10352e-07 8.4
      vertex 0 6.10352e-07 3.8147e-07
      vertex 10.4 6.10352e-07 4.4
    endloop
  endfacet
  facet normal 0 0 1
    outer loop
      vertex 14.15 63.64 31.7
      vertex 2.4 61.24 31.7
      vertex 14.15 61.24 31.7
    endloop
  endfacet
  facet normal 0 0 1
    outer loop
      vertex 2.4 61.24 31.7
      vertex 0 63.64 31.7
      vertex 2.4 2.4 31.7
    endloop
  endfacet
  facet normal -0 0 1
    outer loop
      vertex 0 63.64 31.7
      vertex 2.4 61.24 31.7
      vertex 14.15 63.64 31.7
    endloop
  endfacet
  facet normal -0 0 1
    outer loop
      vertex 2.4 2.4 31.7
      vertex 14.15 6.10352e-07 31.7
      vertex 14.15 2.4 31.7
    endloop
  endfacet
  facet normal 0 0 1
    outer loop
      vertex 2.4 2.4 31.7
      vertex 0 6.10352e-07 31.7
      vertex 14.15 6.10352e-07 31.7
    endloop
  endfacet
  facet normal 0 0 1
    outer loop
      vertex 0 6.10352e-07 31.7
      vertex 2.4 2.4 31.7
      vertex 0 63.64 31.7
    endloop
  endfacet
  facet normal 0 0 1
    outer loop
      vertex 81.88 63.64 31.7
      vertex 79.48 61.24 31.7
      vertex 81.88 6.10352e-07 31.7
    endloop
  endfacet
  facet normal -0 0 1
    outer loop
      vertex 62.15 63.64 31.7
      vertex 79.48 61.24 31.7
      vertex 81.88 63.64 31.7
    endloop
  endfacet
  facet normal 0 0 1
    outer loop
      vertex 79.48 61.24 31.7
      vertex 62.15 63.64 31.7
      vertex 62.15 61.24 31.7
    endloop
  endfacet
  facet normal -0 0 1
    outer loop
      vertex 79.48 2.4 31.7
      vertex 81.88 6.10352e-07 31.7
      vertex 79.48 61.24 31.7
    endloop
  endfacet
  facet normal 0 0 1
    outer loop
      vertex 62.15 6.10352e-07 31.7
      vertex 79.48 2.4 31.7
      vertex 62.15 2.4 31.7
    endloop
  endfacet
  facet normal 0 0 1
    outer loop
      vertex 79.48 2.4 31.7
      vertex 62.15 6.10352e-07 31.7
      vertex 81.88 6.10352e-07 31.7
    endloop
  endfacet
  facet normal 0 1 -0
    outer loop
      vertex 18.4 63.64 4.4
      vertex 13.9 63.64 8.4
      vertex 18.4 63.64 8.4
    endloop
  endfacet
  facet normal 0 1 0
    outer loop
      vertex 13.9 63.64 8.4
      vertex 18.4 63.64 4.4
      vertex 13.9 63.64 4.4
    endloop
  endfacet
  facet normal 0 1 -0
    outer loop
      vertex 26.4 63.64 4.4
      vertex 21.9 63.64 8.4
      vertex 26.4 63.64 8.4
    endloop
  endfacet
  facet normal 0 1 0
    outer loop
      vertex 21.9 63.64 8.4
      vertex 26.4 63.64 4.4
      vertex 21.9 63.64 4.4
    endloop
  endfacet
  facet normal 0 1 -0
    outer loop
      vertex 34.4 63.64 4.4
      vertex 29.9 63.64 8.4
      vertex 34.4 63.64 8.4
    endloop
  endfacet
  facet normal 0 1 0
    outer loop
      vertex 29.9 63.64 8.4
      vertex 34.4 63.64 4.4
      vertex 29.9 63.64 4.4
    endloop
  endfacet
  facet normal 0 1 -0
    outer loop
      vertex 42.4 63.64 4.4
      vertex 37.9 63.64 8.4
      vertex 42.4 63.64 8.4
    endloop
  endfacet
  facet normal 0 1 0
    outer loop
      vertex 37.9 63.64 8.4
      vertex 42.4 63.64 4.4
      vertex 37.9 63.64 4.4
    endloop
  endfacet
  facet normal 0 1 -0
    outer loop
      vertex 50.4 63.64 4.4
      vertex 45.9 63.64 8.4
      vertex 50.4 63.64 8.4
    endloop
  endfacet
  facet normal 0 1 0
    outer loop
      vertex 45.9 63.64 8.4
      vertex 50.4 63.64 4.4
      vertex 45.9 63.64 4.4
    endloop
  endfacet
  facet normal 0 1 -0
    outer loop
      vertex 58.4 63.64 4.4
      vertex 53.9 63.64 8.4
      vertex 58.4 63.64 8.4
    endloop
  endfacet
  facet normal 0 1 0
    outer loop
      vertex 53.9 63.64 8.4
      vertex 58.4 63.64 4.4
      vertex 53.9 63.64 4.4
    endloop
  endfacet
  facet normal 0 1 -0
    outer loop
      vertex 66.4 63.64 4.4
      vertex 61.9 63.64 8.4
      vertex 66.4 63.64 8.4
    endloop
  endfacet
  facet normal 0 1 0
    outer loop
      vertex 61.9 63.64 8.4
      vertex 66.4 63.64 4.4
      vertex 61.9 63.64 4.4
    endloop
  endfacet
  facet normal 0 1 0
    outer loop
      vertex 45.9 63.64 8.4
      vertex 52.4 63.64 18.9
      vertex 52.4 63.64 12.9
    endloop
  endfacet
  facet normal 0 1 0
    outer loop
      vertex 52.4 63.64 18.9
      vertex 42.4 63.64 8.4
      vertex 34.4 63.64 18.9
    endloop
  endfacet
  facet normal 0 1 -0
    outer loop
      vertex 67.3068 63.64 30.9923
      vertex 62.15 63.64 31.7
      vertex 81.88 63.64 31.7
    endloop
  endfacet
  facet normal 0 1 0
    outer loop
      vertex 62.15 63.64 31.7
      vertex 67.3068 63.64 30.9923
      vertex 67.15 63.64 31
    endloop
  endfacet
  facet normal 0 1 0
    outer loop
      vertex 81.88 63.64 31.7
      vertex 67.4621 63.64 30.9693
      vertex 67.3068 63.64 30.9923
    endloop
  endfacet
  facet normal 0 1 0
    outer loop
      vertex 81.88 63.64 31.7
      vertex 67.6145 63.64 30.9311
      vertex 67.4621 63.64 30.9693
    endloop
  endfacet
  facet normal 0 1 0
    outer loop
      vertex 81.88 63.64 31.7
      vertex 67.7623 63.64 30.8782
      vertex 67.6145 63.64 30.9311
    endloop
  endfacet
  facet normal 0 1 0
    outer loop
      vertex 81.88 63.64 31.7
      vertex 67.9042 63.64 30.8111
      vertex 67.7623 63.64 30.8782
    endloop
  endfacet
  facet normal 0 1 0
    outer loop
      vertex 81.88 63.64 31.7
      vertex 68.0389 63.64 30.7304
      vertex 67.9042 63.64 30.8111
    endloop
  endfacet
  facet normal 0 1 0
    outer loop
      vertex 81.88 63.64 31.7
      vertex 68.165 63.64 30.6368
      vertex 68.0389 63.64 30.7304
    endloop
  endfacet
  facet normal 0 1 0
    outer loop
      vertex 81.88 63.64 31.7
      vertex 68.2814 63.64 30.5314
      vertex 68.165 63.64 30.6368
    endloop
  endfacet
  facet normal 0 1 0
    outer loop
      vertex 81.88 63.64 31.7
      vertex 68.3868 63.64 30.415
      vertex 68.2814 63.64 30.5314
    endloop
  endfacet
  facet normal 0 1 0
    outer loop
      vertex 81.88 63.64 31.7
      vertex 68.4803 63.64 30.2889
      vertex 68.3868 63.64 30.415
    endloop
  endfacet
  facet normal 0 1 0
    outer loop
      vertex 81.88 63.64 31.7
      vertex 68.5611 63.64 30.1542
      vertex 68.4803 63.64 30.2889
    endloop
  endfacet
  facet normal 0 1 0
    outer loop
      vertex 81.88 63.64 31.7
      vertex 68.6282 63.64 30.0123
      vertex 68.5611 63.64 30.1542
    endloop
  endfacet
  facet normal 0 1 0
    outer loop
      vertex 81.88 63.64 31.7
      vertex 68.6811 63.64 29.8645
      vertex 68.6282 63.64 30.0123
    endloop
  endfacet
  facet normal 0 1 0
    outer loop
      vertex 81.88 63.64 31.7
      vertex 68.7193 63.64 29.7121
      vertex 68.6811 63.64 29.8645
    endloop
  endfacet
  facet normal 0 1 0
    outer loop
      vertex 81.88 63.64 31.7
      vertex 68.7423 63.64 29.5568
      vertex 68.7193 63.64 29.7121
    endloop
  endfacet
  facet normal 0 1 0
    outer loop
      vertex 81.88 63.64 31.7
      vertex 68.75 63.64 29.4
      vertex 68.7423 63.64 29.5568
    endloop
  endfacet
  facet normal 0 1 0
    outer loop
      vertex 81.88 63.64 31.7
      vertex 68.7423 63.64 29.2432
      vertex 68.75 63.64 29.4
    endloop
  endfacet
  facet normal 0 1 0
    outer loop
      vertex 81.88 63.64 31.7
      vertex 68.7193 63.64 29.0879
      vertex 68.7423 63.64 29.2432
    endloop
  endfacet
  facet normal 0 1 0
    outer loop
      vertex 81.88 63.64 31.7
      vertex 68.6811 63.64 28.9355
      vertex 68.7193 63.64 29.0879
    endloop
  endfacet
  facet normal 0 1 0
    outer loop
      vertex 81.88 63.64 31.7
      vertex 68.6282 63.64 28.7877
      vertex 68.6811 63.64 28.9355
    endloop
  endfacet
  facet normal 0 1 0
    outer loop
      vertex 81.88 63.64 31.7
      vertex 68.5611 63.64 28.6458
      vertex 68.6282 63.64 28.7877
    endloop
  endfacet
  facet normal 0 1 0
    outer loop
      vertex 81.88 63.64 31.7
      vertex 68.4803 63.64 28.5111
      vertex 68.5611 63.64 28.6458
    endloop
  endfacet
  facet normal 0 1 0
    outer loop
      vertex 81.88 63.64 31.7
      vertex 68.3868 63.64 28.385
      vertex 68.4803 63.64 28.5111
    endloop
  endfacet
  facet normal 0 1 0
    outer loop
      vertex 81.88 63.64 31.7
      vertex 68.2814 63.64 28.2686
      vertex 68.3868 63.64 28.385
    endloop
  endfacet
  facet normal 0 1 -0
    outer loop
      vertex 69.9 63.64 8.4
      vertex 68.2814 63.64 28.2686
      vertex 81.88 63.64 31.7
    endloop
  endfacet
  facet normal 0 1 0
    outer loop
      vertex 68.2814 63.64 28.2686
      vertex 69.9 63.64 8.4
      vertex 68.165 63.64 28.1632
    endloop
  endfacet
  facet normal 0 1 0
    outer loop
      vertex 68.165 63.64 28.1632
      vertex 69.9 63.64 8.4
      vertex 68.0389 63.64 28.0696
    endloop
  endfacet
  facet normal 0 1 0
    outer loop
      vertex 68.0389 63.64 28.0696
      vertex 69.9 63.64 8.4
      vertex 67.9042 63.64 27.9889
    endloop
  endfacet
  facet normal 0 1 0
    outer loop
      vertex 67.9042 63.64 27.9889
      vertex 69.9 63.64 8.4
      vertex 67.7623 63.64 27.9218
    endloop
  endfacet
  facet normal 0 1 0
    outer loop
      vertex 67.3068 63.64 27.8077
      vertex 62.15 63.64 20.9
      vertex 67.15 63.64 27.8
    endloop
  endfacet
  facet normal 0 1 0
    outer loop
      vertex 67.4621 63.64 27.8307
      vertex 62.15 63.64 20.9
      vertex 67.3068 63.64 27.8077
    endloop
  endfacet
  facet normal 0 1 0
    outer loop
      vertex 67.6145 63.64 27.8689
      vertex 62.15 63.64 20.9
      vertex 67.4621 63.64 27.8307
    endloop
  endfacet
  facet normal -0 1 0
    outer loop
      vertex 62.15 63.64 20.9
      vertex 67.7623 63.64 27.9218
      vertex 69.9 63.64 8.4
    endloop
  endfacet
  facet normal 0 1 0
    outer loop
      vertex 52.4 63.64 18.9
      vertex 62.15 63.64 20.9
      vertex 56.4 63.64 18.9
    endloop
  endfacet
  facet normal 0 1 0
    outer loop
      vertex 62.15 63.64 20.9
      vertex 56.4 63.64 12.9
      vertex 56.4 63.64 18.9
    endloop
  endfacet
  facet normal 0 1 0
    outer loop
      vertex 67.7623 63.64 27.9218
      vertex 62.15 63.64 20.9
      vertex 67.6145 63.64 27.8689
    endloop
  endfacet
  facet normal 0 1 -0
    outer loop
      vertex 53.9 63.64 8.4
      vertex 52.4 63.64 12.9
      vertex 56.4 63.64 12.9
    endloop
  endfacet
  facet normal 0 1 0
    outer loop
      vertex 52.4 63.64 18.9
      vertex 45.9 63.64 8.4
      vertex 42.4 63.64 8.4
    endloop
  endfacet
  facet normal 0 1 0
    outer loop
      vertex 61.9 63.64 8.4
      vertex 62.15 63.64 20.9
      vertex 66.4 63.64 8.4
    endloop
  endfacet
  facet normal 0 1 0
    outer loop
      vertex 62.15 63.64 20.9
      vertex 69.9 63.64 8.4
      vertex 66.4 63.64 8.4
    endloop
  endfacet
  facet normal 0 1 -0
    outer loop
      vertex 81.88 63.64 3.8147e-07
      vertex 69.9 63.64 8.4
      vertex 81.88 63.64 31.7
    endloop
  endfacet
  facet normal 0 1 0
    outer loop
      vertex 81.88 63.64 3.8147e-07
      vertex 66.4 63.64 4.4
      vertex 69.9 63.64 4.4
    endloop
  endfacet
  facet normal 0 1 0
    outer loop
      vertex 66.4 63.64 4.4
      vertex 81.88 63.64 3.8147e-07
      vertex 61.9 63.64 4.4
    endloop
  endfacet
  facet normal 0 1 0
    outer loop
      vertex 61.9 63.64 4.4
      vertex 81.88 63.64 3.8147e-07
      vertex 58.4 63.64 4.4
    endloop
  endfacet
  facet normal 0 1 0
    outer loop
      vertex 58.4 63.64 4.4
      vertex 81.88 63.64 3.8147e-07
      vertex 53.9 63.64 4.4
    endloop
  endfacet
  facet normal 0 1 0
    outer loop
      vertex 53.9 63.64 4.4
      vertex 81.88 63.64 3.8147e-07
      vertex 50.4 63.64 4.4
    endloop
  endfacet
  facet normal 0 1 0
    outer loop
      vertex 50.4 63.64 4.4
      vertex 81.88 63.64 3.8147e-07
      vertex 45.9 63.64 4.4
    endloop
  endfacet
  facet normal 0 1 0
    outer loop
      vertex 45.9 63.64 4.4
      vertex 81.88 63.64 3.8147e-07
      vertex 42.4 63.64 4.4
    endloop
  endfacet
  facet normal 0 1 0
    outer loop
      vertex 42.4 63.64 4.4
      vertex 81.88 63.64 3.8147e-07
      vertex 37.9 63.64 4.4
    endloop
  endfacet
  facet normal 0 1 0
    outer loop
      vertex 0 63.64 3.8147e-07
      vertex 37.9 63.64 4.4
      vertex 81.88 63.64 3.8147e-07
    endloop
  endfacet
  facet normal 0 1 0
    outer loop
      vertex 37.9 63.64 4.4
      vertex 0 63.64 3.8147e-07
      vertex 34.4 63.64 4.4
    endloop
  endfacet
  facet normal 0 1 0
    outer loop
      vertex 34.4 63.64 4.4
      vertex 0 63.64 3.8147e-07
      vertex 29.9 63.64 4.4
    endloop
  endfacet
  facet normal 0 1 0
    outer loop
      vertex 29.9 63.64 4.4
      vertex 0 63.64 3.8147e-07
      vertex 26.4 63.64 4.4
    endloop
  endfacet
  facet normal 0 1 0
    outer loop
      vertex 26.4 63.64 4.4
      vertex 0 63.64 3.8147e-07
      vertex 21.9 63.64 4.4
    endloop
  endfacet
  facet normal 0 1 0
    outer loop
      vertex 21.9 63.64 4.4
      vertex 0 63.64 3.8147e-07
      vertex 18.4 63.64 4.4
    endloop
  endfacet
  facet normal 0 1 0
    outer loop
      vertex 18.4 63.64 4.4
      vertex 0 63.64 3.8147e-07
      vertex 13.9 63.64 4.4
    endloop
  endfacet
  facet normal 0 1 0
    outer loop
      vertex 69.9 63.64 8.4
      vertex 81.88 63.64 3.8147e-07
      vertex 69.9 63.64 4.4
    endloop
  endfacet
  facet normal 0 1 -0
    outer loop
      vertex 66.9932 63.64 30.9923
      vertex 62.15 63.64 31.7
      vertex 67.15 63.64 31
    endloop
  endfacet
  facet normal 0 1 -0
    outer loop
      vertex 66.8379 63.64 30.9693
      vertex 62.15 63.64 31.7
      vertex 66.9932 63.64 30.9923
    endloop
  endfacet
  facet normal 0 1 -0
    outer loop
      vertex 66.6855 63.64 30.9311
      vertex 62.15 63.64 31.7
      vertex 66.8379 63.64 30.9693
    endloop
  endfacet
  facet normal 0 1 -0
    outer loop
      vertex 66.5377 63.64 30.8782
      vertex 62.15 63.64 31.7
      vertex 66.6855 63.64 30.9311
    endloop
  endfacet
  facet normal 0 1 -0
    outer loop
      vertex 66.3958 63.64 30.8111
      vertex 62.15 63.64 31.7
      vertex 66.5377 63.64 30.8782
    endloop
  endfacet
  facet normal 0 1 -0
    outer loop
      vertex 66.2611 63.64 30.7304
      vertex 62.15 63.64 31.7
      vertex 66.3958 63.64 30.8111
    endloop
  endfacet
  facet normal 0 1 -0
    outer loop
      vertex 66.135 63.64 30.6368
      vertex 62.15 63.64 31.7
      vertex 66.2611 63.64 30.7304
    endloop
  endfacet
  facet normal 0 1 -0
    outer loop
      vertex 66.0186 63.64 30.5314
      vertex 62.15 63.64 31.7
      vertex 66.135 63.64 30.6368
    endloop
  endfacet
  facet normal 0 1 -0
    outer loop
      vertex 65.9132 63.64 30.415
      vertex 62.15 63.64 31.7
      vertex 66.0186 63.64 30.5314
    endloop
  endfacet
  facet normal 0 1 -0
    outer loop
      vertex 65.8196 63.64 30.2889
      vertex 62.15 63.64 31.7
      vertex 65.9132 63.64 30.415
    endloop
  endfacet
  facet normal 0 1 -0
    outer loop
      vertex 65.7389 63.64 30.1542
      vertex 62.15 63.64 31.7
      vertex 65.8196 63.64 30.2889
    endloop
  endfacet
  facet normal 0 1 -0
    outer loop
      vertex 65.6718 63.64 30.0123
      vertex 62.15 63.64 31.7
      vertex 65.7389 63.64 30.1542
    endloop
  endfacet
  facet normal 0 1 -0
    outer loop
      vertex 65.6189 63.64 29.8645
      vertex 62.15 63.64 31.7
      vertex 65.6718 63.64 30.0123
    endloop
  endfacet
  facet normal 0 1 -0
    outer loop
      vertex 65.5807 63.64 29.7121
      vertex 62.15 63.64 31.7
      vertex 65.6189 63.64 29.8645
    endloop
  endfacet
  facet normal 0 1 -0
    outer loop
      vertex 65.5577 63.64 29.5568
      vertex 62.15 63.64 31.7
      vertex 65.5807 63.64 29.7121
    endloop
  endfacet
  facet normal 0 1 -0
    outer loop
      vertex 65.55 63.64 29.4
      vertex 62.15 63.64 31.7
      vertex 65.5577 63.64 29.5568
    endloop
  endfacet
  facet normal 0 1 0
    outer loop
      vertex 65.5577 63.64 29.2432
      vertex 62.15 63.64 31.7
      vertex 65.55 63.64 29.4
    endloop
  endfacet
  facet normal 0 1 0
    outer loop
      vertex 65.5807 63.64 29.0879
      vertex 62.15 63.64 31.7
      vertex 65.5577 63.64 29.2432
    endloop
  endfacet
  facet normal 0 1 0
    outer loop
      vertex 65.6189 63.64 28.9355
      vertex 62.15 63.64 31.7
      vertex 65.5807 63.64 29.0879
    endloop
  endfacet
  facet normal 0 1 0
    outer loop
      vertex 65.6718 63.64 28.7877
      vertex 62.15 63.64 31.7
      vertex 65.6189 63.64 28.9355
    endloop
  endfacet
  facet normal 0 1 0
    outer loop
      vertex 65.7389 63.64 28.6458
      vertex 62.15 63.64 31.7
      vertex 65.6718 63.64 28.7877
    endloop
  endfacet
  facet normal 0 1 0
    outer loop
      vertex 62.15 63.64 20.9
      vertex 65.7389 63.64 28.6458
      vertex 65.8196 63.64 28.5111
    endloop
  endfacet
  facet normal 0 1 0
    outer loop
      vertex 62.15 63.64 20.9
      vertex 65.8196 63.64 28.5111
      vertex 65.9132 63.64 28.385
    endloop
  endfacet
  facet normal 0 1 0
    outer loop
      vertex 62.15 63.64 20.9
      vertex 65.9132 63.64 28.385
      vertex 66.0186 63.64 28.2686
    endloop
  endfacet
  facet normal 0 1 0
    outer loop
      vertex 62.15 63.64 20.9
      vertex 66.0186 63.64 28.2686
      vertex 66.135 63.64 28.1632
    endloop
  endfacet
  facet normal 0 1 0
    outer loop
      vertex 65.7389 63.64 28.6458
      vertex 62.15 63.64 20.9
      vertex 62.15 63.64 31.7
    endloop
  endfacet
  facet normal 0 1 0
    outer loop
      vertex 66.2611 63.64 28.0696
      vertex 62.15 63.64 20.9
      vertex 66.135 63.64 28.1632
    endloop
  endfacet
  facet normal 0 1 0
    outer loop
      vertex 66.3958 63.64 27.9889
      vertex 62.15 63.64 20.9
      vertex 66.2611 63.64 28.0696
    endloop
  endfacet
  facet normal 0 1 0
    outer loop
      vertex 66.5377 63.64 27.9218
      vertex 62.15 63.64 20.9
      vertex 66.3958 63.64 27.9889
    endloop
  endfacet
  facet normal 0 1 0
    outer loop
      vertex 66.6855 63.64 27.8689
      vertex 62.15 63.64 20.9
      vertex 66.5377 63.64 27.9218
    endloop
  endfacet
  facet normal 0 1 0
    outer loop
      vertex 66.8379 63.64 27.8307
      vertex 62.15 63.64 20.9
      vertex 66.6855 63.64 27.8689
    endloop
  endfacet
  facet normal 0 1 0
    outer loop
      vertex 66.9932 63.64 27.8077
      vertex 62.15 63.64 20.9
      vertex 66.8379 63.64 27.8307
    endloop
  endfacet
  facet normal 0 1 0
    outer loop
      vertex 62.15 63.64 20.9
      vertex 66.9932 63.64 27.8077
      vertex 67.15 63.64 27.8
    endloop
  endfacet
  facet normal 0 1 -0
    outer loop
      vertex 14.15 63.64 20.9
      vertex 0 63.64 31.7
      vertex 14.15 63.64 31.7
    endloop
  endfacet
  facet normal 0 1 0
    outer loop
      vertex 34.4 63.64 18.9
      vertex 62.15 63.64 20.9
      vertex 52.4 63.64 18.9
    endloop
  endfacet
  facet normal 0 1 0
    outer loop
      vertex 62.15 63.64 20.9
      vertex 34.4 63.64 18.9
      vertex 14.15 63.64 20.9
    endloop
  endfacet
  facet normal 0 1 -0
    outer loop
      vertex 30.4 63.64 18.9
      vertex 14.15 63.64 20.9
      vertex 34.4 63.64 18.9
    endloop
  endfacet
  facet normal 0 1 0
    outer loop
      vertex 21.9 63.64 8.4
      vertex 30.4 63.64 18.9
      vertex 30.4 63.64 12.9
    endloop
  endfacet
  facet normal 0 1 0
    outer loop
      vertex 62.15 63.64 20.9
      vertex 61.9 63.64 8.4
      vertex 56.4 63.64 12.9
    endloop
  endfacet
  facet normal 0 1 -0
    outer loop
      vertex 58.4 63.64 8.4
      vertex 56.4 63.64 12.9
      vertex 61.9 63.64 8.4
    endloop
  endfacet
  facet normal 0 1 0
    outer loop
      vertex 53.9 63.64 8.4
      vertex 56.4 63.64 12.9
      vertex 58.4 63.64 8.4
    endloop
  endfacet
  facet normal 0 1 0
    outer loop
      vertex 52.4 63.64 12.9
      vertex 53.9 63.64 8.4
      vertex 50.4 63.64 8.4
    endloop
  endfacet
  facet normal 0 1 0
    outer loop
      vertex 52.4 63.64 12.9
      vertex 50.4 63.64 8.4
      vertex 45.9 63.64 8.4
    endloop
  endfacet
  facet normal 0 1 0
    outer loop
      vertex 34.4 63.64 18.9
      vertex 42.4 63.64 8.4
      vertex 34.4 63.64 12.9
    endloop
  endfacet
  facet normal 0 1 -0
    outer loop
      vertex 37.9 63.64 8.4
      vertex 34.4 63.64 12.9
      vertex 42.4 63.64 8.4
    endloop
  endfacet
  facet normal 0 1 0
    outer loop
      vertex 34.4 63.64 8.4
      vertex 34.4 63.64 12.9
      vertex 37.9 63.64 8.4
    endloop
  endfacet
  facet normal 0 1 0
    outer loop
      vertex 34.4 63.64 12.9
      vertex 34.4 63.64 8.4
      vertex 30.4 63.64 12.9
    endloop
  endfacet
  facet normal 0 1 0
    outer loop
      vertex 29.9 63.64 8.4
      vertex 30.4 63.64 12.9
      vertex 34.4 63.64 8.4
    endloop
  endfacet
  facet normal 0 1 0
    outer loop
      vertex 26.4 63.64 8.4
      vertex 30.4 63.64 12.9
      vertex 29.9 63.64 8.4
    endloop
  endfacet
  facet normal 0 1 0
    outer loop
      vertex 21.9 63.64 8.4
      vertex 30.4 63.64 12.9
      vertex 26.4 63.64 8.4
    endloop
  endfacet
  facet normal 0 1 0
    outer loop
      vertex 30.4 63.64 18.9
      vertex 21.9 63.64 8.4
      vertex 14.15 63.64 20.9
    endloop
  endfacet
  facet normal 0 1 -0
    outer loop
      vertex 18.4 63.64 8.4
      vertex 14.15 63.64 20.9
      vertex 21.9 63.64 8.4
    endloop
  endfacet
  facet normal 0 1 0
    outer loop
      vertex 13.9 63.64 8.4
      vertex 14.15 63.64 20.9
      vertex 18.4 63.64 8.4
    endloop
  endfacet
  facet normal 0 1 0
    outer loop
      vertex 10.4 63.64 8.4
      vertex 14.15 63.64 20.9
      vertex 13.9 63.64 8.4
    endloop
  endfacet
  facet normal 0 1 0
    outer loop
      vertex 14.15 63.64 20.9
      vertex 10.4 63.64 8.4
      vertex 0 63.64 31.7
    endloop
  endfacet
  facet normal 0 1 0
    outer loop
      vertex 0 63.64 3.8147e-07
      vertex 10.4 63.64 8.4
      vertex 10.4 63.64 4.4
    endloop
  endfacet
  facet normal 0 1 0
    outer loop
      vertex 10.4 63.64 8.4
      vertex 0 63.64 3.8147e-07
      vertex 0 63.64 31.7
    endloop
  endfacet
  facet normal 0 1 0
    outer loop
      vertex 13.9 63.64 4.4
      vertex 0 63.64 3.8147e-07
      vertex 10.4 63.64 4.4
    endloop
  endfacet
  facet normal 1 0 0
    outer loop
      vertex 2.4 56.09 27.1
      vertex 2.4 61.24 31.7
      vertex 2.4 56.09 29.9
    endloop
  endfacet
  facet normal 1 0 0
    outer loop
      vertex 2.4 61.24 31.7
      vertex 2.4 50.89 29.9
      vertex 2.4 56.09 29.9
    endloop
  endfacet
  facet normal 1 0 0
    outer loop
      vertex 2.4 50.89 29.9
      vertex 2.4 33.49 21.9
      vertex 2.4 50.89 27.1
    endloop
  endfacet
  facet normal 1 -0 0
    outer loop
      vertex 2.4 11.09 29.9
      vertex 2.4 33.49 21.9
      vertex 2.4 50.89 29.9
    endloop
  endfacet
  facet normal 1 -0 0
    outer loop
      vertex 2.4 11.09 27.1
      vertex 2.4 13.49 21.9
      vertex 2.4 11.09 29.9
    endloop
  endfacet
  facet normal 1 0 0
    outer loop
      vertex 2.4 33.49 21.9
      vertex 2.4 11.09 29.9
      vertex 2.4 13.49 21.9
    endloop
  endfacet
  facet normal 1 -0 0
    outer loop
      vertex 2.4 2.4 31.7
      vertex 2.4 50.89 29.9
      vertex 2.4 61.24 31.7
    endloop
  endfacet
  facet normal 1 0 0
    outer loop
      vertex 2.4 50.89 29.9
      vertex 2.4 2.4 31.7
      vertex 2.4 11.09 29.9
    endloop
  endfacet
  facet normal 1 0 0
    outer loop
      vertex 2.4 5.89 29.9
      vertex 2.4 2.4 31.7
      vertex 2.4 5.89 27.1
    endloop
  endfacet
  facet normal 1 0 0
    outer loop
      vertex 2.4 11.09 29.9
      vertex 2.4 2.4 31.7
      vertex 2.4 5.89 29.9
    endloop
  endfacet
  facet normal 1 0 0
    outer loop
      vertex 2.4 61.24 31.7
      vertex 2.4 56.09 27.1
      vertex 2.4 61.24 2.4
    endloop
  endfacet
  facet normal 1 -0 0
    outer loop
      vertex 2.4 50.89 27.1
      vertex 2.4 61.24 2.4
      vertex 2.4 56.09 27.1
    endloop
  endfacet
  facet normal 1 0 0
    outer loop
      vertex 2.4 33.49 6.4
      vertex 2.4 50.89 27.1
      vertex 2.4 33.49 21.9
    endloop
  endfacet
  facet normal 1 0 0
    outer loop
      vertex 2.4 50.89 27.1
      vertex 2.4 33.49 6.4
      vertex 2.4 61.24 2.4
    endloop
  endfacet
  facet normal 1 0 0
    outer loop
      vertex 2.4 2.4 2.4
      vertex 2.4 33.49 6.4
      vertex 2.4 13.49 6.4
    endloop
  endfacet
  facet normal 1 -0 0
    outer loop
      vertex 2.4 5.89 27.1
      vertex 2.4 13.49 21.9
      vertex 2.4 11.09 27.1
    endloop
  endfacet
  facet normal 1 0 0
    outer loop
      vertex 2.4 2.4 2.4
      vertex 2.4 13.49 21.9
      vertex 2.4 5.89 27.1
    endloop
  endfacet
  facet normal 1 0 0
    outer loop
      vertex 2.4 2.4 2.4
      vertex 2.4 5.89 27.1
      vertex 2.4 2.4 31.7
    endloop
  endfacet
  facet normal 1 0 0
    outer loop
      vertex 2.4 33.49 6.4
      vertex 2.4 2.4 2.4
      vertex 2.4 61.24 2.4
    endloop
  endfacet
  facet normal 1 0 0
    outer loop
      vertex 2.4 13.49 21.9
      vertex 2.4 2.4 2.4
      vertex 2.4 13.49 6.4
    endloop
  endfacet
  facet normal 0 0 1
    outer loop
      vertex 10.15 5.72268 2.4
      vertex 9.73658 5.8706 2.4
      vertex 10.15 4.49 2.4
    endloop
  endfacet
  facet normal 0 0 1
    outer loop
      vertex 17.55 10.49 2.4
      vertex 16.6259 10.9801 2.4
      vertex 16.65 10.49 2.4
    endloop
  endfacet
  facet normal 0 0 1
    outer loop
      vertex 17.55 18.49 2.4
      vertex 16.5539 11.4655 2.4
      vertex 16.6259 10.9801 2.4
    endloop
  endfacet
  facet normal 0 0 1
    outer loop
      vertex 2.4 61.24 2.4
      vertex 16.6506 54.6301 2.4
      vertex 16.5331 54.8785 2.4
    endloop
  endfacet
  facet normal 0 0 1
    outer loop
      vertex 2.4 61.24 2.4
      vertex 16.5331 54.8785 2.4
      vertex 16.4406 55.1372 2.4
    endloop
  endfacet
  facet normal 0 0 1
    outer loop
      vertex 17.55 18.49 2.4
      vertex 16.4347 11.9414 2.4
      vertex 16.5539 11.4655 2.4
    endloop
  endfacet
  facet normal 0 0 1
    outer loop
      vertex 2.4 61.24 2.4
      vertex 16.4406 55.1372 2.4
      vertex 16.3738 55.4037 2.4
    endloop
  endfacet
  facet normal 0 0 1
    outer loop
      vertex 2.4 61.24 2.4
      vertex 16.3738 55.4037 2.4
      vertex 16.3335 55.6756 2.4
    endloop
  endfacet
  facet normal 0 0 1
    outer loop
      vertex 2.4 61.24 2.4
      vertex 16.3335 55.6756 2.4
      vertex 16.32 55.95 2.4
    endloop
  endfacet
  facet normal 0 0 1
    outer loop
      vertex 17.55 18.49 2.4
      vertex 16.2694 12.4034 2.4
      vertex 16.4347 11.9414 2.4
    endloop
  endfacet
  facet normal 0 0 1
    outer loop
      vertex 23.19 10.49 2.4
      vertex 23.1765 5.96445 2.4
      vertex 23.19 5.69 2.4
    endloop
  endfacet
  facet normal 0 0 1
    outer loop
      vertex 23.19 10.49 2.4
      vertex 23.1362 6.23625 2.4
      vertex 23.1765 5.96445 2.4
    endloop
  endfacet
  facet normal 0 0 1
    outer loop
      vertex 23.19 10.49 2.4
      vertex 23.0694 6.5028 2.4
      vertex 23.1362 6.23625 2.4
    endloop
  endfacet
  facet normal 0 0 1
    outer loop
      vertex 23.19 10.49 2.4
      vertex 22.9769 6.76151 2.4
      vertex 23.0694 6.5028 2.4
    endloop
  endfacet
  facet normal 0 0 1
    outer loop
      vertex 23.19 10.49 2.4
      vertex 22.8594 7.00991 2.4
      vertex 22.9769 6.76151 2.4
    endloop
  endfacet
  facet normal 0 0 1
    outer loop
      vertex 23.19 10.49 2.4
      vertex 22.7181 7.2456 2.4
      vertex 22.8594 7.00991 2.4
    endloop
  endfacet
  facet normal 0 0 1
    outer loop
      vertex 23.19 10.49 2.4
      vertex 22.5544 7.4663 2.4
      vertex 22.7181 7.2456 2.4
    endloop
  endfacet
  facet normal 0 0 1
    outer loop
      vertex 23.19 10.49 2.4
      vertex 22.3699 7.6699 2.4
      vertex 22.5544 7.4663 2.4
    endloop
  endfacet
  facet normal 0 0 1
    outer loop
      vertex 23.19 10.49 2.4
      vertex 22.1663 7.85443 2.4
      vertex 22.3699 7.6699 2.4
    endloop
  endfacet
  facet normal 0 0 1
    outer loop
      vertex 23.19 10.49 2.4
      vertex 21.9456 8.01812 2.4
      vertex 22.1663 7.85443 2.4
    endloop
  endfacet
  facet normal 0 0 1
    outer loop
      vertex 23.19 10.49 2.4
      vertex 21.7099 8.15938 2.4
      vertex 21.9456 8.01812 2.4
    endloop
  endfacet
  facet normal 0 0 1
    outer loop
      vertex 23.19 10.49 2.4
      vertex 21.4615 8.27686 2.4
      vertex 21.7099 8.15938 2.4
    endloop
  endfacet
  facet normal 0 0 1
    outer loop
      vertex 23.19 10.49 2.4
      vertex 21.2028 8.36943 2.4
      vertex 21.4615 8.27686 2.4
    endloop
  endfacet
  facet normal 0 0 1
    outer loop
      vertex 23.19 10.49 2.4
      vertex 20.9363 8.4362 2.4
      vertex 21.2028 8.36943 2.4
    endloop
  endfacet
  facet normal 0 0 1
    outer loop
      vertex 23.19 10.49 2.4
      vertex 20.6644 8.47652 2.4
      vertex 20.9363 8.4362 2.4
    endloop
  endfacet
  facet normal 0 0 1
    outer loop
      vertex 23.19 10.49 2.4
      vertex 20.39 8.49 2.4
      vertex 20.6644 8.47652 2.4
    endloop
  endfacet
  facet normal -0 0 1
    outer loop
      vertex 17.55 10.49 2.4
      vertex 20.39 8.49 2.4
      vertex 23.19 10.49 2.4
    endloop
  endfacet
  facet normal 0 0 1
    outer loop
      vertex 20.39 8.49 2.4
      vertex 17.55 10.49 2.4
      vertex 20.1156 8.47652 2.4
    endloop
  endfacet
  facet normal 0 0 1
    outer loop
      vertex 20.1156 8.47652 2.4
      vertex 17.55 10.49 2.4
      vertex 19.8437 8.4362 2.4
    endloop
  endfacet
  facet normal 0 0 1
    outer loop
      vertex 19.8437 8.4362 2.4
      vertex 17.55 10.49 2.4
      vertex 19.5772 8.36943 2.4
    endloop
  endfacet
  facet normal 0 0 1
    outer loop
      vertex 19.5772 8.36943 2.4
      vertex 17.55 10.49 2.4
      vertex 19.3185 8.27686 2.4
    endloop
  endfacet
  facet normal 0 0 1
    outer loop
      vertex 17.8031 6.76151 2.4
      vertex 16.15 8.32414 2.4
      vertex 17.7106 6.5028 2.4
    endloop
  endfacet
  facet normal 0 0 1
    outer loop
      vertex 17.9206 7.00991 2.4
      vertex 16.15 8.32414 2.4
      vertex 17.8031 6.76151 2.4
    endloop
  endfacet
  facet normal 0 0 1
    outer loop
      vertex 18.0619 7.2456 2.4
      vertex 16.15 8.32414 2.4
      vertex 17.9206 7.00991 2.4
    endloop
  endfacet
  facet normal -0 0 1
    outer loop
      vertex 16.15 8.32414 2.4
      vertex 18.0619 7.2456 2.4
      vertex 16.2694 8.57658 2.4
    endloop
  endfacet
  facet normal 0 0 1
    outer loop
      vertex 18.2256 7.4663 2.4
      vertex 16.2694 8.57658 2.4
      vertex 18.0619 7.2456 2.4
    endloop
  endfacet
  facet normal 0 0 1
    outer loop
      vertex 18.4101 7.6699 2.4
      vertex 16.2694 8.57658 2.4
      vertex 18.2256 7.4663 2.4
    endloop
  endfacet
  facet normal -0 0 1
    outer loop
      vertex 16.2694 8.57658 2.4
      vertex 18.4101 7.6699 2.4
      vertex 16.4347 9.03858 2.4
    endloop
  endfacet
  facet normal 0 0 1
    outer loop
      vertex 18.6137 7.85443 2.4
      vertex 16.4347 9.03858 2.4
      vertex 18.4101 7.6699 2.4
    endloop
  endfacet
  facet normal -0 0 1
    outer loop
      vertex 16.4347 9.03858 2.4
      vertex 18.6137 7.85443 2.4
      vertex 17.55 10.49 2.4
    endloop
  endfacet
  facet normal 0 0 1
    outer loop
      vertex 18.8344 8.01812 2.4
      vertex 17.55 10.49 2.4
      vertex 18.6137 7.85443 2.4
    endloop
  endfacet
  facet normal 0 0 1
    outer loop
      vertex 19.0701 8.15938 2.4
      vertex 17.55 10.49 2.4
      vertex 18.8344 8.01812 2.4
    endloop
  endfacet
  facet normal 0 0 1
    outer loop
      vertex 19.3185 8.27686 2.4
      vertex 17.55 10.49 2.4
      vertex 19.0701 8.15938 2.4
    endloop
  endfacet
  facet normal 0 0 1
    outer loop
      vertex 23.19 5.69 2.4
      vertex 23.1765 5.41555 2.4
      vertex 23.19 4.49 2.4
    endloop
  endfacet
  facet normal -0 0 1
    outer loop
      vertex 34.65 39.99 2.4
      vertex 63.65 38.59 2.4
      vertex 63.65 39.99 2.4
    endloop
  endfacet
  facet normal 0 0 1
    outer loop
      vertex 63.65 38.59 2.4
      vertex 34.65 39.99 2.4
      vertex 34.65 38.59 2.4
    endloop
  endfacet
  facet normal -0 0 1
    outer loop
      vertex 34.65 43.99 2.4
      vertex 63.65 42.59 2.4
      vertex 63.65 43.99 2.4
    endloop
  endfacet
  facet normal 0 0 1
    outer loop
      vertex 63.65 42.59 2.4
      vertex 34.65 43.99 2.4
      vertex 34.65 42.59 2.4
    endloop
  endfacet
  facet normal -0 0 1
    outer loop
      vertex 34.65 47.99 2.4
      vertex 63.65 46.59 2.4
      vertex 63.65 47.99 2.4
    endloop
  endfacet
  facet normal 0 0 1
    outer loop
      vertex 63.65 46.59 2.4
      vertex 34.65 47.99 2.4
      vertex 34.65 46.59 2.4
    endloop
  endfacet
  facet normal 0 0 1
    outer loop
      vertex 68.4035 23.2044 2.4
      vertex 67.35 25.69 2.4
      vertex 68.39 22.93 2.4
    endloop
  endfacet
  facet normal 0 0 1
    outer loop
      vertex 68.4438 23.4763 2.4
      vertex 67.35 25.69 2.4
      vertex 68.4035 23.2044 2.4
    endloop
  endfacet
  facet normal 0 0 1
    outer loop
      vertex 68.5106 23.7428 2.4
      vertex 67.35 25.69 2.4
      vertex 68.4438 23.4763 2.4
    endloop
  endfacet
  facet normal 0 0 1
    outer loop
      vertex 68.6031 24.0015 2.4
      vertex 67.35 25.69 2.4
      vertex 68.5106 23.7428 2.4
    endloop
  endfacet
  facet normal 0 0 1
    outer loop
      vertex 68.7206 24.2499 2.4
      vertex 67.35 25.69 2.4
      vertex 68.6031 24.0015 2.4
    endloop
  endfacet
  facet normal 0 0 1
    outer loop
      vertex 68.8619 24.4856 2.4
      vertex 67.35 25.69 2.4
      vertex 68.7206 24.2499 2.4
    endloop
  endfacet
  facet normal 0 0 1
    outer loop
      vertex 69.0256 24.7063 2.4
      vertex 67.35 25.69 2.4
      vertex 68.8619 24.4856 2.4
    endloop
  endfacet
  facet normal 0 0 1
    outer loop
      vertex 69.2101 24.9099 2.4
      vertex 67.35 25.69 2.4
      vertex 69.0256 24.7063 2.4
    endloop
  endfacet
  facet normal 0 0 1
    outer loop
      vertex 69.4137 25.0944 2.4
      vertex 67.35 25.69 2.4
      vertex 69.2101 24.9099 2.4
    endloop
  endfacet
  facet normal 0 0 1
    outer loop
      vertex 69.6344 25.2581 2.4
      vertex 67.35 25.69 2.4
      vertex 69.4137 25.0944 2.4
    endloop
  endfacet
  facet normal 0 0 1
    outer loop
      vertex 69.8701 25.3994 2.4
      vertex 67.35 25.69 2.4
      vertex 69.6344 25.2581 2.4
    endloop
  endfacet
  facet normal 0 0 1
    outer loop
      vertex 70.1185 25.5169 2.4
      vertex 67.35 25.69 2.4
      vertex 69.8701 25.3994 2.4
    endloop
  endfacet
  facet normal 0 0 1
    outer loop
      vertex 70.3772 25.6094 2.4
      vertex 67.35 25.69 2.4
      vertex 70.1185 25.5169 2.4
    endloop
  endfacet
  facet normal 0 0 1
    outer loop
      vertex 70.6437 25.6762 2.4
      vertex 67.35 25.69 2.4
      vertex 70.3772 25.6094 2.4
    endloop
  endfacet
  facet normal -0 0 1
    outer loop
      vertex 67.35 25.69 2.4
      vertex 70.6437 25.6762 2.4
      vertex 70.7368 25.69 2.4
    endloop
  endfacet
  facet normal 0 0 1
    outer loop
      vertex 63.65 50.59 2.4
      vertex 68.39 50.87 2.4
      vertex 68.4035 51.1444 2.4
    endloop
  endfacet
  facet normal 0 0 1
    outer loop
      vertex 68.39 50.87 2.4
      vertex 63.65 47.99 2.4
      vertex 63.65 46.59 2.4
    endloop
  endfacet
  facet normal 0 0 1
    outer loop
      vertex 68.39 50.87 2.4
      vertex 63.65 50.59 2.4
      vertex 63.65 47.99 2.4
    endloop
  endfacet
  facet normal 0 0 1
    outer loop
      vertex 68.4438 51.4163 2.4
      vertex 63.65 50.59 2.4
      vertex 68.4035 51.1444 2.4
    endloop
  endfacet
  facet normal 0 0 1
    outer loop
      vertex 68.5106 51.6828 2.4
      vertex 63.65 50.59 2.4
      vertex 68.4438 51.4163 2.4
    endloop
  endfacet
  facet normal 0 0 1
    outer loop
      vertex 68.6031 51.9415 2.4
      vertex 63.65 50.59 2.4
      vertex 68.5106 51.6828 2.4
    endloop
  endfacet
  facet normal 0 0 1
    outer loop
      vertex 68.6261 51.99 2.4
      vertex 63.65 50.59 2.4
      vertex 68.6031 51.9415 2.4
    endloop
  endfacet
  facet normal 0 0 1
    outer loop
      vertex 68.6261 51.99 2.4
      vertex 34.65 50.59 2.4
      vertex 63.65 50.59 2.4
    endloop
  endfacet
  facet normal 0 0 1
    outer loop
      vertex 23.65 51.99 2.4
      vertex 34.65 47.99 2.4
      vertex 34.65 50.59 2.4
    endloop
  endfacet
  facet normal 0 0 1
    outer loop
      vertex 34.65 47.99 2.4
      vertex 23.65 51.99 2.4
      vertex 34.65 46.59 2.4
    endloop
  endfacet
  facet normal 0 0 1
    outer loop
      vertex 34.65 46.59 2.4
      vertex 23.65 51.99 2.4
      vertex 34.65 43.99 2.4
    endloop
  endfacet
  facet normal 0 0 1
    outer loop
      vertex 34.65 43.99 2.4
      vertex 23.65 51.99 2.4
      vertex 34.65 42.59 2.4
    endloop
  endfacet
  facet normal 0 0 1
    outer loop
      vertex 34.65 42.59 2.4
      vertex 23.65 51.99 2.4
      vertex 34.65 39.99 2.4
    endloop
  endfacet
  facet normal 0 0 1
    outer loop
      vertex 34.65 39.99 2.4
      vertex 23.65 51.99 2.4
      vertex 34.65 38.59 2.4
    endloop
  endfacet
  facet normal 0 0 1
    outer loop
      vertex 34.65 38.59 2.4
      vertex 23.65 51.99 2.4
      vertex 34.65 35.99 2.4
    endloop
  endfacet
  facet normal -0 0 1
    outer loop
      vertex 23.65 51.99 2.4
      vertex 34.65 50.59 2.4
      vertex 68.6261 51.99 2.4
    endloop
  endfacet
  facet normal 0 0 1
    outer loop
      vertex 17.55 18.49 2.4
      vertex 34.65 35.99 2.4
      vertex 23.65 51.99 2.4
    endloop
  endfacet
  facet normal -0 0 1
    outer loop
      vertex 21.9065 55.6756 2.4
      vertex 23.65 51.99 2.4
      vertex 21.92 55.95 2.4
    endloop
  endfacet
  facet normal -0 0 1
    outer loop
      vertex 21.8662 55.4037 2.4
      vertex 23.65 51.99 2.4
      vertex 21.9065 55.6756 2.4
    endloop
  endfacet
  facet normal -0 0 1
    outer loop
      vertex 21.7994 55.1372 2.4
      vertex 23.65 51.99 2.4
      vertex 21.8662 55.4037 2.4
    endloop
  endfacet
  facet normal -0 0 1
    outer loop
      vertex 21.7069 54.8785 2.4
      vertex 23.65 51.99 2.4
      vertex 21.7994 55.1372 2.4
    endloop
  endfacet
  facet normal -0 0 1
    outer loop
      vertex 21.5894 54.6301 2.4
      vertex 23.65 51.99 2.4
      vertex 21.7069 54.8785 2.4
    endloop
  endfacet
  facet normal -0 0 1
    outer loop
      vertex 21.4481 54.3944 2.4
      vertex 23.65 51.99 2.4
      vertex 21.5894 54.6301 2.4
    endloop
  endfacet
  facet normal -0 0 1
    outer loop
      vertex 21.2844 54.1737 2.4
      vertex 23.65 51.99 2.4
      vertex 21.4481 54.3944 2.4
    endloop
  endfacet
  facet normal -0 0 1
    outer loop
      vertex 21.0999 53.9701 2.4
      vertex 23.65 51.99 2.4
      vertex 21.2844 54.1737 2.4
    endloop
  endfacet
  facet normal -0 0 1
    outer loop
      vertex 20.8963 53.7856 2.4
      vertex 23.65 51.99 2.4
      vertex 21.0999 53.9701 2.4
    endloop
  endfacet
  facet normal -0 0 1
    outer loop
      vertex 20.6756 53.6219 2.4
      vertex 23.65 51.99 2.4
      vertex 20.8963 53.7856 2.4
    endloop
  endfacet
  facet normal -0 0 1
    outer loop
      vertex 20.4399 53.4806 2.4
      vertex 23.65 51.99 2.4
      vertex 20.6756 53.6219 2.4
    endloop
  endfacet
  facet normal -0 0 1
    outer loop
      vertex 20.1915 53.3631 2.4
      vertex 23.65 51.99 2.4
      vertex 20.4399 53.4806 2.4
    endloop
  endfacet
  facet normal -0 0 1
    outer loop
      vertex 19.9328 53.2706 2.4
      vertex 23.65 51.99 2.4
      vertex 20.1915 53.3631 2.4
    endloop
  endfacet
  facet normal -0 0 1
    outer loop
      vertex 19.6663 53.2038 2.4
      vertex 23.65 51.99 2.4
      vertex 19.9328 53.2706 2.4
    endloop
  endfacet
  facet normal -0 0 1
    outer loop
      vertex 19.3944 53.1635 2.4
      vertex 23.65 51.99 2.4
      vertex 19.6663 53.2038 2.4
    endloop
  endfacet
  facet normal -0 0 1
    outer loop
      vertex 19.12 53.15 2.4
      vertex 23.65 51.99 2.4
      vertex 19.3944 53.1635 2.4
    endloop
  endfacet
  facet normal 0 0 1
    outer loop
      vertex 18.8456 53.1635 2.4
      vertex 23.65 51.99 2.4
      vertex 19.12 53.15 2.4
    endloop
  endfacet
  facet normal 0 0 1
    outer loop
      vertex 23.65 51.99 2.4
      vertex 18.8456 53.1635 2.4
      vertex 17.55 18.49 2.4
    endloop
  endfacet
  facet normal 0 0 1
    outer loop
      vertex 17.55 18.49 2.4
      vertex 18.8456 53.1635 2.4
      vertex 18.5737 53.2038 2.4
    endloop
  endfacet
  facet normal 0 0 1
    outer loop
      vertex 17.55 18.49 2.4
      vertex 18.5737 53.2038 2.4
      vertex 18.3072 53.2706 2.4
    endloop
  endfacet
  facet normal 0 0 1
    outer loop
      vertex 17.55 18.49 2.4
      vertex 18.3072 53.2706 2.4
      vertex 18.0485 53.3631 2.4
    endloop
  endfacet
  facet normal 0 0 1
    outer loop
      vertex 17.55 18.49 2.4
      vertex 18.0485 53.3631 2.4
      vertex 17.8001 53.4806 2.4
    endloop
  endfacet
  facet normal 0 0 1
    outer loop
      vertex 17.55 18.49 2.4
      vertex 17.8001 53.4806 2.4
      vertex 17.5644 53.6219 2.4
    endloop
  endfacet
  facet normal 0 0 1
    outer loop
      vertex 34.65 35.99 2.4
      vertex 17.55 18.49 2.4
      vertex 33.85 18.49 2.4
    endloop
  endfacet
  facet normal 0 0 1
    outer loop
      vertex 10.6745 15.3939 2.4
      vertex 17.3437 53.7856 2.4
      vertex 17.1401 53.9701 2.4
    endloop
  endfacet
  facet normal 0 0 1
    outer loop
      vertex 10.6745 15.3939 2.4
      vertex 17.5644 53.6219 2.4
      vertex 17.3437 53.7856 2.4
    endloop
  endfacet
  facet normal 0 0 1
    outer loop
      vertex 75.15 25.69 2.4
      vertex 73.9765 23.2044 2.4
      vertex 73.99 22.93 2.4
    endloop
  endfacet
  facet normal 0 0 1
    outer loop
      vertex 75.15 25.69 2.4
      vertex 73.9362 23.4763 2.4
      vertex 73.9765 23.2044 2.4
    endloop
  endfacet
  facet normal 0 0 1
    outer loop
      vertex 75.15 25.69 2.4
      vertex 73.8694 23.7428 2.4
      vertex 73.9362 23.4763 2.4
    endloop
  endfacet
  facet normal 0 0 1
    outer loop
      vertex 75.15 25.69 2.4
      vertex 73.7769 24.0015 2.4
      vertex 73.8694 23.7428 2.4
    endloop
  endfacet
  facet normal 0 0 1
    outer loop
      vertex 75.15 25.69 2.4
      vertex 73.6594 24.2499 2.4
      vertex 73.7769 24.0015 2.4
    endloop
  endfacet
  facet normal 0 0 1
    outer loop
      vertex 75.15 25.69 2.4
      vertex 73.5181 24.4856 2.4
      vertex 73.6594 24.2499 2.4
    endloop
  endfacet
  facet normal 0 0 1
    outer loop
      vertex 75.15 25.69 2.4
      vertex 73.3544 24.7063 2.4
      vertex 73.5181 24.4856 2.4
    endloop
  endfacet
  facet normal 0 0 1
    outer loop
      vertex 75.15 25.69 2.4
      vertex 73.1699 24.9099 2.4
      vertex 73.3544 24.7063 2.4
    endloop
  endfacet
  facet normal 0 0 1
    outer loop
      vertex 75.15 25.69 2.4
      vertex 72.9663 25.0944 2.4
      vertex 73.1699 24.9099 2.4
    endloop
  endfacet
  facet normal 0 0 1
    outer loop
      vertex 75.15 25.69 2.4
      vertex 72.7456 25.2581 2.4
      vertex 72.9663 25.0944 2.4
    endloop
  endfacet
  facet normal 0 0 1
    outer loop
      vertex 75.15 25.69 2.4
      vertex 72.5099 25.3994 2.4
      vertex 72.7456 25.2581 2.4
    endloop
  endfacet
  facet normal 0 0 1
    outer loop
      vertex 75.15 25.69 2.4
      vertex 72.2615 25.5169 2.4
      vertex 72.5099 25.3994 2.4
    endloop
  endfacet
  facet normal 0 0 1
    outer loop
      vertex 75.15 25.69 2.4
      vertex 72.0028 25.6094 2.4
      vertex 72.2615 25.5169 2.4
    endloop
  endfacet
  facet normal 0 0 1
    outer loop
      vertex 75.15 25.69 2.4
      vertex 71.7363 25.6762 2.4
      vertex 72.0028 25.6094 2.4
    endloop
  endfacet
  facet normal 0 -0 1
    outer loop
      vertex 71.7363 25.6762 2.4
      vertex 75.15 25.69 2.4
      vertex 71.6432 25.69 2.4
    endloop
  endfacet
  facet normal 0 0 1
    outer loop
      vertex 77.15 51.99 2.4
      vertex 75.15 37.89 2.4
      vertex 77.15 11.69 2.4
    endloop
  endfacet
  facet normal 0 0 1
    outer loop
      vertex 73.9765 50.5956 2.4
      vertex 77.15 51.99 2.4
      vertex 74.75 51.99 2.4
    endloop
  endfacet
  facet normal 0 0 1
    outer loop
      vertex 73.9765 50.5956 2.4
      vertex 74.75 51.99 2.4
      vertex 73.99 50.87 2.4
    endloop
  endfacet
  facet normal 0 0 1
    outer loop
      vertex 77.15 51.99 2.4
      vertex 73.9765 50.5956 2.4
      vertex 73.9362 50.3237 2.4
    endloop
  endfacet
  facet normal 0 0 1
    outer loop
      vertex 77.15 51.99 2.4
      vertex 73.9362 50.3237 2.4
      vertex 73.8694 50.0572 2.4
    endloop
  endfacet
  facet normal 0 0 1
    outer loop
      vertex 73.7769 49.7985 2.4
      vertex 77.15 51.99 2.4
      vertex 73.8694 50.0572 2.4
    endloop
  endfacet
  facet normal 0 0 1
    outer loop
      vertex 73.6594 49.5501 2.4
      vertex 77.15 51.99 2.4
      vertex 73.7769 49.7985 2.4
    endloop
  endfacet
  facet normal 0 0 1
    outer loop
      vertex 73.5181 49.3144 2.4
      vertex 77.15 51.99 2.4
      vertex 73.6594 49.5501 2.4
    endloop
  endfacet
  facet normal 0 0 1
    outer loop
      vertex 77.15 51.99 2.4
      vertex 73.5181 49.3144 2.4
      vertex 75.15 37.89 2.4
    endloop
  endfacet
  facet normal -0 0 1
    outer loop
      vertex 73.3544 49.0937 2.4
      vertex 75.15 37.89 2.4
      vertex 73.5181 49.3144 2.4
    endloop
  endfacet
  facet normal -0 0 1
    outer loop
      vertex 73.1699 48.8901 2.4
      vertex 75.15 37.89 2.4
      vertex 73.3544 49.0937 2.4
    endloop
  endfacet
  facet normal -0 0 1
    outer loop
      vertex 72.9663 48.7056 2.4
      vertex 75.15 37.89 2.4
      vertex 73.1699 48.8901 2.4
    endloop
  endfacet
  facet normal -0 0 1
    outer loop
      vertex 72.7456 48.5419 2.4
      vertex 75.15 37.89 2.4
      vertex 72.9663 48.7056 2.4
    endloop
  endfacet
  facet normal -0 0 1
    outer loop
      vertex 72.5099 48.4006 2.4
      vertex 75.15 37.89 2.4
      vertex 72.7456 48.5419 2.4
    endloop
  endfacet
  facet normal -0 0 1
    outer loop
      vertex 72.2615 48.2831 2.4
      vertex 75.15 37.89 2.4
      vertex 72.5099 48.4006 2.4
    endloop
  endfacet
  facet normal -0 0 1
    outer loop
      vertex 72.0028 48.1906 2.4
      vertex 75.15 37.89 2.4
      vertex 72.2615 48.2831 2.4
    endloop
  endfacet
  facet normal -0 0 1
    outer loop
      vertex 71.7363 48.1238 2.4
      vertex 75.15 37.89 2.4
      vertex 72.0028 48.1906 2.4
    endloop
  endfacet
  facet normal -0 0 1
    outer loop
      vertex 71.4644 48.0835 2.4
      vertex 75.15 37.89 2.4
      vertex 71.7363 48.1238 2.4
    endloop
  endfacet
  facet normal -0 0 1
    outer loop
      vertex 71.19 48.07 2.4
      vertex 75.15 37.89 2.4
      vertex 71.4644 48.0835 2.4
    endloop
  endfacet
  facet normal 0 0 1
    outer loop
      vertex 67.35 37.89 2.4
      vertex 71.19 48.07 2.4
      vertex 70.9156 48.0835 2.4
    endloop
  endfacet
  facet normal 0 0 1
    outer loop
      vertex 67.35 37.89 2.4
      vertex 70.9156 48.0835 2.4
      vertex 70.6437 48.1238 2.4
    endloop
  endfacet
  facet normal 0 0 1
    outer loop
      vertex 67.35 37.89 2.4
      vertex 70.6437 48.1238 2.4
      vertex 70.3772 48.1906 2.4
    endloop
  endfacet
  facet normal 0 0 1
    outer loop
      vertex 67.35 37.89 2.4
      vertex 70.3772 48.1906 2.4
      vertex 70.1185 48.2831 2.4
    endloop
  endfacet
  facet normal 0 0 1
    outer loop
      vertex 67.35 37.89 2.4
      vertex 70.1185 48.2831 2.4
      vertex 69.8701 48.4006 2.4
    endloop
  endfacet
  facet normal 0 0 1
    outer loop
      vertex 67.35 37.89 2.4
      vertex 69.8701 48.4006 2.4
      vertex 69.6344 48.5419 2.4
    endloop
  endfacet
  facet normal 0 0 1
    outer loop
      vertex 67.35 37.89 2.4
      vertex 69.6344 48.5419 2.4
      vertex 69.4137 48.7056 2.4
    endloop
  endfacet
  facet normal 0 0 1
    outer loop
      vertex 67.35 37.89 2.4
      vertex 69.4137 48.7056 2.4
      vertex 69.2101 48.8901 2.4
    endloop
  endfacet
  facet normal 0 0 1
    outer loop
      vertex 67.35 37.89 2.4
      vertex 69.2101 48.8901 2.4
      vertex 69.0256 49.0937 2.4
    endloop
  endfacet
  facet normal 0 0 1
    outer loop
      vertex 67.35 37.89 2.4
      vertex 69.0256 49.0937 2.4
      vertex 68.8619 49.3144 2.4
    endloop
  endfacet
  facet normal 0 0 1
    outer loop
      vertex 67.35 37.89 2.4
      vertex 68.8619 49.3144 2.4
      vertex 68.7206 49.5501 2.4
    endloop
  endfacet
  facet normal 0 0 1
    outer loop
      vertex 71.19 48.07 2.4
      vertex 67.35 37.89 2.4
      vertex 75.15 37.89 2.4
    endloop
  endfacet
  facet normal 0 0 1
    outer loop
      vertex 68.6031 49.7985 2.4
      vertex 67.35 37.89 2.4
      vertex 68.7206 49.5501 2.4
    endloop
  endfacet
  facet normal 0 0 1
    outer loop
      vertex 68.5106 50.0572 2.4
      vertex 67.35 37.89 2.4
      vertex 68.6031 49.7985 2.4
    endloop
  endfacet
  facet normal 0 0 1
    outer loop
      vertex 68.4438 50.3237 2.4
      vertex 67.35 37.89 2.4
      vertex 68.5106 50.0572 2.4
    endloop
  endfacet
  facet normal 0 0 1
    outer loop
      vertex 68.4035 50.5956 2.4
      vertex 67.35 37.89 2.4
      vertex 68.4438 50.3237 2.4
    endloop
  endfacet
  facet normal 0 0 1
    outer loop
      vertex 67.35 37.89 2.4
      vertex 68.4035 50.5956 2.4
      vertex 68.39 50.87 2.4
    endloop
  endfacet
  facet normal 0 0 1
    outer loop
      vertex 77.15 51.99 2.4
      vertex 79.48 61.24 2.4
      vertex 77.15 59.19 2.4
    endloop
  endfacet
  facet normal 0 0 1
    outer loop
      vertex 79.48 61.24 2.4
      vertex 74.75 59.19 2.4
      vertex 77.15 59.19 2.4
    endloop
  endfacet
  facet normal -0 0 1
    outer loop
      vertex 73.1699 52.8499 2.4
      vertex 74.75 51.99 2.4
      vertex 74.75 59.19 2.4
    endloop
  endfacet
  facet normal 0 0 1
    outer loop
      vertex 74.75 51.99 2.4
      vertex 73.9765 51.1444 2.4
      vertex 73.99 50.87 2.4
    endloop
  endfacet
  facet normal 0 0 1
    outer loop
      vertex 74.75 51.99 2.4
      vertex 73.9362 51.4163 2.4
      vertex 73.9765 51.1444 2.4
    endloop
  endfacet
  facet normal 0 0 1
    outer loop
      vertex 74.75 51.99 2.4
      vertex 73.8694 51.6828 2.4
      vertex 73.9362 51.4163 2.4
    endloop
  endfacet
  facet normal 0 0 1
    outer loop
      vertex 74.75 51.99 2.4
      vertex 73.7769 51.9415 2.4
      vertex 73.8694 51.6828 2.4
    endloop
  endfacet
  facet normal 0 0 1
    outer loop
      vertex 74.75 51.99 2.4
      vertex 73.6594 52.1899 2.4
      vertex 73.7769 51.9415 2.4
    endloop
  endfacet
  facet normal 0 0 1
    outer loop
      vertex 74.75 51.99 2.4
      vertex 73.5181 52.4256 2.4
      vertex 73.6594 52.1899 2.4
    endloop
  endfacet
  facet normal 0 0 1
    outer loop
      vertex 74.75 51.99 2.4
      vertex 73.3544 52.6463 2.4
      vertex 73.5181 52.4256 2.4
    endloop
  endfacet
  facet normal 0 0 1
    outer loop
      vertex 74.75 51.99 2.4
      vertex 73.1699 52.8499 2.4
      vertex 73.3544 52.6463 2.4
    endloop
  endfacet
  facet normal 0 0 1
    outer loop
      vertex 74.75 59.19 2.4
      vertex 72.9663 53.0344 2.4
      vertex 73.1699 52.8499 2.4
    endloop
  endfacet
  facet normal 0 0 1
    outer loop
      vertex 74.75 59.19 2.4
      vertex 72.7456 53.1981 2.4
      vertex 72.9663 53.0344 2.4
    endloop
  endfacet
  facet normal 0 0 1
    outer loop
      vertex 74.75 59.19 2.4
      vertex 72.5099 53.3394 2.4
      vertex 72.7456 53.1981 2.4
    endloop
  endfacet
  facet normal 0 0 1
    outer loop
      vertex 74.75 59.19 2.4
      vertex 72.2615 53.4569 2.4
      vertex 72.5099 53.3394 2.4
    endloop
  endfacet
  facet normal 0 0 1
    outer loop
      vertex 74.75 59.19 2.4
      vertex 72.0028 53.5494 2.4
      vertex 72.2615 53.4569 2.4
    endloop
  endfacet
  facet normal -0 0 1
    outer loop
      vertex 70.95 59.19 2.4
      vertex 72.0028 53.5494 2.4
      vertex 74.75 59.19 2.4
    endloop
  endfacet
  facet normal 0 0 1
    outer loop
      vertex 72.0028 53.5494 2.4
      vertex 70.95 59.19 2.4
      vertex 71.7363 53.6162 2.4
    endloop
  endfacet
  facet normal 0 0 1
    outer loop
      vertex 71.7363 53.6162 2.4
      vertex 70.95 59.19 2.4
      vertex 71.4644 53.6565 2.4
    endloop
  endfacet
  facet normal 0 0 1
    outer loop
      vertex 71.4644 53.6565 2.4
      vertex 70.95 59.19 2.4
      vertex 71.19 53.67 2.4
    endloop
  endfacet
  facet normal 0 0 1
    outer loop
      vertex 79.48 61.24 2.4
      vertex 70.95 59.19 2.4
      vertex 74.75 59.19 2.4
    endloop
  endfacet
  facet normal 0 0 1
    outer loop
      vertex 79.48 61.24 2.4
      vertex 23.65 59.19 2.4
      vertex 70.95 59.19 2.4
    endloop
  endfacet
  facet normal 0 0 1
    outer loop
      vertex 23.65 59.19 2.4
      vertex 21.92 55.95 2.4
      vertex 23.65 51.99 2.4
    endloop
  endfacet
  facet normal 0 0 1
    outer loop
      vertex 23.65 59.19 2.4
      vertex 21.9065 56.2244 2.4
      vertex 21.92 55.95 2.4
    endloop
  endfacet
  facet normal 0 0 1
    outer loop
      vertex 23.65 59.19 2.4
      vertex 21.8662 56.4963 2.4
      vertex 21.9065 56.2244 2.4
    endloop
  endfacet
  facet normal 0 0 1
    outer loop
      vertex 23.65 59.19 2.4
      vertex 21.7994 56.7628 2.4
      vertex 21.8662 56.4963 2.4
    endloop
  endfacet
  facet normal 0 0 1
    outer loop
      vertex 23.65 59.19 2.4
      vertex 21.7069 57.0215 2.4
      vertex 21.7994 56.7628 2.4
    endloop
  endfacet
  facet normal 0 0 1
    outer loop
      vertex 23.65 59.19 2.4
      vertex 21.5894 57.2699 2.4
      vertex 21.7069 57.0215 2.4
    endloop
  endfacet
  facet normal 0 0 1
    outer loop
      vertex 23.65 59.19 2.4
      vertex 21.4481 57.5056 2.4
      vertex 21.5894 57.2699 2.4
    endloop
  endfacet
  facet normal 0 0 1
    outer loop
      vertex 23.65 59.19 2.4
      vertex 21.2844 57.7263 2.4
      vertex 21.4481 57.5056 2.4
    endloop
  endfacet
  facet normal 0 0 1
    outer loop
      vertex 23.65 59.19 2.4
      vertex 21.0999 57.9299 2.4
      vertex 21.2844 57.7263 2.4
    endloop
  endfacet
  facet normal 0 0 1
    outer loop
      vertex 23.65 59.19 2.4
      vertex 20.8963 58.1144 2.4
      vertex 21.0999 57.9299 2.4
    endloop
  endfacet
  facet normal 0 0 1
    outer loop
      vertex 23.65 59.19 2.4
      vertex 20.6756 58.2781 2.4
      vertex 20.8963 58.1144 2.4
    endloop
  endfacet
  facet normal 0 0 1
    outer loop
      vertex 23.65 59.19 2.4
      vertex 20.4399 58.4194 2.4
      vertex 20.6756 58.2781 2.4
    endloop
  endfacet
  facet normal 0 0 1
    outer loop
      vertex 23.65 59.19 2.4
      vertex 20.1915 58.5369 2.4
      vertex 20.4399 58.4194 2.4
    endloop
  endfacet
  facet normal 0 0 1
    outer loop
      vertex 23.65 59.19 2.4
      vertex 19.9328 58.6294 2.4
      vertex 20.1915 58.5369 2.4
    endloop
  endfacet
  facet normal 0 0 1
    outer loop
      vertex 23.65 59.19 2.4
      vertex 19.6663 58.6962 2.4
      vertex 19.9328 58.6294 2.4
    endloop
  endfacet
  facet normal 0 0 1
    outer loop
      vertex 23.65 59.19 2.4
      vertex 19.3944 58.7365 2.4
      vertex 19.6663 58.6962 2.4
    endloop
  endfacet
  facet normal 0 0 1
    outer loop
      vertex 23.65 59.19 2.4
      vertex 19.12 58.75 2.4
      vertex 19.3944 58.7365 2.4
    endloop
  endfacet
  facet normal 0 0 1
    outer loop
      vertex 23.65 59.19 2.4
      vertex 18.8456 58.7365 2.4
      vertex 19.12 58.75 2.4
    endloop
  endfacet
  facet normal 0 0 1
    outer loop
      vertex 17.55 18.49 2.4
      vertex 16.0596 12.847 2.4
      vertex 16.2694 12.4034 2.4
    endloop
  endfacet
  facet normal 0 0 1
    outer loop
      vertex 17.55 18.49 2.4
      vertex 15.8073 13.2679 2.4
      vertex 16.0596 12.847 2.4
    endloop
  endfacet
  facet normal 0 0 1
    outer loop
      vertex 17.55 18.49 2.4
      vertex 15.5151 13.662 2.4
      vertex 15.8073 13.2679 2.4
    endloop
  endfacet
  facet normal 0 0 1
    outer loop
      vertex 17.55 18.49 2.4
      vertex 15.1855 14.0255 2.4
      vertex 15.5151 13.662 2.4
    endloop
  endfacet
  facet normal 0 0 1
    outer loop
      vertex 17.55 18.49 2.4
      vertex 14.822 14.3551 2.4
      vertex 15.1855 14.0255 2.4
    endloop
  endfacet
  facet normal 0 0 1
    outer loop
      vertex 17.55 18.49 2.4
      vertex 14.4279 14.6473 2.4
      vertex 14.822 14.3551 2.4
    endloop
  endfacet
  facet normal 0 0 1
    outer loop
      vertex 17.55 18.49 2.4
      vertex 14.007 14.8996 2.4
      vertex 14.4279 14.6473 2.4
    endloop
  endfacet
  facet normal 0 0 1
    outer loop
      vertex 2.4 61.24 2.4
      vertex 16.32 55.95 2.4
      vertex 16.3335 56.2244 2.4
    endloop
  endfacet
  facet normal 0 0 1
    outer loop
      vertex 17.55 18.49 2.4
      vertex 13.5634 15.1094 2.4
      vertex 14.007 14.8996 2.4
    endloop
  endfacet
  facet normal 0 0 1
    outer loop
      vertex 17.55 18.49 2.4
      vertex 13.1014 15.2747 2.4
      vertex 13.5634 15.1094 2.4
    endloop
  endfacet
  facet normal 0 0 1
    outer loop
      vertex 17.55 18.49 2.4
      vertex 12.6255 15.3939 2.4
      vertex 13.1014 15.2747 2.4
    endloop
  endfacet
  facet normal 0 0 1
    outer loop
      vertex 17.55 18.49 2.4
      vertex 12.1401 15.4659 2.4
      vertex 12.6255 15.3939 2.4
    endloop
  endfacet
  facet normal 0 0 1
    outer loop
      vertex 17.55 18.49 2.4
      vertex 11.65 15.49 2.4
      vertex 12.1401 15.4659 2.4
    endloop
  endfacet
  facet normal 0 0 1
    outer loop
      vertex 17.55 18.49 2.4
      vertex 11.1599 15.4659 2.4
      vertex 11.65 15.49 2.4
    endloop
  endfacet
  facet normal 0 0 1
    outer loop
      vertex 17.55 18.49 2.4
      vertex 10.6745 15.3939 2.4
      vertex 11.1599 15.4659 2.4
    endloop
  endfacet
  facet normal 0 0 1
    outer loop
      vertex 16.6506 54.6301 2.4
      vertex 10.1986 15.2747 2.4
      vertex 10.6745 15.3939 2.4
    endloop
  endfacet
  facet normal 0 0 1
    outer loop
      vertex 2.4 61.24 2.4
      vertex 16.3335 56.2244 2.4
      vertex 16.3738 56.4963 2.4
    endloop
  endfacet
  facet normal 0 0 1
    outer loop
      vertex 16.6506 54.6301 2.4
      vertex 9.73658 15.1094 2.4
      vertex 10.1986 15.2747 2.4
    endloop
  endfacet
  facet normal 0 0 1
    outer loop
      vertex 16.6506 54.6301 2.4
      vertex 2.4 61.24 2.4
      vertex 9.73658 15.1094 2.4
    endloop
  endfacet
  facet normal 0 0 1
    outer loop
      vertex 9.73658 15.1094 2.4
      vertex 2.4 61.24 2.4
      vertex 9.29302 14.8996 2.4
    endloop
  endfacet
  facet normal 0 0 1
    outer loop
      vertex 9.29302 14.8996 2.4
      vertex 2.4 61.24 2.4
      vertex 8.87215 14.6473 2.4
    endloop
  endfacet
  facet normal 0 0 1
    outer loop
      vertex 8.87215 14.6473 2.4
      vertex 2.4 61.24 2.4
      vertex 8.47803 14.3551 2.4
    endloop
  endfacet
  facet normal 0 0 1
    outer loop
      vertex 8.47803 14.3551 2.4
      vertex 2.4 61.24 2.4
      vertex 8.11447 14.0255 2.4
    endloop
  endfacet
  facet normal 0 0 1
    outer loop
      vertex 8.11447 14.0255 2.4
      vertex 2.4 61.24 2.4
      vertex 7.78495 13.662 2.4
    endloop
  endfacet
  facet normal 0 0 1
    outer loop
      vertex 7.78495 13.662 2.4
      vertex 2.4 61.24 2.4
      vertex 7.49265 13.2679 2.4
    endloop
  endfacet
  facet normal 0 0 1
    outer loop
      vertex 7.49265 13.2679 2.4
      vertex 2.4 61.24 2.4
      vertex 7.24039 12.847 2.4
    endloop
  endfacet
  facet normal 0 0 1
    outer loop
      vertex 7.24039 12.847 2.4
      vertex 2.4 61.24 2.4
      vertex 7.0306 12.4034 2.4
    endloop
  endfacet
  facet normal 0 0 1
    outer loop
      vertex 7.0306 12.4034 2.4
      vertex 2.4 61.24 2.4
      vertex 6.8653 11.9414 2.4
    endloop
  endfacet
  facet normal 0 0 1
    outer loop
      vertex 6.74607 11.4655 2.4
      vertex 2.4 2.4 2.4
      vertex 6.67408 10.9801 2.4
    endloop
  endfacet
  facet normal 0 0 1
    outer loop
      vertex 6.8653 11.9414 2.4
      vertex 2.4 2.4 2.4
      vertex 6.74607 11.4655 2.4
    endloop
  endfacet
  facet normal 0 0 1
    outer loop
      vertex 2.4 2.4 2.4
      vertex 6.8653 11.9414 2.4
      vertex 2.4 61.24 2.4
    endloop
  endfacet
  facet normal 0 0 1
    outer loop
      vertex 16.4406 56.7628 2.4
      vertex 2.4 61.24 2.4
      vertex 16.3738 56.4963 2.4
    endloop
  endfacet
  facet normal 0 0 1
    outer loop
      vertex 16.5331 57.0215 2.4
      vertex 2.4 61.24 2.4
      vertex 16.4406 56.7628 2.4
    endloop
  endfacet
  facet normal 0 0 1
    outer loop
      vertex 16.6506 57.2699 2.4
      vertex 2.4 61.24 2.4
      vertex 16.5331 57.0215 2.4
    endloop
  endfacet
  facet normal 0 0 1
    outer loop
      vertex 16.7919 57.5056 2.4
      vertex 2.4 61.24 2.4
      vertex 16.6506 57.2699 2.4
    endloop
  endfacet
  facet normal 0 0 1
    outer loop
      vertex 16.9556 57.7263 2.4
      vertex 2.4 61.24 2.4
      vertex 16.7919 57.5056 2.4
    endloop
  endfacet
  facet normal 0 0 1
    outer loop
      vertex 17.1401 57.9299 2.4
      vertex 2.4 61.24 2.4
      vertex 16.9556 57.7263 2.4
    endloop
  endfacet
  facet normal 0 0 1
    outer loop
      vertex 17.3437 58.1144 2.4
      vertex 2.4 61.24 2.4
      vertex 17.1401 57.9299 2.4
    endloop
  endfacet
  facet normal 0 0 1
    outer loop
      vertex 17.5644 58.2781 2.4
      vertex 2.4 61.24 2.4
      vertex 17.3437 58.1144 2.4
    endloop
  endfacet
  facet normal 0 0 1
    outer loop
      vertex 17.8001 58.4194 2.4
      vertex 2.4 61.24 2.4
      vertex 17.5644 58.2781 2.4
    endloop
  endfacet
  facet normal 0 0 1
    outer loop
      vertex 18.0485 58.5369 2.4
      vertex 2.4 61.24 2.4
      vertex 17.8001 58.4194 2.4
    endloop
  endfacet
  facet normal 0 0 1
    outer loop
      vertex 18.3072 58.6294 2.4
      vertex 2.4 61.24 2.4
      vertex 18.0485 58.5369 2.4
    endloop
  endfacet
  facet normal 0 0 1
    outer loop
      vertex 18.5737 58.6962 2.4
      vertex 2.4 61.24 2.4
      vertex 18.3072 58.6294 2.4
    endloop
  endfacet
  facet normal 0 0 1
    outer loop
      vertex 18.8456 58.7365 2.4
      vertex 2.4 61.24 2.4
      vertex 18.5737 58.6962 2.4
    endloop
  endfacet
  facet normal 0 0 1
    outer loop
      vertex 23.65 59.19 2.4
      vertex 2.4 61.24 2.4
      vertex 18.8456 58.7365 2.4
    endloop
  endfacet
  facet normal -0 0 1
    outer loop
      vertex 2.4 61.24 2.4
      vertex 23.65 59.19 2.4
      vertex 79.48 61.24 2.4
    endloop
  endfacet
  facet normal 0 0 1
    outer loop
      vertex 79.48 61.24 2.4
      vertex 77.15 51.99 2.4
      vertex 79.48 2.4 2.4
    endloop
  endfacet
  facet normal -0 0 1
    outer loop
      vertex 77.15 11.69 2.4
      vertex 79.48 2.4 2.4
      vertex 77.15 51.99 2.4
    endloop
  endfacet
  facet normal -0 0 1
    outer loop
      vertex 77.15 4.49 2.4
      vertex 79.48 2.4 2.4
      vertex 77.15 11.69 2.4
    endloop
  endfacet
  facet normal 0 0 1
    outer loop
      vertex 22.3699 3.7101 2.4
      vertex 77.15 4.49 2.4
      vertex 23.19 4.49 2.4
    endloop
  endfacet
  facet normal -0 0 1
    outer loop
      vertex 23.1362 5.14375 2.4
      vertex 23.19 4.49 2.4
      vertex 23.1765 5.41555 2.4
    endloop
  endfacet
  facet normal -0 0 1
    outer loop
      vertex 23.0694 4.8772 2.4
      vertex 23.19 4.49 2.4
      vertex 23.1362 5.14375 2.4
    endloop
  endfacet
  facet normal -0 0 1
    outer loop
      vertex 22.9769 4.61849 2.4
      vertex 23.19 4.49 2.4
      vertex 23.0694 4.8772 2.4
    endloop
  endfacet
  facet normal 0 0 1
    outer loop
      vertex 22.8594 4.37009 2.4
      vertex 23.19 4.49 2.4
      vertex 22.9769 4.61849 2.4
    endloop
  endfacet
  facet normal 0 0 1
    outer loop
      vertex 22.7181 4.1344 2.4
      vertex 23.19 4.49 2.4
      vertex 22.8594 4.37009 2.4
    endloop
  endfacet
  facet normal 0 0 1
    outer loop
      vertex 22.5544 3.9137 2.4
      vertex 23.19 4.49 2.4
      vertex 22.7181 4.1344 2.4
    endloop
  endfacet
  facet normal 0 0 1
    outer loop
      vertex 22.3699 3.7101 2.4
      vertex 23.19 4.49 2.4
      vertex 22.5544 3.9137 2.4
    endloop
  endfacet
  facet normal 0 0 1
    outer loop
      vertex 22.1663 3.52557 2.4
      vertex 77.15 4.49 2.4
      vertex 22.3699 3.7101 2.4
    endloop
  endfacet
  facet normal 0 0 1
    outer loop
      vertex 77.15 4.49 2.4
      vertex 22.1663 3.52557 2.4
      vertex 79.48 2.4 2.4
    endloop
  endfacet
  facet normal -0 0 1
    outer loop
      vertex 21.9456 3.36189 2.4
      vertex 79.48 2.4 2.4
      vertex 22.1663 3.52557 2.4
    endloop
  endfacet
  facet normal -0 0 1
    outer loop
      vertex 21.7099 3.22062 2.4
      vertex 79.48 2.4 2.4
      vertex 21.9456 3.36189 2.4
    endloop
  endfacet
  facet normal -0 0 1
    outer loop
      vertex 21.4615 3.10314 2.4
      vertex 79.48 2.4 2.4
      vertex 21.7099 3.22062 2.4
    endloop
  endfacet
  facet normal -0 0 1
    outer loop
      vertex 21.2028 3.01057 2.4
      vertex 79.48 2.4 2.4
      vertex 21.4615 3.10314 2.4
    endloop
  endfacet
  facet normal -0 0 1
    outer loop
      vertex 20.9363 2.9438 2.4
      vertex 79.48 2.4 2.4
      vertex 21.2028 3.01057 2.4
    endloop
  endfacet
  facet normal -0 0 1
    outer loop
      vertex 20.6644 2.90348 2.4
      vertex 79.48 2.4 2.4
      vertex 20.9363 2.9438 2.4
    endloop
  endfacet
  facet normal -0 0 1
    outer loop
      vertex 20.39 2.89 2.4
      vertex 79.48 2.4 2.4
      vertex 20.6644 2.90348 2.4
    endloop
  endfacet
  facet normal 0 0 1
    outer loop
      vertex 10.6745 15.3939 2.4
      vertex 17.1401 53.9701 2.4
      vertex 16.9556 54.1737 2.4
    endloop
  endfacet
  facet normal -0 0 1
    outer loop
      vertex 16.6259 10.9801 2.4
      vertex 17.55 10.49 2.4
      vertex 17.55 18.49 2.4
    endloop
  endfacet
  facet normal 0 0 1
    outer loop
      vertex 10.6745 15.3939 2.4
      vertex 16.9556 54.1737 2.4
      vertex 16.7919 54.3944 2.4
    endloop
  endfacet
  facet normal 0 0 1
    outer loop
      vertex 10.6745 15.3939 2.4
      vertex 16.7919 54.3944 2.4
      vertex 16.6506 54.6301 2.4
    endloop
  endfacet
  facet normal 0 0 1
    outer loop
      vertex 17.5644 53.6219 2.4
      vertex 10.6745 15.3939 2.4
      vertex 17.55 18.49 2.4
    endloop
  endfacet
  facet normal 0 0 1
    outer loop
      vertex 16.6259 9.99992 2.4
      vertex 17.55 10.49 2.4
      vertex 16.65 10.49 2.4
    endloop
  endfacet
  facet normal 0 0 1
    outer loop
      vertex 16.5539 9.51455 2.4
      vertex 17.55 10.49 2.4
      vertex 16.6259 9.99992 2.4
    endloop
  endfacet
  facet normal 0 0 1
    outer loop
      vertex 16.4347 9.03858 2.4
      vertex 17.55 10.49 2.4
      vertex 16.5539 9.51455 2.4
    endloop
  endfacet
  facet normal 0 0 1
    outer loop
      vertex 17.7106 6.5028 2.4
      vertex 16.15 8.32414 2.4
      vertex 17.6438 6.23625 2.4
    endloop
  endfacet
  facet normal 0 0 1
    outer loop
      vertex 17.6438 6.23625 2.4
      vertex 16.15 8.32414 2.4
      vertex 17.6035 5.96445 2.4
    endloop
  endfacet
  facet normal 0 0 1
    outer loop
      vertex 16.15 4.49 2.4
      vertex 17.6035 5.96445 2.4
      vertex 16.15 8.32414 2.4
    endloop
  endfacet
  facet normal 0 0 1
    outer loop
      vertex 17.6035 5.96445 2.4
      vertex 16.15 4.49 2.4
      vertex 17.59 5.69 2.4
    endloop
  endfacet
  facet normal 0 0 1
    outer loop
      vertex 17.59 5.69 2.4
      vertex 16.15 4.49 2.4
      vertex 17.6035 5.41555 2.4
    endloop
  endfacet
  facet normal 0 0 1
    outer loop
      vertex 17.6035 5.41555 2.4
      vertex 16.15 4.49 2.4
      vertex 17.6438 5.14375 2.4
    endloop
  endfacet
  facet normal 0 0 1
    outer loop
      vertex 17.6438 5.14375 2.4
      vertex 16.15 4.49 2.4
      vertex 17.7106 4.8772 2.4
    endloop
  endfacet
  facet normal 0 0 1
    outer loop
      vertex 17.7106 4.8772 2.4
      vertex 16.15 4.49 2.4
      vertex 17.8031 4.61849 2.4
    endloop
  endfacet
  facet normal -0 0 1
    outer loop
      vertex 16.15 4.49 2.4
      vertex 17.9206 4.37009 2.4
      vertex 17.8031 4.61849 2.4
    endloop
  endfacet
  facet normal 0 0 1
    outer loop
      vertex 16.15 4.49 2.4
      vertex 18.0619 4.1344 2.4
      vertex 17.9206 4.37009 2.4
    endloop
  endfacet
  facet normal 0 0 1
    outer loop
      vertex 16.15 4.49 2.4
      vertex 18.2256 3.9137 2.4
      vertex 18.0619 4.1344 2.4
    endloop
  endfacet
  facet normal 0 0 1
    outer loop
      vertex 16.15 4.49 2.4
      vertex 18.4101 3.7101 2.4
      vertex 18.2256 3.9137 2.4
    endloop
  endfacet
  facet normal 0 0 1
    outer loop
      vertex 16.15 4.49 2.4
      vertex 18.6137 3.52557 2.4
      vertex 18.4101 3.7101 2.4
    endloop
  endfacet
  facet normal 0 0 1
    outer loop
      vertex 16.15 4.49 2.4
      vertex 18.8344 3.36189 2.4
      vertex 18.6137 3.52557 2.4
    endloop
  endfacet
  facet normal 0 0 1
    outer loop
      vertex 16.15 4.49 2.4
      vertex 19.0701 3.22062 2.4
      vertex 18.8344 3.36189 2.4
    endloop
  endfacet
  facet normal -0 0 1
    outer loop
      vertex 10.15 4.49 2.4
      vertex 19.0701 3.22062 2.4
      vertex 16.15 4.49 2.4
    endloop
  endfacet
  facet normal 0 0 1
    outer loop
      vertex 19.0701 3.22062 2.4
      vertex 10.15 4.49 2.4
      vertex 19.3185 3.10314 2.4
    endloop
  endfacet
  facet normal 0 0 1
    outer loop
      vertex 2.4 2.4 2.4
      vertex 19.3185 3.10314 2.4
      vertex 10.15 4.49 2.4
    endloop
  endfacet
  facet normal 0 0 1
    outer loop
      vertex 19.3185 3.10314 2.4
      vertex 2.4 2.4 2.4
      vertex 19.5772 3.01057 2.4
    endloop
  endfacet
  facet normal 0 0 1
    outer loop
      vertex 9.29302 6.08039 2.4
      vertex 10.15 4.49 2.4
      vertex 9.73658 5.8706 2.4
    endloop
  endfacet
  facet normal 0 0 1
    outer loop
      vertex 8.87215 6.33265 2.4
      vertex 10.15 4.49 2.4
      vertex 9.29302 6.08039 2.4
    endloop
  endfacet
  facet normal 0 0 1
    outer loop
      vertex 2.4 2.4 2.4
      vertex 8.87215 6.33265 2.4
      vertex 8.47803 6.62495 2.4
    endloop
  endfacet
  facet normal 0 0 1
    outer loop
      vertex 2.4 2.4 2.4
      vertex 8.47803 6.62495 2.4
      vertex 8.11447 6.95447 2.4
    endloop
  endfacet
  facet normal 0 0 1
    outer loop
      vertex 2.4 2.4 2.4
      vertex 8.11447 6.95447 2.4
      vertex 7.78495 7.31803 2.4
    endloop
  endfacet
  facet normal 0 0 1
    outer loop
      vertex 6.67408 10.9801 2.4
      vertex 2.4 2.4 2.4
      vertex 6.65 10.49 2.4
    endloop
  endfacet
  facet normal 0 0 1
    outer loop
      vertex 20.39 2.89 2.4
      vertex 2.4 2.4 2.4
      vertex 79.48 2.4 2.4
    endloop
  endfacet
  facet normal 0 0 1
    outer loop
      vertex 20.1156 2.90348 2.4
      vertex 2.4 2.4 2.4
      vertex 20.39 2.89 2.4
    endloop
  endfacet
  facet normal 0 0 1
    outer loop
      vertex 19.8437 2.9438 2.4
      vertex 2.4 2.4 2.4
      vertex 20.1156 2.90348 2.4
    endloop
  endfacet
  facet normal 0 0 1
    outer loop
      vertex 19.5772 3.01057 2.4
      vertex 2.4 2.4 2.4
      vertex 19.8437 2.9438 2.4
    endloop
  endfacet
  facet normal 0 0 1
    outer loop
      vertex 8.87215 6.33265 2.4
      vertex 2.4 2.4 2.4
      vertex 10.15 4.49 2.4
    endloop
  endfacet
  facet normal 0 0 1
    outer loop
      vertex 7.49265 7.71215 2.4
      vertex 2.4 2.4 2.4
      vertex 7.78495 7.31803 2.4
    endloop
  endfacet
  facet normal 0 0 1
    outer loop
      vertex 7.24039 8.13302 2.4
      vertex 2.4 2.4 2.4
      vertex 7.49265 7.71215 2.4
    endloop
  endfacet
  facet normal 0 0 1
    outer loop
      vertex 7.0306 8.57658 2.4
      vertex 2.4 2.4 2.4
      vertex 7.24039 8.13302 2.4
    endloop
  endfacet
  facet normal 0 0 1
    outer loop
      vertex 6.8653 9.03858 2.4
      vertex 2.4 2.4 2.4
      vertex 7.0306 8.57658 2.4
    endloop
  endfacet
  facet normal 0 0 1
    outer loop
      vertex 6.74607 9.51455 2.4
      vertex 2.4 2.4 2.4
      vertex 6.8653 9.03858 2.4
    endloop
  endfacet
  facet normal 0 0 1
    outer loop
      vertex 6.67408 9.99992 2.4
      vertex 2.4 2.4 2.4
      vertex 6.74607 9.51455 2.4
    endloop
  endfacet
  facet normal 0 0 1
    outer loop
      vertex 6.65 10.49 2.4
      vertex 2.4 2.4 2.4
      vertex 6.67408 9.99992 2.4
    endloop
  endfacet
  facet normal -0 0 1
    outer loop
      vertex 75.15 25.69 2.4
      vertex 77.15 11.69 2.4
      vertex 75.15 37.89 2.4
    endloop
  endfacet
  facet normal 0 0 1
    outer loop
      vertex 73.9765 22.6556 2.4
      vertex 75.15 25.69 2.4
      vertex 73.99 22.93 2.4
    endloop
  endfacet
  facet normal 0 0 1
    outer loop
      vertex 73.9362 22.3837 2.4
      vertex 75.15 25.69 2.4
      vertex 73.9765 22.6556 2.4
    endloop
  endfacet
  facet normal 0 0 1
    outer loop
      vertex 75.15 25.69 2.4
      vertex 73.9362 22.3837 2.4
      vertex 77.15 11.69 2.4
    endloop
  endfacet
  facet normal -0 0 1
    outer loop
      vertex 73.8694 22.1172 2.4
      vertex 77.15 11.69 2.4
      vertex 73.9362 22.3837 2.4
    endloop
  endfacet
  facet normal -0 0 1
    outer loop
      vertex 73.7769 21.8585 2.4
      vertex 77.15 11.69 2.4
      vertex 73.8694 22.1172 2.4
    endloop
  endfacet
  facet normal -0 0 1
    outer loop
      vertex 73.6594 21.6101 2.4
      vertex 77.15 11.69 2.4
      vertex 73.7769 21.8585 2.4
    endloop
  endfacet
  facet normal -0 0 1
    outer loop
      vertex 73.5181 21.3744 2.4
      vertex 77.15 11.69 2.4
      vertex 73.6594 21.6101 2.4
    endloop
  endfacet
  facet normal -0 0 1
    outer loop
      vertex 73.3544 21.1537 2.4
      vertex 77.15 11.69 2.4
      vertex 73.5181 21.3744 2.4
    endloop
  endfacet
  facet normal -0 0 1
    outer loop
      vertex 73.1699 20.9501 2.4
      vertex 77.15 11.69 2.4
      vertex 73.3544 21.1537 2.4
    endloop
  endfacet
  facet normal -0 0 1
    outer loop
      vertex 72.9663 20.7656 2.4
      vertex 77.15 11.69 2.4
      vertex 73.1699 20.9501 2.4
    endloop
  endfacet
  facet normal -0 0 1
    outer loop
      vertex 72.7456 20.6019 2.4
      vertex 77.15 11.69 2.4
      vertex 72.9663 20.7656 2.4
    endloop
  endfacet
  facet normal -0 0 1
    outer loop
      vertex 72.5099 20.4606 2.4
      vertex 77.15 11.69 2.4
      vertex 72.7456 20.6019 2.4
    endloop
  endfacet
  facet normal -0 0 1
    outer loop
      vertex 72.2615 20.3431 2.4
      vertex 77.15 11.69 2.4
      vertex 72.5099 20.4606 2.4
    endloop
  endfacet
  facet normal -0 0 1
    outer loop
      vertex 72.0028 20.2506 2.4
      vertex 77.15 11.69 2.4
      vertex 72.2615 20.3431 2.4
    endloop
  endfacet
  facet normal -0 0 1
    outer loop
      vertex 71.7363 20.1838 2.4
      vertex 77.15 11.69 2.4
      vertex 72.0028 20.2506 2.4
    endloop
  endfacet
  facet normal -0 0 1
    outer loop
      vertex 71.4644 20.1435 2.4
      vertex 77.15 11.69 2.4
      vertex 71.7363 20.1838 2.4
    endloop
  endfacet
  facet normal -0 0 1
    outer loop
      vertex 71.19 20.13 2.4
      vertex 77.15 11.69 2.4
      vertex 71.4644 20.1435 2.4
    endloop
  endfacet
  facet normal 0 0 1
    outer loop
      vertex 70.9156 20.1435 2.4
      vertex 77.15 11.69 2.4
      vertex 71.19 20.13 2.4
    endloop
  endfacet
  facet normal 0 0 1
    outer loop
      vertex 70.6437 20.1838 2.4
      vertex 77.15 11.69 2.4
      vertex 70.9156 20.1435 2.4
    endloop
  endfacet
  facet normal 0 0 1
    outer loop
      vertex 70.3772 20.2506 2.4
      vertex 77.15 11.69 2.4
      vertex 70.6437 20.1838 2.4
    endloop
  endfacet
  facet normal 0 0 1
    outer loop
      vertex 70.1185 20.3431 2.4
      vertex 77.15 11.69 2.4
      vertex 70.3772 20.2506 2.4
    endloop
  endfacet
  facet normal 0 0 1
    outer loop
      vertex 69.8701 20.4606 2.4
      vertex 77.15 11.69 2.4
      vertex 70.1185 20.3431 2.4
    endloop
  endfacet
  facet normal 0 0 1
    outer loop
      vertex 69.6344 20.6019 2.4
      vertex 77.15 11.69 2.4
      vertex 69.8701 20.4606 2.4
    endloop
  endfacet
  facet normal 0 0 1
    outer loop
      vertex 33.85 11.69 2.4
      vertex 69.6344 20.6019 2.4
      vertex 69.4137 20.7656 2.4
    endloop
  endfacet
  facet normal 0 0 1
    outer loop
      vertex 33.85 11.69 2.4
      vertex 69.4137 20.7656 2.4
      vertex 69.2101 20.9501 2.4
    endloop
  endfacet
  facet normal 0 0 1
    outer loop
      vertex 33.85 11.69 2.4
      vertex 69.2101 20.9501 2.4
      vertex 69.0256 21.1537 2.4
    endloop
  endfacet
  facet normal 0 0 1
    outer loop
      vertex 67.35 25.69 2.4
      vertex 68.4035 22.6556 2.4
      vertex 68.39 22.93 2.4
    endloop
  endfacet
  facet normal 0 0 1
    outer loop
      vertex 67.35 25.69 2.4
      vertex 68.4438 22.3837 2.4
      vertex 68.4035 22.6556 2.4
    endloop
  endfacet
  facet normal 0 0 1
    outer loop
      vertex 33.85 18.49 2.4
      vertex 68.4438 22.3837 2.4
      vertex 67.35 25.69 2.4
    endloop
  endfacet
  facet normal 0 0 1
    outer loop
      vertex 68.39 50.87 2.4
      vertex 63.65 46.59 2.4
      vertex 63.65 43.99 2.4
    endloop
  endfacet
  facet normal 0 0 1
    outer loop
      vertex 68.39 50.87 2.4
      vertex 63.65 43.99 2.4
      vertex 67.35 37.89 2.4
    endloop
  endfacet
  facet normal -0 0 1
    outer loop
      vertex 63.65 42.59 2.4
      vertex 67.35 37.89 2.4
      vertex 63.65 43.99 2.4
    endloop
  endfacet
  facet normal -0 0 1
    outer loop
      vertex 63.65 39.99 2.4
      vertex 67.35 37.89 2.4
      vertex 63.65 42.59 2.4
    endloop
  endfacet
  facet normal -0 0 1
    outer loop
      vertex 63.65 38.59 2.4
      vertex 67.35 37.89 2.4
      vertex 63.65 39.99 2.4
    endloop
  endfacet
  facet normal 0 0 1
    outer loop
      vertex 63.65 35.99 2.4
      vertex 67.35 37.89 2.4
      vertex 63.65 38.59 2.4
    endloop
  endfacet
  facet normal 0 0 1
    outer loop
      vertex 67.35 37.89 2.4
      vertex 63.65 35.99 2.4
      vertex 67.35 25.69 2.4
    endloop
  endfacet
  facet normal 0 0 1
    outer loop
      vertex 33.85 18.49 2.4
      vertex 67.35 25.69 2.4
      vertex 63.65 35.99 2.4
    endloop
  endfacet
  facet normal 0 0 1
    outer loop
      vertex 33.85 18.49 2.4
      vertex 63.65 35.99 2.4
      vertex 34.65 35.99 2.4
    endloop
  endfacet
  facet normal 0 0 1
    outer loop
      vertex 68.4438 22.3837 2.4
      vertex 33.85 18.49 2.4
      vertex 68.5106 22.1172 2.4
    endloop
  endfacet
  facet normal 0 0 1
    outer loop
      vertex 68.5106 22.1172 2.4
      vertex 33.85 18.49 2.4
      vertex 68.6031 21.8585 2.4
    endloop
  endfacet
  facet normal 0 0 1
    outer loop
      vertex 33.85 11.69 2.4
      vertex 68.6031 21.8585 2.4
      vertex 33.85 18.49 2.4
    endloop
  endfacet
  facet normal 0 0 1
    outer loop
      vertex 68.6031 21.8585 2.4
      vertex 33.85 11.69 2.4
      vertex 68.7206 21.6101 2.4
    endloop
  endfacet
  facet normal 0 0 1
    outer loop
      vertex 68.7206 21.6101 2.4
      vertex 33.85 11.69 2.4
      vertex 68.8619 21.3744 2.4
    endloop
  endfacet
  facet normal 0 0 1
    outer loop
      vertex 68.8619 21.3744 2.4
      vertex 33.85 11.69 2.4
      vertex 69.0256 21.1537 2.4
    endloop
  endfacet
  facet normal 0 0 1
    outer loop
      vertex 69.6344 20.6019 2.4
      vertex 33.85 11.69 2.4
      vertex 77.15 11.69 2.4
    endloop
  endfacet
  facet normal 0 0 1
    outer loop
      vertex 71.19 53.67 2.4
      vertex 70.95 59.19 2.4
      vertex 70.95 53.6582 2.4
    endloop
  endfacet
  facet normal 0 0 -1
    outer loop
      vertex 70.95 51.99 2.4
      vertex 70.9156 53.6565 2.4
      vertex 70.95 53.6582 2.4
    endloop
  endfacet
  facet normal 0 0 -1
    outer loop
      vertex 70.95 51.99 2.4
      vertex 70.6437 53.6162 2.4
      vertex 70.9156 53.6565 2.4
    endloop
  endfacet
  facet normal 0 0 -1
    outer loop
      vertex 70.95 51.99 2.4
      vertex 70.3772 53.5494 2.4
      vertex 70.6437 53.6162 2.4
    endloop
  endfacet
  facet normal 0 0 -1
    outer loop
      vertex 70.95 51.99 2.4
      vertex 70.1185 53.4569 2.4
      vertex 70.3772 53.5494 2.4
    endloop
  endfacet
  facet normal 0 0 -1
    outer loop
      vertex 70.95 51.99 2.4
      vertex 69.8701 53.3394 2.4
      vertex 70.1185 53.4569 2.4
    endloop
  endfacet
  facet normal 0 0 -1
    outer loop
      vertex 70.95 51.99 2.4
      vertex 69.6344 53.1981 2.4
      vertex 69.8701 53.3394 2.4
    endloop
  endfacet
  facet normal 0 0 -1
    outer loop
      vertex 70.95 51.99 2.4
      vertex 69.4137 53.0344 2.4
      vertex 69.6344 53.1981 2.4
    endloop
  endfacet
  facet normal 0 0 -1
    outer loop
      vertex 70.95 51.99 2.4
      vertex 69.2101 52.8499 2.4
      vertex 69.4137 53.0344 2.4
    endloop
  endfacet
  facet normal 0 0 -1
    outer loop
      vertex 70.95 51.99 2.4
      vertex 69.0256 52.6463 2.4
      vertex 69.2101 52.8499 2.4
    endloop
  endfacet
  facet normal 0 0 -1
    outer loop
      vertex 70.95 51.99 2.4
      vertex 68.8619 52.4256 2.4
      vertex 69.0256 52.6463 2.4
    endloop
  endfacet
  facet normal 0 0 -1
    outer loop
      vertex 70.95 51.99 2.4
      vertex 68.7206 52.1899 2.4
      vertex 68.8619 52.4256 2.4
    endloop
  endfacet
  facet normal 0 -0 -1
    outer loop
      vertex 68.7206 52.1899 2.4
      vertex 70.95 51.99 2.4
      vertex 68.6261 51.99 2.4
    endloop
  endfacet
  facet normal 0 0 -1
    outer loop
      vertex 71.6432 25.69 2.4
      vertex 71.19 25.73 2.4
      vertex 71.4644 25.7165 2.4
    endloop
  endfacet
  facet normal 0 0 -1
    outer loop
      vertex 70.7368 25.69 2.4
      vertex 71.19 25.73 2.4
      vertex 71.6432 25.69 2.4
    endloop
  endfacet
  facet normal 0 0 -1
    outer loop
      vertex 71.19 25.73 2.4
      vertex 70.7368 25.69 2.4
      vertex 70.9156 25.7165 2.4
    endloop
  endfacet
  facet normal -1 0 0
    outer loop
      vertex 79.48 61.24 2.4
      vertex 79.48 57.09 27.1
      vertex 79.48 61.24 31.7
    endloop
  endfacet
  facet normal -1 0 0
    outer loop
      vertex 79.48 47.69 7.9
      vertex 79.48 57.09 27.1
      vertex 79.48 61.24 2.4
    endloop
  endfacet
  facet normal -1 -0 0
    outer loop
      vertex 79.48 57.09 27.1
      vertex 79.48 47.69 21.9
      vertex 79.48 51.89 27.1
    endloop
  endfacet
  facet normal -1 0 0
    outer loop
      vertex 79.48 57.09 27.1
      vertex 79.48 47.69 7.9
      vertex 79.48 47.69 21.9
    endloop
  endfacet
  facet normal -1 0 0
    outer loop
      vertex 79.48 61.24 2.4
      vertex 79.48 36.49 7.9
      vertex 79.48 47.69 7.9
    endloop
  endfacet
  facet normal -1 0 0
    outer loop
      vertex 79.48 36.49 7.9
      vertex 79.48 11.09 27.1
      vertex 79.48 36.49 21.9
    endloop
  endfacet
  facet normal -1 0 0
    outer loop
      vertex 79.48 2.4 2.4
      vertex 79.48 11.09 27.1
      vertex 79.48 36.49 7.9
    endloop
  endfacet
  facet normal -1 0 0
    outer loop
      vertex 79.48 2.4 31.7
      vertex 79.48 5.89 27.1
      vertex 79.48 2.4 2.4
    endloop
  endfacet
  facet normal -1 -0 0
    outer loop
      vertex 79.48 11.09 27.1
      vertex 79.48 2.4 2.4
      vertex 79.48 5.89 27.1
    endloop
  endfacet
  facet normal -1 0 0
    outer loop
      vertex 79.48 2.4 2.4
      vertex 79.48 36.49 7.9
      vertex 79.48 61.24 2.4
    endloop
  endfacet
  facet normal -1 0 0
    outer loop
      vertex 79.48 57.09 29.9
      vertex 79.48 61.24 31.7
      vertex 79.48 57.09 27.1
    endloop
  endfacet
  facet normal -1 0 0
    outer loop
      vertex 79.48 51.89 29.9
      vertex 79.48 61.24 31.7
      vertex 79.48 57.09 29.9
    endloop
  endfacet
  facet normal -1 -0 0
    outer loop
      vertex 79.48 51.89 27.1
      vertex 79.48 47.69 21.9
      vertex 79.48 51.89 29.9
    endloop
  endfacet
  facet normal -1 0 0
    outer loop
      vertex 79.48 36.49 21.9
      vertex 79.48 51.89 29.9
      vertex 79.48 47.69 21.9
    endloop
  endfacet
  facet normal -1 0 0
    outer loop
      vertex 79.48 11.09 29.9
      vertex 79.48 36.49 21.9
      vertex 79.48 11.09 27.1
    endloop
  endfacet
  facet normal -1 0 0
    outer loop
      vertex 79.48 36.49 21.9
      vertex 79.48 11.09 29.9
      vertex 79.48 51.89 29.9
    endloop
  endfacet
  facet normal -1 0 0
    outer loop
      vertex 79.48 2.4 31.7
      vertex 79.48 51.89 29.9
      vertex 79.48 11.09 29.9
    endloop
  endfacet
  facet normal -1 0 0
    outer loop
      vertex 79.48 2.4 31.7
      vertex 79.48 11.09 29.9
      vertex 79.48 5.89 29.9
    endloop
  endfacet
  facet normal -1 0 0
    outer loop
      vertex 79.48 51.89 29.9
      vertex 79.48 2.4 31.7
      vertex 79.48 61.24 31.7
    endloop
  endfacet
  facet normal -1 0 0
    outer loop
      vertex 79.48 5.89 27.1
      vertex 79.48 2.4 31.7
      vertex 79.48 5.89 29.9
    endloop
  endfacet
  facet normal 0 1 -0
    outer loop
      vertex 18.4 2.4 4.4
      vertex 13.9 2.4 8.4
      vertex 18.4 2.4 8.4
    endloop
  endfacet
  facet normal 0 1 0
    outer loop
      vertex 13.9 2.4 8.4
      vertex 18.4 2.4 4.4
      vertex 13.9 2.4 4.4
    endloop
  endfacet
  facet normal 0 1 -0
    outer loop
      vertex 26.4 2.4 4.4
      vertex 21.9 2.4 8.4
      vertex 26.4 2.4 8.4
    endloop
  endfacet
  facet normal 0 1 0
    outer loop
      vertex 21.9 2.4 8.4
      vertex 26.4 2.4 4.4
      vertex 21.9 2.4 4.4
    endloop
  endfacet
  facet normal 0 1 -0
    outer loop
      vertex 34.4 2.4 4.4
      vertex 29.9 2.4 8.4
      vertex 34.4 2.4 8.4
    endloop
  endfacet
  facet normal 0 1 0
    outer loop
      vertex 29.9 2.4 8.4
      vertex 34.4 2.4 4.4
      vertex 29.9 2.4 4.4
    endloop
  endfacet
  facet normal 0 1 -0
    outer loop
      vertex 42.4 2.4 4.4
      vertex 37.9 2.4 8.4
      vertex 42.4 2.4 8.4
    endloop
  endfacet
  facet normal 0 1 0
    outer loop
      vertex 37.9 2.4 8.4
      vertex 42.4 2.4 4.4
      vertex 37.9 2.4 4.4
    endloop
  endfacet
  facet normal 0 1 -0
    outer loop
      vertex 50.4 2.4 4.4
      vertex 45.9 2.4 8.4
      vertex 50.4 2.4 8.4
    endloop
  endfacet
  facet normal 0 1 0
    outer loop
      vertex 45.9 2.4 8.4
      vertex 50.4 2.4 4.4
      vertex 45.9 2.4 4.4
    endloop
  endfacet
  facet normal 0 1 -0
    outer loop
      vertex 58.4 2.4 4.4
      vertex 53.9 2.4 8.4
      vertex 58.4 2.4 8.4
    endloop
  endfacet
  facet normal 0 1 0
    outer loop
      vertex 53.9 2.4 8.4
      vertex 58.4 2.4 4.4
      vertex 53.9 2.4 4.4
    endloop
  endfacet
  facet normal 0 1 -0
    outer loop
      vertex 66.4 2.4 4.4
      vertex 61.9 2.4 8.4
      vertex 66.4 2.4 8.4
    endloop
  endfacet
  facet normal 0 1 0
    outer loop
      vertex 61.9 2.4 8.4
      vertex 66.4 2.4 4.4
      vertex 61.9 2.4 4.4
    endloop
  endfacet
  facet normal 0 1 0
    outer loop
      vertex 45.9 2.4 8.4
      vertex 52.4 2.4 18.9
      vertex 52.4 2.4 12.9
    endloop
  endfacet
  facet normal 0 1 0
    outer loop
      vertex 52.4 2.4 18.9
      vertex 42.4 2.4 8.4
      vertex 34.4 2.4 18.9
    endloop
  endfacet
  facet normal 0 1 -0
    outer loop
      vertex 67.3068 2.4 30.9923
      vertex 62.15 2.4 31.7
      vertex 79.48 2.4 31.7
    endloop
  endfacet
  facet normal 0 1 0
    outer loop
      vertex 62.15 2.4 31.7
      vertex 67.3068 2.4 30.9923
      vertex 67.15 2.4 31
    endloop
  endfacet
  facet normal 0 1 0
    outer loop
      vertex 79.48 2.4 31.7
      vertex 67.4621 2.4 30.9693
      vertex 67.3068 2.4 30.9923
    endloop
  endfacet
  facet normal 0 1 0
    outer loop
      vertex 79.48 2.4 31.7
      vertex 67.6145 2.4 30.9311
      vertex 67.4621 2.4 30.9693
    endloop
  endfacet
  facet normal 0 1 0
    outer loop
      vertex 79.48 2.4 31.7
      vertex 67.7623 2.4 30.8782
      vertex 67.6145 2.4 30.9311
    endloop
  endfacet
  facet normal 0 1 0
    outer loop
      vertex 79.48 2.4 31.7
      vertex 67.9042 2.4 30.8111
      vertex 67.7623 2.4 30.8782
    endloop
  endfacet
  facet normal 0 1 0
    outer loop
      vertex 79.48 2.4 31.7
      vertex 68.0389 2.4 30.7304
      vertex 67.9042 2.4 30.8111
    endloop
  endfacet
  facet normal 0 1 0
    outer loop
      vertex 79.48 2.4 31.7
      vertex 68.165 2.4 30.6368
      vertex 68.0389 2.4 30.7304
    endloop
  endfacet
  facet normal 0 1 0
    outer loop
      vertex 79.48 2.4 31.7
      vertex 68.2814 2.4 30.5314
      vertex 68.165 2.4 30.6368
    endloop
  endfacet
  facet normal 0 1 0
    outer loop
      vertex 79.48 2.4 31.7
      vertex 68.3868 2.4 30.415
      vertex 68.2814 2.4 30.5314
    endloop
  endfacet
  facet normal 0 1 0
    outer loop
      vertex 79.48 2.4 31.7
      vertex 68.4803 2.4 30.2889
      vertex 68.3868 2.4 30.415
    endloop
  endfacet
  facet normal 0 1 0
    outer loop
      vertex 79.48 2.4 31.7
      vertex 68.5611 2.4 30.1542
      vertex 68.4803 2.4 30.2889
    endloop
  endfacet
  facet normal 0 1 0
    outer loop
      vertex 79.48 2.4 31.7
      vertex 68.6282 2.4 30.0123
      vertex 68.5611 2.4 30.1542
    endloop
  endfacet
  facet normal 0 1 0
    outer loop
      vertex 79.48 2.4 31.7
      vertex 68.6811 2.4 29.8645
      vertex 68.6282 2.4 30.0123
    endloop
  endfacet
  facet normal 0 1 0
    outer loop
      vertex 79.48 2.4 31.7
      vertex 68.7193 2.4 29.7121
      vertex 68.6811 2.4 29.8645
    endloop
  endfacet
  facet normal 0 1 0
    outer loop
      vertex 79.48 2.4 31.7
      vertex 68.7423 2.4 29.5568
      vertex 68.7193 2.4 29.7121
    endloop
  endfacet
  facet normal 0 1 0
    outer loop
      vertex 79.48 2.4 31.7
      vertex 68.75 2.4 29.4
      vertex 68.7423 2.4 29.5568
    endloop
  endfacet
  facet normal 0 1 0
    outer loop
      vertex 79.48 2.4 31.7
      vertex 68.7423 2.4 29.2432
      vertex 68.75 2.4 29.4
    endloop
  endfacet
  facet normal 0 1 0
    outer loop
      vertex 79.48 2.4 31.7
      vertex 68.7193 2.4 29.0879
      vertex 68.7423 2.4 29.2432
    endloop
  endfacet
  facet normal 0 1 0
    outer loop
      vertex 79.48 2.4 31.7
      vertex 68.6811 2.4 28.9355
      vertex 68.7193 2.4 29.0879
    endloop
  endfacet
  facet normal 0 1 0
    outer loop
      vertex 79.48 2.4 31.7
      vertex 68.6282 2.4 28.7877
      vertex 68.6811 2.4 28.9355
    endloop
  endfacet
  facet normal 0 1 0
    outer loop
      vertex 79.48 2.4 31.7
      vertex 68.5611 2.4 28.6458
      vertex 68.6282 2.4 28.7877
    endloop
  endfacet
  facet normal 0 1 0
    outer loop
      vertex 79.48 2.4 31.7
      vertex 68.4803 2.4 28.5111
      vertex 68.5611 2.4 28.6458
    endloop
  endfacet
  facet normal 0 1 0
    outer loop
      vertex 79.48 2.4 31.7
      vertex 68.3868 2.4 28.385
      vertex 68.4803 2.4 28.5111
    endloop
  endfacet
  facet normal 0 1 0
    outer loop
      vertex 79.48 2.4 31.7
      vertex 68.2814 2.4 28.2686
      vertex 68.3868 2.4 28.385
    endloop
  endfacet
  facet normal 0 1 -0
    outer loop
      vertex 69.9 2.4 8.4
      vertex 68.2814 2.4 28.2686
      vertex 79.48 2.4 31.7
    endloop
  endfacet
  facet normal 0 1 0
    outer loop
      vertex 68.2814 2.4 28.2686
      vertex 69.9 2.4 8.4
      vertex 68.165 2.4 28.1632
    endloop
  endfacet
  facet normal 0 1 0
    outer loop
      vertex 68.165 2.4 28.1632
      vertex 69.9 2.4 8.4
      vertex 68.0389 2.4 28.0696
    endloop
  endfacet
  facet normal 0 1 0
    outer loop
      vertex 68.0389 2.4 28.0696
      vertex 69.9 2.4 8.4
      vertex 67.9042 2.4 27.9889
    endloop
  endfacet
  facet normal 0 1 0
    outer loop
      vertex 67.9042 2.4 27.9889
      vertex 69.9 2.4 8.4
      vertex 67.7623 2.4 27.9218
    endloop
  endfacet
  facet normal 0 1 0
    outer loop
      vertex 67.3068 2.4 27.8077
      vertex 62.15 2.4 20.9
      vertex 67.15 2.4 27.8
    endloop
  endfacet
  facet normal 0 1 0
    outer loop
      vertex 67.4621 2.4 27.8307
      vertex 62.15 2.4 20.9
      vertex 67.3068 2.4 27.8077
    endloop
  endfacet
  facet normal 0 1 0
    outer loop
      vertex 67.6145 2.4 27.8689
      vertex 62.15 2.4 20.9
      vertex 67.4621 2.4 27.8307
    endloop
  endfacet
  facet normal -0 1 0
    outer loop
      vertex 62.15 2.4 20.9
      vertex 67.7623 2.4 27.9218
      vertex 69.9 2.4 8.4
    endloop
  endfacet
  facet normal 0 1 0
    outer loop
      vertex 52.4 2.4 18.9
      vertex 62.15 2.4 20.9
      vertex 56.4 2.4 18.9
    endloop
  endfacet
  facet normal 0 1 0
    outer loop
      vertex 62.15 2.4 20.9
      vertex 56.4 2.4 12.9
      vertex 56.4 2.4 18.9
    endloop
  endfacet
  facet normal 0 1 0
    outer loop
      vertex 67.7623 2.4 27.9218
      vertex 62.15 2.4 20.9
      vertex 67.6145 2.4 27.8689
    endloop
  endfacet
  facet normal 0 1 -0
    outer loop
      vertex 53.9 2.4 8.4
      vertex 52.4 2.4 12.9
      vertex 56.4 2.4 12.9
    endloop
  endfacet
  facet normal 0 1 0
    outer loop
      vertex 52.4 2.4 18.9
      vertex 45.9 2.4 8.4
      vertex 42.4 2.4 8.4
    endloop
  endfacet
  facet normal 0 1 0
    outer loop
      vertex 61.9 2.4 8.4
      vertex 62.15 2.4 20.9
      vertex 66.4 2.4 8.4
    endloop
  endfacet
  facet normal 0 1 0
    outer loop
      vertex 62.15 2.4 20.9
      vertex 69.9 2.4 8.4
      vertex 66.4 2.4 8.4
    endloop
  endfacet
  facet normal 0 1 -0
    outer loop
      vertex 79.48 2.4 2.4
      vertex 69.9 2.4 8.4
      vertex 79.48 2.4 31.7
    endloop
  endfacet
  facet normal 0 1 0
    outer loop
      vertex 79.48 2.4 2.4
      vertex 66.4 2.4 4.4
      vertex 69.9 2.4 4.4
    endloop
  endfacet
  facet normal 0 1 0
    outer loop
      vertex 66.4 2.4 4.4
      vertex 79.48 2.4 2.4
      vertex 61.9 2.4 4.4
    endloop
  endfacet
  facet normal 0 1 0
    outer loop
      vertex 61.9 2.4 4.4
      vertex 79.48 2.4 2.4
      vertex 58.4 2.4 4.4
    endloop
  endfacet
  facet normal 0 1 0
    outer loop
      vertex 58.4 2.4 4.4
      vertex 79.48 2.4 2.4
      vertex 53.9 2.4 4.4
    endloop
  endfacet
  facet normal 0 1 0
    outer loop
      vertex 53.9 2.4 4.4
      vertex 79.48 2.4 2.4
      vertex 50.4 2.4 4.4
    endloop
  endfacet
  facet normal 0 1 0
    outer loop
      vertex 50.4 2.4 4.4
      vertex 79.48 2.4 2.4
      vertex 45.9 2.4 4.4
    endloop
  endfacet
  facet normal 0 1 0
    outer loop
      vertex 45.9 2.4 4.4
      vertex 79.48 2.4 2.4
      vertex 42.4 2.4 4.4
    endloop
  endfacet
  facet normal 0 1 0
    outer loop
      vertex 42.4 2.4 4.4
      vertex 79.48 2.4 2.4
      vertex 37.9 2.4 4.4
    endloop
  endfacet
  facet normal 0 1 0
    outer loop
      vertex 2.4 2.4 2.4
      vertex 37.9 2.4 4.4
      vertex 79.48 2.4 2.4
    endloop
  endfacet
  facet normal 0 1 0
    outer loop
      vertex 37.9 2.4 4.4
      vertex 2.4 2.4 2.4
      vertex 34.4 2.4 4.4
    endloop
  endfacet
  facet normal 0 1 0
    outer loop
      vertex 34.4 2.4 4.4
      vertex 2.4 2.4 2.4
      vertex 29.9 2.4 4.4
    endloop
  endfacet
  facet normal 0 1 0
    outer loop
      vertex 29.9 2.4 4.4
      vertex 2.4 2.4 2.4
      vertex 26.4 2.4 4.4
    endloop
  endfacet
  facet normal 0 1 0
    outer loop
      vertex 26.4 2.4 4.4
      vertex 2.4 2.4 2.4
      vertex 21.9 2.4 4.4
    endloop
  endfacet
  facet normal 0 1 0
    outer loop
      vertex 21.9 2.4 4.4
      vertex 2.4 2.4 2.4
      vertex 18.4 2.4 4.4
    endloop
  endfacet
  facet normal 0 1 0
    outer loop
      vertex 18.4 2.4 4.4
      vertex 2.4 2.4 2.4
      vertex 13.9 2.4 4.4
    endloop
  endfacet
  facet normal 0 1 0
    outer loop
      vertex 69.9 2.4 8.4
      vertex 79.48 2.4 2.4
      vertex 69.9 2.4 4.4
    endloop
  endfacet
  facet normal 0 1 -0
    outer loop
      vertex 66.9932 2.4 30.9923
      vertex 62.15 2.4 31.7
      vertex 67.15 2.4 31
    endloop
  endfacet
  facet normal 0 1 -0
    outer loop
      vertex 66.8379 2.4 30.9693
      vertex 62.15 2.4 31.7
      vertex 66.9932 2.4 30.9923
    endloop
  endfacet
  facet normal 0 1 -0
    outer loop
      vertex 66.6855 2.4 30.9311
      vertex 62.15 2.4 31.7
      vertex 66.8379 2.4 30.9693
    endloop
  endfacet
  facet normal 0 1 -0
    outer loop
      vertex 66.5377 2.4 30.8782
      vertex 62.15 2.4 31.7
      vertex 66.6855 2.4 30.9311
    endloop
  endfacet
  facet normal 0 1 -0
    outer loop
      vertex 66.3958 2.4 30.8111
      vertex 62.15 2.4 31.7
      vertex 66.5377 2.4 30.8782
    endloop
  endfacet
  facet normal 0 1 -0
    outer loop
      vertex 66.2611 2.4 30.7304
      vertex 62.15 2.4 31.7
      vertex 66.3958 2.4 30.8111
    endloop
  endfacet
  facet normal 0 1 -0
    outer loop
      vertex 66.135 2.4 30.6368
      vertex 62.15 2.4 31.7
      vertex 66.2611 2.4 30.7304
    endloop
  endfacet
  facet normal 0 1 -0
    outer loop
      vertex 66.0186 2.4 30.5314
      vertex 62.15 2.4 31.7
      vertex 66.135 2.4 30.6368
    endloop
  endfacet
  facet normal 0 1 -0
    outer loop
      vertex 65.9132 2.4 30.415
      vertex 62.15 2.4 31.7
      vertex 66.0186 2.4 30.5314
    endloop
  endfacet
  facet normal 0 1 -0
    outer loop
      vertex 65.8196 2.4 30.2889
      vertex 62.15 2.4 31.7
      vertex 65.9132 2.4 30.415
    endloop
  endfacet
  facet normal 0 1 -0
    outer loop
      vertex 65.7389 2.4 30.1542
      vertex 62.15 2.4 31.7
      vertex 65.8196 2.4 30.2889
    endloop
  endfacet
  facet normal 0 1 -0
    outer loop
      vertex 65.6718 2.4 30.0123
      vertex 62.15 2.4 31.7
      vertex 65.7389 2.4 30.1542
    endloop
  endfacet
  facet normal 0 1 -0
    outer loop
      vertex 65.6189 2.4 29.8645
      vertex 62.15 2.4 31.7
      vertex 65.6718 2.4 30.0123
    endloop
  endfacet
  facet normal 0 1 -0
    outer loop
      vertex 65.5807 2.4 29.7121
      vertex 62.15 2.4 31.7
      vertex 65.6189 2.4 29.8645
    endloop
  endfacet
  facet normal 0 1 -0
    outer loop
      vertex 65.5577 2.4 29.5568
      vertex 62.15 2.4 31.7
      vertex 65.5807 2.4 29.7121
    endloop
  endfacet
  facet normal 0 1 -0
    outer loop
      vertex 65.55 2.4 29.4
      vertex 62.15 2.4 31.7
      vertex 65.5577 2.4 29.5568
    endloop
  endfacet
  facet normal 0 1 0
    outer loop
      vertex 65.5577 2.4 29.2432
      vertex 62.15 2.4 31.7
      vertex 65.55 2.4 29.4
    endloop
  endfacet
  facet normal 0 1 0
    outer loop
      vertex 65.5807 2.4 29.0879
      vertex 62.15 2.4 31.7
      vertex 65.5577 2.4 29.2432
    endloop
  endfacet
  facet normal 0 1 0
    outer loop
      vertex 65.6189 2.4 28.9355
      vertex 62.15 2.4 31.7
      vertex 65.5807 2.4 29.0879
    endloop
  endfacet
  facet normal 0 1 0
    outer loop
      vertex 65.6718 2.4 28.7877
      vertex 62.15 2.4 31.7
      vertex 65.6189 2.4 28.9355
    endloop
  endfacet
  facet normal 0 1 0
    outer loop
      vertex 65.7389 2.4 28.6458
      vertex 62.15 2.4 31.7
      vertex 65.6718 2.4 28.7877
    endloop
  endfacet
  facet normal 0 1 0
    outer loop
      vertex 62.15 2.4 20.9
      vertex 65.7389 2.4 28.6458
      vertex 65.8196 2.4 28.5111
    endloop
  endfacet
  facet normal 0 1 0
    outer loop
      vertex 62.15 2.4 20.9
      vertex 65.8196 2.4 28.5111
      vertex 65.9132 2.4 28.385
    endloop
  endfacet
  facet normal 0 1 0
    outer loop
      vertex 62.15 2.4 20.9
      vertex 65.9132 2.4 28.385
      vertex 66.0186 2.4 28.2686
    endloop
  endfacet
  facet normal 0 1 0
    outer loop
      vertex 62.15 2.4 20.9
      vertex 66.0186 2.4 28.2686
      vertex 66.135 2.4 28.1632
    endloop
  endfacet
  facet normal 0 1 0
    outer loop
      vertex 65.7389 2.4 28.6458
      vertex 62.15 2.4 20.9
      vertex 62.15 2.4 31.7
    endloop
  endfacet
  facet normal 0 1 0
    outer loop
      vertex 66.2611 2.4 28.0696
      vertex 62.15 2.4 20.9
      vertex 66.135 2.4 28.1632
    endloop
  endfacet
  facet normal 0 1 0
    outer loop
      vertex 66.3958 2.4 27.9889
      vertex 62.15 2.4 20.9
      vertex 66.2611 2.4 28.0696
    endloop
  endfacet
  facet normal 0 1 0
    outer loop
      vertex 66.5377 2.4 27.9218
      vertex 62.15 2.4 20.9
      vertex 66.3958 2.4 27.9889
    endloop
  endfacet
  facet normal 0 1 0
    outer loop
      vertex 66.6855 2.4 27.8689
      vertex 62.15 2.4 20.9
      vertex 66.5377 2.4 27.9218
    endloop
  endfacet
  facet normal 0 1 0
    outer loop
      vertex 66.8379 2.4 27.8307
      vertex 62.15 2.4 20.9
      vertex 66.6855 2.4 27.8689
    endloop
  endfacet
  facet normal 0 1 0
    outer loop
      vertex 66.9932 2.4 27.8077
      vertex 62.15 2.4 20.9
      vertex 66.8379 2.4 27.8307
    endloop
  endfacet
  facet normal 0 1 0
    outer loop
      vertex 62.15 2.4 20.9
      vertex 66.9932 2.4 27.8077
      vertex 67.15 2.4 27.8
    endloop
  endfacet
  facet normal 0 1 -0
    outer loop
      vertex 14.15 2.4 20.9
      vertex 2.4 2.4 31.7
      vertex 14.15 2.4 31.7
    endloop
  endfacet
  facet normal 0 1 0
    outer loop
      vertex 34.4 2.4 18.9
      vertex 62.15 2.4 20.9
      vertex 52.4 2.4 18.9
    endloop
  endfacet
  facet normal 0 1 0
    outer loop
      vertex 62.15 2.4 20.9
      vertex 34.4 2.4 18.9
      vertex 14.15 2.4 20.9
    endloop
  endfacet
  facet normal 0 1 -0
    outer loop
      vertex 30.4 2.4 18.9
      vertex 14.15 2.4 20.9
      vertex 34.4 2.4 18.9
    endloop
  endfacet
  facet normal 0 1 0
    outer loop
      vertex 21.9 2.4 8.4
      vertex 30.4 2.4 18.9
      vertex 30.4 2.4 12.9
    endloop
  endfacet
  facet normal 0 1 0
    outer loop
      vertex 62.15 2.4 20.9
      vertex 61.9 2.4 8.4
      vertex 56.4 2.4 12.9
    endloop
  endfacet
  facet normal 0 1 -0
    outer loop
      vertex 58.4 2.4 8.4
      vertex 56.4 2.4 12.9
      vertex 61.9 2.4 8.4
    endloop
  endfacet
  facet normal 0 1 0
    outer loop
      vertex 53.9 2.4 8.4
      vertex 56.4 2.4 12.9
      vertex 58.4 2.4 8.4
    endloop
  endfacet
  facet normal 0 1 0
    outer loop
      vertex 52.4 2.4 12.9
      vertex 53.9 2.4 8.4
      vertex 50.4 2.4 8.4
    endloop
  endfacet
  facet normal 0 1 0
    outer loop
      vertex 52.4 2.4 12.9
      vertex 50.4 2.4 8.4
      vertex 45.9 2.4 8.4
    endloop
  endfacet
  facet normal 0 1 0
    outer loop
      vertex 34.4 2.4 18.9
      vertex 42.4 2.4 8.4
      vertex 34.4 2.4 12.9
    endloop
  endfacet
  facet normal 0 1 -0
    outer loop
      vertex 37.9 2.4 8.4
      vertex 34.4 2.4 12.9
      vertex 42.4 2.4 8.4
    endloop
  endfacet
  facet normal 0 1 0
    outer loop
      vertex 34.4 2.4 8.4
      vertex 34.4 2.4 12.9
      vertex 37.9 2.4 8.4
    endloop
  endfacet
  facet normal 0 1 0
    outer loop
      vertex 34.4 2.4 12.9
      vertex 34.4 2.4 8.4
      vertex 30.4 2.4 12.9
    endloop
  endfacet
  facet normal 0 1 0
    outer loop
      vertex 29.9 2.4 8.4
      vertex 30.4 2.4 12.9
      vertex 34.4 2.4 8.4
    endloop
  endfacet
  facet normal 0 1 0
    outer loop
      vertex 26.4 2.4 8.4
      vertex 30.4 2.4 12.9
      vertex 29.9 2.4 8.4
    endloop
  endfacet
  facet normal 0 1 0
    outer loop
      vertex 21.9 2.4 8.4
      vertex 30.4 2.4 12.9
      vertex 26.4 2.4 8.4
    endloop
  endfacet
  facet normal 0 1 0
    outer loop
      vertex 30.4 2.4 18.9
      vertex 21.9 2.4 8.4
      vertex 14.15 2.4 20.9
    endloop
  endfacet
  facet normal 0 1 -0
    outer loop
      vertex 18.4 2.4 8.4
      vertex 14.15 2.4 20.9
      vertex 21.9 2.4 8.4
    endloop
  endfacet
  facet normal 0 1 0
    outer loop
      vertex 13.9 2.4 8.4
      vertex 14.15 2.4 20.9
      vertex 18.4 2.4 8.4
    endloop
  endfacet
  facet normal 0 1 0
    outer loop
      vertex 10.4 2.4 8.4
      vertex 14.15 2.4 20.9
      vertex 13.9 2.4 8.4
    endloop
  endfacet
  facet normal 0 1 0
    outer loop
      vertex 14.15 2.4 20.9
      vertex 10.4 2.4 8.4
      vertex 2.4 2.4 31.7
    endloop
  endfacet
  facet normal 0 1 0
    outer loop
      vertex 2.4 2.4 2.4
      vertex 10.4 2.4 8.4
      vertex 10.4 2.4 4.4
    endloop
  endfacet
  facet normal 0 1 0
    outer loop
      vertex 10.4 2.4 8.4
      vertex 2.4 2.4 2.4
      vertex 2.4 2.4 31.7
    endloop
  endfacet
  facet normal 0 1 0
    outer loop
      vertex 13.9 2.4 4.4
      vertex 2.4 2.4 2.4
      vertex 10.4 2.4 4.4
    endloop
  endfacet
  facet normal 0 -1 0
    outer loop
      vertex 67.3068 61.24 30.9923
      vertex 62.15 61.24 31.7
      vertex 67.15 61.24 31
    endloop
  endfacet
  facet normal 0 -1 0
    outer loop
      vertex 62.15 61.24 31.7
      vertex 66.9932 61.24 30.9923
      vertex 67.15 61.24 31
    endloop
  endfacet
  facet normal 0 -1 0
    outer loop
      vertex 62.15 61.24 31.7
      vertex 66.8379 61.24 30.9693
      vertex 66.9932 61.24 30.9923
    endloop
  endfacet
  facet normal 0 -1 0
    outer loop
      vertex 62.15 61.24 31.7
      vertex 66.6855 61.24 30.9311
      vertex 66.8379 61.24 30.9693
    endloop
  endfacet
  facet normal 0 -1 0
    outer loop
      vertex 62.15 61.24 31.7
      vertex 66.5377 61.24 30.8782
      vertex 66.6855 61.24 30.9311
    endloop
  endfacet
  facet normal 0 -1 0
    outer loop
      vertex 62.15 61.24 31.7
      vertex 66.3958 61.24 30.8111
      vertex 66.5377 61.24 30.8782
    endloop
  endfacet
  facet normal 0 -1 0
    outer loop
      vertex 62.15 61.24 31.7
      vertex 66.2611 61.24 30.7304
      vertex 66.3958 61.24 30.8111
    endloop
  endfacet
  facet normal 0 -1 0
    outer loop
      vertex 62.15 61.24 31.7
      vertex 66.135 61.24 30.6368
      vertex 66.2611 61.24 30.7304
    endloop
  endfacet
  facet normal 0 -1 0
    outer loop
      vertex 62.15 61.24 31.7
      vertex 66.0186 61.24 30.5314
      vertex 66.135 61.24 30.6368
    endloop
  endfacet
  facet normal 0 -1 0
    outer loop
      vertex 62.15 61.24 31.7
      vertex 65.9132 61.24 30.415
      vertex 66.0186 61.24 30.5314
    endloop
  endfacet
  facet normal 0 -1 0
    outer loop
      vertex 62.15 61.24 31.7
      vertex 65.8196 61.24 30.2889
      vertex 65.9132 61.24 30.415
    endloop
  endfacet
  facet normal 0 -1 0
    outer loop
      vertex 62.15 61.24 31.7
      vertex 65.7389 61.24 30.1542
      vertex 65.8196 61.24 30.2889
    endloop
  endfacet
  facet normal 0 -1 0
    outer loop
      vertex 62.15 61.24 31.7
      vertex 65.6718 61.24 30.0123
      vertex 65.7389 61.24 30.1542
    endloop
  endfacet
  facet normal 0 -1 0
    outer loop
      vertex 62.15 61.24 31.7
      vertex 65.6189 61.24 29.8645
      vertex 65.6718 61.24 30.0123
    endloop
  endfacet
  facet normal 0 -1 0
    outer loop
      vertex 62.15 61.24 31.7
      vertex 65.5807 61.24 29.7121
      vertex 65.6189 61.24 29.8645
    endloop
  endfacet
  facet normal 0 -1 0
    outer loop
      vertex 62.15 61.24 31.7
      vertex 65.5577 61.24 29.5568
      vertex 65.5807 61.24 29.7121
    endloop
  endfacet
  facet normal 0 -1 0
    outer loop
      vertex 62.15 61.24 31.7
      vertex 65.55 61.24 29.4
      vertex 65.5577 61.24 29.5568
    endloop
  endfacet
  facet normal 0 -1 0
    outer loop
      vertex 62.15 61.24 31.7
      vertex 65.5577 61.24 29.2432
      vertex 65.55 61.24 29.4
    endloop
  endfacet
  facet normal 0 -1 0
    outer loop
      vertex 62.15 61.24 31.7
      vertex 65.5807 61.24 29.0879
      vertex 65.5577 61.24 29.2432
    endloop
  endfacet
  facet normal 0 -1 0
    outer loop
      vertex 62.15 61.24 31.7
      vertex 65.6189 61.24 28.9355
      vertex 65.5807 61.24 29.0879
    endloop
  endfacet
  facet normal 0 -1 0
    outer loop
      vertex 62.15 61.24 31.7
      vertex 65.6718 61.24 28.7877
      vertex 65.6189 61.24 28.9355
    endloop
  endfacet
  facet normal 0 -1 0
    outer loop
      vertex 62.15 61.24 31.7
      vertex 65.7389 61.24 28.6458
      vertex 65.6718 61.24 28.7877
    endloop
  endfacet
  facet normal 0 -1 0
    outer loop
      vertex 62.15 61.24 20.9
      vertex 65.7389 61.24 28.6458
      vertex 62.15 61.24 31.7
    endloop
  endfacet
  facet normal 0 -1 -0
    outer loop
      vertex 65.7389 61.24 28.6458
      vertex 62.15 61.24 20.9
      vertex 65.8196 61.24 28.5111
    endloop
  endfacet
  facet normal 0 -1 -0
    outer loop
      vertex 65.8196 61.24 28.5111
      vertex 62.15 61.24 20.9
      vertex 65.9132 61.24 28.385
    endloop
  endfacet
  facet normal 0 -1 -0
    outer loop
      vertex 65.9132 61.24 28.385
      vertex 62.15 61.24 20.9
      vertex 66.0186 61.24 28.2686
    endloop
  endfacet
  facet normal 0 -1 -0
    outer loop
      vertex 66.9932 61.24 27.8077
      vertex 62.15 61.24 20.9
      vertex 67.15 61.24 27.8
    endloop
  endfacet
  facet normal 0 -1 -0
    outer loop
      vertex 66.8379 61.24 27.8307
      vertex 62.15 61.24 20.9
      vertex 66.9932 61.24 27.8077
    endloop
  endfacet
  facet normal 0 -1 -0
    outer loop
      vertex 66.6855 61.24 27.8689
      vertex 62.15 61.24 20.9
      vertex 66.8379 61.24 27.8307
    endloop
  endfacet
  facet normal 0 -1 -0
    outer loop
      vertex 66.5377 61.24 27.9218
      vertex 62.15 61.24 20.9
      vertex 66.6855 61.24 27.8689
    endloop
  endfacet
  facet normal 0 -1 -0
    outer loop
      vertex 66.3958 61.24 27.9889
      vertex 62.15 61.24 20.9
      vertex 66.5377 61.24 27.9218
    endloop
  endfacet
  facet normal 0 -1 -0
    outer loop
      vertex 66.2611 61.24 28.0696
      vertex 62.15 61.24 20.9
      vertex 66.3958 61.24 27.9889
    endloop
  endfacet
  facet normal 0 -1 -0
    outer loop
      vertex 66.135 61.24 28.1632
      vertex 62.15 61.24 20.9
      vertex 66.2611 61.24 28.0696
    endloop
  endfacet
  facet normal 0 -1 -0
    outer loop
      vertex 66.0186 61.24 28.2686
      vertex 62.15 61.24 20.9
      vertex 66.135 61.24 28.1632
    endloop
  endfacet
  facet normal 0 -1 0
    outer loop
      vertex 62.15 61.24 31.7
      vertex 67.3068 61.24 30.9923
      vertex 79.48 61.24 31.7
    endloop
  endfacet
  facet normal 0 -1 0
    outer loop
      vertex 67.4621 61.24 30.9693
      vertex 79.48 61.24 31.7
      vertex 67.3068 61.24 30.9923
    endloop
  endfacet
  facet normal 0 -1 0
    outer loop
      vertex 67.6145 61.24 30.9311
      vertex 79.48 61.24 31.7
      vertex 67.4621 61.24 30.9693
    endloop
  endfacet
  facet normal 0 -1 0
    outer loop
      vertex 67.7623 61.24 30.8782
      vertex 79.48 61.24 31.7
      vertex 67.6145 61.24 30.9311
    endloop
  endfacet
  facet normal 0 -1 0
    outer loop
      vertex 67.9042 61.24 30.8111
      vertex 79.48 61.24 31.7
      vertex 67.7623 61.24 30.8782
    endloop
  endfacet
  facet normal 0 -1 0
    outer loop
      vertex 68.0389 61.24 30.7304
      vertex 79.48 61.24 31.7
      vertex 67.9042 61.24 30.8111
    endloop
  endfacet
  facet normal 0 -1 0
    outer loop
      vertex 68.165 61.24 30.6368
      vertex 79.48 61.24 31.7
      vertex 68.0389 61.24 30.7304
    endloop
  endfacet
  facet normal 0 -1 0
    outer loop
      vertex 68.2814 61.24 30.5314
      vertex 79.48 61.24 31.7
      vertex 68.165 61.24 30.6368
    endloop
  endfacet
  facet normal 0 -1 0
    outer loop
      vertex 68.3868 61.24 30.415
      vertex 79.48 61.24 31.7
      vertex 68.2814 61.24 30.5314
    endloop
  endfacet
  facet normal 0 -1 0
    outer loop
      vertex 68.4803 61.24 30.2889
      vertex 79.48 61.24 31.7
      vertex 68.3868 61.24 30.415
    endloop
  endfacet
  facet normal 0 -1 0
    outer loop
      vertex 68.5611 61.24 30.1542
      vertex 79.48 61.24 31.7
      vertex 68.4803 61.24 30.2889
    endloop
  endfacet
  facet normal 0 -1 0
    outer loop
      vertex 68.6282 61.24 30.0123
      vertex 79.48 61.24 31.7
      vertex 68.5611 61.24 30.1542
    endloop
  endfacet
  facet normal 0 -1 0
    outer loop
      vertex 68.6811 61.24 29.8645
      vertex 79.48 61.24 31.7
      vertex 68.6282 61.24 30.0123
    endloop
  endfacet
  facet normal 0 -1 0
    outer loop
      vertex 68.7193 61.24 29.7121
      vertex 79.48 61.24 31.7
      vertex 68.6811 61.24 29.8645
    endloop
  endfacet
  facet normal 0 -1 0
    outer loop
      vertex 68.7423 61.24 29.5568
      vertex 79.48 61.24 31.7
      vertex 68.7193 61.24 29.7121
    endloop
  endfacet
  facet normal 0 -1 0
    outer loop
      vertex 68.75 61.24 29.4
      vertex 79.48 61.24 31.7
      vertex 68.7423 61.24 29.5568
    endloop
  endfacet
  facet normal 0 -1 0
    outer loop
      vertex 68.7423 61.24 29.2432
      vertex 79.48 61.24 31.7
      vertex 68.75 61.24 29.4
    endloop
  endfacet
  facet normal 0 -1 0
    outer loop
      vertex 68.7193 61.24 29.0879
      vertex 79.48 61.24 31.7
      vertex 68.7423 61.24 29.2432
    endloop
  endfacet
  facet normal 0 -1 0
    outer loop
      vertex 68.6811 61.24 28.9355
      vertex 79.48 61.24 31.7
      vertex 68.7193 61.24 29.0879
    endloop
  endfacet
  facet normal 0 -1 0
    outer loop
      vertex 68.6282 61.24 28.7877
      vertex 79.48 61.24 31.7
      vertex 68.6811 61.24 28.9355
    endloop
  endfacet
  facet normal 0 -1 0
    outer loop
      vertex 68.5611 61.24 28.6458
      vertex 79.48 61.24 31.7
      vertex 68.6282 61.24 28.7877
    endloop
  endfacet
  facet normal 0 -1 0
    outer loop
      vertex 68.4803 61.24 28.5111
      vertex 79.48 61.24 31.7
      vertex 68.5611 61.24 28.6458
    endloop
  endfacet
  facet normal 0 -1 0
    outer loop
      vertex 68.3868 61.24 28.385
      vertex 79.48 61.24 31.7
      vertex 68.4803 61.24 28.5111
    endloop
  endfacet
  facet normal 0 -1 0
    outer loop
      vertex 68.2814 61.24 28.2686
      vertex 79.48 61.24 31.7
      vertex 68.3868 61.24 28.385
    endloop
  endfacet
  facet normal 0 -1 0
    outer loop
      vertex 69.9 61.24 8.4
      vertex 68.2814 61.24 28.2686
      vertex 68.165 61.24 28.1632
    endloop
  endfacet
  facet normal 0 -1 0
    outer loop
      vertex 69.9 61.24 8.4
      vertex 68.165 61.24 28.1632
      vertex 68.0389 61.24 28.0696
    endloop
  endfacet
  facet normal 0 -1 0
    outer loop
      vertex 69.9 61.24 8.4
      vertex 68.0389 61.24 28.0696
      vertex 67.9042 61.24 27.9889
    endloop
  endfacet
  facet normal 0 -1 0
    outer loop
      vertex 69.9 61.24 8.4
      vertex 67.9042 61.24 27.9889
      vertex 67.7623 61.24 27.9218
    endloop
  endfacet
  facet normal 0 -1 0
    outer loop
      vertex 62.15 61.24 20.9
      vertex 67.7623 61.24 27.9218
      vertex 67.6145 61.24 27.8689
    endloop
  endfacet
  facet normal 0 -1 0
    outer loop
      vertex 62.15 61.24 20.9
      vertex 67.3068 61.24 27.8077
      vertex 67.15 61.24 27.8
    endloop
  endfacet
  facet normal 0 -1 0
    outer loop
      vertex 62.15 61.24 20.9
      vertex 67.4621 61.24 27.8307
      vertex 67.3068 61.24 27.8077
    endloop
  endfacet
  facet normal 0 -1 0
    outer loop
      vertex 62.15 61.24 20.9
      vertex 67.6145 61.24 27.8689
      vertex 67.4621 61.24 27.8307
    endloop
  endfacet
  facet normal 0 -1 -0
    outer loop
      vertex 67.7623 61.24 27.9218
      vertex 62.15 61.24 20.9
      vertex 69.9 61.24 8.4
    endloop
  endfacet
  facet normal 0 -1 0
    outer loop
      vertex 14.15 61.24 20.9
      vertex 34.4 61.24 18.9
      vertex 62.15 61.24 20.9
    endloop
  endfacet
  facet normal 0 -1 0
    outer loop
      vertex 52.4 61.24 18.9
      vertex 62.15 61.24 20.9
      vertex 34.4 61.24 18.9
    endloop
  endfacet
  facet normal 0 -1 0
    outer loop
      vertex 56.4 61.24 18.9
      vertex 62.15 61.24 20.9
      vertex 52.4 61.24 18.9
    endloop
  endfacet
  facet normal 0 -1 0
    outer loop
      vertex 56.4 61.24 12.9
      vertex 62.15 61.24 20.9
      vertex 56.4 61.24 18.9
    endloop
  endfacet
  facet normal 0 -1 0
    outer loop
      vertex 61.9 61.24 8.4
      vertex 62.15 61.24 20.9
      vertex 56.4 61.24 12.9
    endloop
  endfacet
  facet normal 0 -1 0
    outer loop
      vertex 26.4 61.24 8.4
      vertex 30.4 61.24 12.9
      vertex 21.9 61.24 8.4
    endloop
  endfacet
  facet normal 0 -1 0
    outer loop
      vertex 29.9 61.24 8.4
      vertex 30.4 61.24 12.9
      vertex 26.4 61.24 8.4
    endloop
  endfacet
  facet normal 0 -1 0
    outer loop
      vertex 34.4 61.24 8.4
      vertex 30.4 61.24 12.9
      vertex 29.9 61.24 8.4
    endloop
  endfacet
  facet normal 0 -1 0
    outer loop
      vertex 30.4 61.24 12.9
      vertex 34.4 61.24 8.4
      vertex 34.4 61.24 12.9
    endloop
  endfacet
  facet normal 0 -1 0
    outer loop
      vertex 37.9 61.24 8.4
      vertex 34.4 61.24 12.9
      vertex 34.4 61.24 8.4
    endloop
  endfacet
  facet normal 0 -1 0
    outer loop
      vertex 42.4 61.24 8.4
      vertex 34.4 61.24 12.9
      vertex 37.9 61.24 8.4
    endloop
  endfacet
  facet normal 0 -1 0
    outer loop
      vertex 34.4 61.24 12.9
      vertex 42.4 61.24 8.4
      vertex 52.4 61.24 12.9
    endloop
  endfacet
  facet normal 0 -1 0
    outer loop
      vertex 45.9 61.24 8.4
      vertex 52.4 61.24 12.9
      vertex 42.4 61.24 8.4
    endloop
  endfacet
  facet normal 0 -1 0
    outer loop
      vertex 50.4 61.24 8.4
      vertex 52.4 61.24 12.9
      vertex 45.9 61.24 8.4
    endloop
  endfacet
  facet normal 0 -1 0
    outer loop
      vertex 53.9 61.24 8.4
      vertex 52.4 61.24 12.9
      vertex 50.4 61.24 8.4
    endloop
  endfacet
  facet normal 0 -1 0
    outer loop
      vertex 52.4 61.24 12.9
      vertex 53.9 61.24 8.4
      vertex 56.4 61.24 12.9
    endloop
  endfacet
  facet normal 0 -1 0
    outer loop
      vertex 58.4 61.24 8.4
      vertex 56.4 61.24 12.9
      vertex 53.9 61.24 8.4
    endloop
  endfacet
  facet normal 0 -1 0
    outer loop
      vertex 61.9 61.24 8.4
      vertex 56.4 61.24 12.9
      vertex 58.4 61.24 8.4
    endloop
  endfacet
  facet normal 0 -1 -0
    outer loop
      vertex 62.15 61.24 20.9
      vertex 61.9 61.24 8.4
      vertex 66.4 61.24 8.4
    endloop
  endfacet
  facet normal 0 -1 0
    outer loop
      vertex 69.9 61.24 8.4
      vertex 62.15 61.24 20.9
      vertex 66.4 61.24 8.4
    endloop
  endfacet
  facet normal 0 -1 0
    outer loop
      vertex 68.2814 61.24 28.2686
      vertex 69.9 61.24 8.4
      vertex 79.48 61.24 31.7
    endloop
  endfacet
  facet normal 0 -1 0
    outer loop
      vertex 79.48 61.24 2.4
      vertex 69.9 61.24 8.4
      vertex 69.9 61.24 4.4
    endloop
  endfacet
  facet normal 0 -1 0
    outer loop
      vertex 69.9 61.24 8.4
      vertex 79.48 61.24 2.4
      vertex 79.48 61.24 31.7
    endloop
  endfacet
  facet normal 0 -1 0
    outer loop
      vertex 66.4 61.24 4.4
      vertex 79.48 61.24 2.4
      vertex 69.9 61.24 4.4
    endloop
  endfacet
  facet normal 0 -1 0
    outer loop
      vertex 61.9 61.24 4.4
      vertex 66.4 61.24 8.4
      vertex 61.9 61.24 8.4
    endloop
  endfacet
  facet normal 0 -1 -0
    outer loop
      vertex 66.4 61.24 8.4
      vertex 61.9 61.24 4.4
      vertex 66.4 61.24 4.4
    endloop
  endfacet
  facet normal 0 -1 0
    outer loop
      vertex 53.9 61.24 4.4
      vertex 58.4 61.24 8.4
      vertex 53.9 61.24 8.4
    endloop
  endfacet
  facet normal 0 -1 -0
    outer loop
      vertex 58.4 61.24 8.4
      vertex 53.9 61.24 4.4
      vertex 58.4 61.24 4.4
    endloop
  endfacet
  facet normal 0 -1 0
    outer loop
      vertex 45.9 61.24 4.4
      vertex 50.4 61.24 8.4
      vertex 45.9 61.24 8.4
    endloop
  endfacet
  facet normal 0 -1 -0
    outer loop
      vertex 50.4 61.24 8.4
      vertex 45.9 61.24 4.4
      vertex 50.4 61.24 4.4
    endloop
  endfacet
  facet normal 0 -1 0
    outer loop
      vertex 37.9 61.24 4.4
      vertex 42.4 61.24 8.4
      vertex 37.9 61.24 8.4
    endloop
  endfacet
  facet normal 0 -1 -0
    outer loop
      vertex 42.4 61.24 8.4
      vertex 37.9 61.24 4.4
      vertex 42.4 61.24 4.4
    endloop
  endfacet
  facet normal 0 -1 0
    outer loop
      vertex 29.9 61.24 4.4
      vertex 34.4 61.24 8.4
      vertex 29.9 61.24 8.4
    endloop
  endfacet
  facet normal 0 -1 -0
    outer loop
      vertex 34.4 61.24 8.4
      vertex 29.9 61.24 4.4
      vertex 34.4 61.24 4.4
    endloop
  endfacet
  facet normal 0 -1 0
    outer loop
      vertex 21.9 61.24 4.4
      vertex 26.4 61.24 8.4
      vertex 21.9 61.24 8.4
    endloop
  endfacet
  facet normal 0 -1 -0
    outer loop
      vertex 26.4 61.24 8.4
      vertex 21.9 61.24 4.4
      vertex 26.4 61.24 4.4
    endloop
  endfacet
  facet normal 0 -1 0
    outer loop
      vertex 13.9 61.24 4.4
      vertex 18.4 61.24 8.4
      vertex 13.9 61.24 8.4
    endloop
  endfacet
  facet normal 0 -1 -0
    outer loop
      vertex 18.4 61.24 8.4
      vertex 13.9 61.24 4.4
      vertex 18.4 61.24 4.4
    endloop
  endfacet
  facet normal 0 -1 0
    outer loop
      vertex 34.4 61.24 12.9
      vertex 52.4 61.24 18.9
      vertex 34.4 61.24 18.9
    endloop
  endfacet
  facet normal 0 -1 -0
    outer loop
      vertex 52.4 61.24 18.9
      vertex 34.4 61.24 12.9
      vertex 52.4 61.24 12.9
    endloop
  endfacet
  facet normal 0 -1 0
    outer loop
      vertex 2.4 61.24 31.7
      vertex 14.15 61.24 20.9
      vertex 14.15 61.24 31.7
    endloop
  endfacet
  facet normal 0 -1 0
    outer loop
      vertex 34.4 61.24 18.9
      vertex 14.15 61.24 20.9
      vertex 30.4 61.24 18.9
    endloop
  endfacet
  facet normal 0 -1 0
    outer loop
      vertex 21.9 61.24 8.4
      vertex 14.15 61.24 20.9
      vertex 18.4 61.24 8.4
    endloop
  endfacet
  facet normal 0 -1 0
    outer loop
      vertex 18.4 61.24 8.4
      vertex 14.15 61.24 20.9
      vertex 13.9 61.24 8.4
    endloop
  endfacet
  facet normal 0 -1 0
    outer loop
      vertex 14.15 61.24 20.9
      vertex 21.9 61.24 8.4
      vertex 30.4 61.24 18.9
    endloop
  endfacet
  facet normal 0 -1 -0
    outer loop
      vertex 30.4 61.24 18.9
      vertex 21.9 61.24 8.4
      vertex 30.4 61.24 12.9
    endloop
  endfacet
  facet normal 0 -1 0
    outer loop
      vertex 13.9 61.24 8.4
      vertex 14.15 61.24 20.9
      vertex 10.4 61.24 8.4
    endloop
  endfacet
  facet normal 0 -1 0
    outer loop
      vertex 2.4 61.24 31.7
      vertex 10.4 61.24 8.4
      vertex 14.15 61.24 20.9
    endloop
  endfacet
  facet normal 0 -1 0
    outer loop
      vertex 2.4 61.24 2.4
      vertex 10.4 61.24 8.4
      vertex 2.4 61.24 31.7
    endloop
  endfacet
  facet normal 0 -1 0
    outer loop
      vertex 2.4 61.24 2.4
      vertex 13.9 61.24 4.4
      vertex 10.4 61.24 4.4
    endloop
  endfacet
  facet normal 0 -1 -0
    outer loop
      vertex 13.9 61.24 4.4
      vertex 2.4 61.24 2.4
      vertex 18.4 61.24 4.4
    endloop
  endfacet
  facet normal 0 -1 -0
    outer loop
      vertex 18.4 61.24 4.4
      vertex 2.4 61.24 2.4
      vertex 21.9 61.24 4.4
    endloop
  endfacet
  facet normal 0 -1 -0
    outer loop
      vertex 21.9 61.24 4.4
      vertex 2.4 61.24 2.4
      vertex 26.4 61.24 4.4
    endloop
  endfacet
  facet normal 0 -1 -0
    outer loop
      vertex 26.4 61.24 4.4
      vertex 2.4 61.24 2.4
      vertex 29.9 61.24 4.4
    endloop
  endfacet
  facet normal 0 -1 -0
    outer loop
      vertex 29.9 61.24 4.4
      vertex 2.4 61.24 2.4
      vertex 34.4 61.24 4.4
    endloop
  endfacet
  facet normal 0 -1 -0
    outer loop
      vertex 34.4 61.24 4.4
      vertex 2.4 61.24 2.4
      vertex 37.9 61.24 4.4
    endloop
  endfacet
  facet normal 0 -1 -0
    outer loop
      vertex 37.9 61.24 4.4
      vertex 2.4 61.24 2.4
      vertex 42.4 61.24 4.4
    endloop
  endfacet
  facet normal 0 -1 -0
    outer loop
      vertex 42.4 61.24 4.4
      vertex 2.4 61.24 2.4
      vertex 45.9 61.24 4.4
    endloop
  endfacet
  facet normal 0 -1 0
    outer loop
      vertex 79.48 61.24 2.4
      vertex 45.9 61.24 4.4
      vertex 2.4 61.24 2.4
    endloop
  endfacet
  facet normal 0 -1 0
    outer loop
      vertex 45.9 61.24 4.4
      vertex 79.48 61.24 2.4
      vertex 50.4 61.24 4.4
    endloop
  endfacet
  facet normal 0 -1 0
    outer loop
      vertex 50.4 61.24 4.4
      vertex 79.48 61.24 2.4
      vertex 53.9 61.24 4.4
    endloop
  endfacet
  facet normal 0 -1 0
    outer loop
      vertex 53.9 61.24 4.4
      vertex 79.48 61.24 2.4
      vertex 58.4 61.24 4.4
    endloop
  endfacet
  facet normal 0 -1 0
    outer loop
      vertex 58.4 61.24 4.4
      vertex 79.48 61.24 2.4
      vertex 61.9 61.24 4.4
    endloop
  endfacet
  facet normal 0 -1 0
    outer loop
      vertex 61.9 61.24 4.4
      vertex 79.48 61.24 2.4
      vertex 66.4 61.24 4.4
    endloop
  endfacet
  facet normal 0 -1 -0
    outer loop
      vertex 10.4 61.24 8.4
      vertex 2.4 61.24 2.4
      vertex 10.4 61.24 4.4
    endloop
  endfacet
  facet normal 1 -0 0
    outer loop
      vertex 14.15 61.24 31.7
      vertex 14.15 63.64 20.9
      vertex 14.15 63.64 31.7
    endloop
  endfacet
  facet normal 1 0 0
    outer loop
      vertex 14.15 63.64 20.9
      vertex 14.15 61.24 31.7
      vertex 14.15 61.24 20.9
    endloop
  endfacet
  facet normal -0 0 1
    outer loop
      vertex 14.15 63.64 20.9
      vertex 62.15 61.24 20.9
      vertex 62.15 63.64 20.9
    endloop
  endfacet
  facet normal 0 0 1
    outer loop
      vertex 62.15 61.24 20.9
      vertex 14.15 63.64 20.9
      vertex 14.15 61.24 20.9
    endloop
  endfacet
  facet normal -1 0 0
    outer loop
      vertex 62.15 61.24 20.9
      vertex 62.15 63.64 31.7
      vertex 62.15 63.64 20.9
    endloop
  endfacet
  facet normal -1 -0 0
    outer loop
      vertex 62.15 63.64 31.7
      vertex 62.15 61.24 20.9
      vertex 62.15 61.24 31.7
    endloop
  endfacet
  facet normal 1 -0 0
    outer loop
      vertex 14.15 6.10352e-07 31.7
      vertex 14.15 2.4 20.9
      vertex 14.15 2.4 31.7
    endloop
  endfacet
  facet normal 1 0 0
    outer loop
      vertex 14.15 2.4 20.9
      vertex 14.15 6.10352e-07 31.7
      vertex 14.15 6.10352e-07 20.9
    endloop
  endfacet
  facet normal -0 0 1
    outer loop
      vertex 14.15 2.4 20.9
      vertex 62.15 6.10352e-07 20.9
      vertex 62.15 2.4 20.9
    endloop
  endfacet
  facet normal 0 0 1
    outer loop
      vertex 62.15 6.10352e-07 20.9
      vertex 14.15 2.4 20.9
      vertex 14.15 6.10352e-07 20.9
    endloop
  endfacet
  facet normal -1 0 0
    outer loop
      vertex 62.15 6.10352e-07 20.9
      vertex 62.15 2.4 31.7
      vertex 62.15 2.4 20.9
    endloop
  endfacet
  facet normal -1 -0 0
    outer loop
      vertex 62.15 2.4 31.7
      vertex 62.15 6.10352e-07 20.9
      vertex 62.15 6.10352e-07 31.7
    endloop
  endfacet
  facet normal 1 -0 0
    outer loop
      vertex 10.4 61.24 8.4
      vertex 10.4 63.64 4.4
      vertex 10.4 63.64 8.4
    endloop
  endfacet
  facet normal 1 0 0
    outer loop
      vertex 10.4 63.64 4.4
      vertex 10.4 61.24 8.4
      vertex 10.4 61.24 4.4
    endloop
  endfacet
  facet normal -0 0 1
    outer loop
      vertex 10.4 63.64 4.4
      vertex 13.9 61.24 4.4
      vertex 13.9 63.64 4.4
    endloop
  endfacet
  facet normal 0 0 1
    outer loop
      vertex 13.9 61.24 4.4
      vertex 10.4 63.64 4.4
      vertex 10.4 61.24 4.4
    endloop
  endfacet
  facet normal -1 0 0
    outer loop
      vertex 13.9 61.24 4.4
      vertex 13.9 63.64 8.4
      vertex 13.9 63.64 4.4
    endloop
  endfacet
  facet normal -1 -0 0
    outer loop
      vertex 13.9 63.64 8.4
      vertex 13.9 61.24 4.4
      vertex 13.9 61.24 8.4
    endloop
  endfacet
  facet normal 0 0 -1
    outer loop
      vertex 10.4 61.24 8.4
      vertex 13.9 63.64 8.4
      vertex 13.9 61.24 8.4
    endloop
  endfacet
  facet normal -0 0 -1
    outer loop
      vertex 13.9 63.64 8.4
      vertex 10.4 61.24 8.4
      vertex 10.4 63.64 8.4
    endloop
  endfacet
  facet normal 1 -0 0
    outer loop
      vertex 18.4 61.24 8.4
      vertex 18.4 63.64 4.4
      vertex 18.4 63.64 8.4
    endloop
  endfacet
  facet normal 1 0 0
    outer loop
      vertex 18.4 63.64 4.4
      vertex 18.4 61.24 8.4
      vertex 18.4 61.24 4.4
    endloop
  endfacet
  facet normal -0 0 1
    outer loop
      vertex 18.4 63.64 4.4
      vertex 21.9 61.24 4.4
      vertex 21.9 63.64 4.4
    endloop
  endfacet
  facet normal 0 0 1
    outer loop
      vertex 21.9 61.24 4.4
      vertex 18.4 63.64 4.4
      vertex 18.4 61.24 4.4
    endloop
  endfacet
  facet normal -1 0 0
    outer loop
      vertex 21.9 61.24 4.4
      vertex 21.9 63.64 8.4
      vertex 21.9 63.64 4.4
    endloop
  endfacet
  facet normal -1 -0 0
    outer loop
      vertex 21.9 63.64 8.4
      vertex 21.9 61.24 4.4
      vertex 21.9 61.24 8.4
    endloop
  endfacet
  facet normal 0 0 -1
    outer loop
      vertex 18.4 61.24 8.4
      vertex 21.9 63.64 8.4
      vertex 21.9 61.24 8.4
    endloop
  endfacet
  facet normal -0 0 -1
    outer loop
      vertex 21.9 63.64 8.4
      vertex 18.4 61.24 8.4
      vertex 18.4 63.64 8.4
    endloop
  endfacet
  facet normal 1 -0 0
    outer loop
      vertex 26.4 61.24 8.4
      vertex 26.4 63.64 4.4
      vertex 26.4 63.64 8.4
    endloop
  endfacet
  facet normal 1 0 0
    outer loop
      vertex 26.4 63.64 4.4
      vertex 26.4 61.24 8.4
      vertex 26.4 61.24 4.4
    endloop
  endfacet
  facet normal -0 0 1
    outer loop
      vertex 26.4 63.64 4.4
      vertex 29.9 61.24 4.4
      vertex 29.9 63.64 4.4
    endloop
  endfacet
  facet normal 0 0 1
    outer loop
      vertex 29.9 61.24 4.4
      vertex 26.4 63.64 4.4
      vertex 26.4 61.24 4.4
    endloop
  endfacet
  facet normal -1 0 0
    outer loop
      vertex 29.9 61.24 4.4
      vertex 29.9 63.64 8.4
      vertex 29.9 63.64 4.4
    endloop
  endfacet
  facet normal -1 -0 0
    outer loop
      vertex 29.9 63.64 8.4
      vertex 29.9 61.24 4.4
      vertex 29.9 61.24 8.4
    endloop
  endfacet
  facet normal 0 0 -1
    outer loop
      vertex 26.4 61.24 8.4
      vertex 29.9 63.64 8.4
      vertex 29.9 61.24 8.4
    endloop
  endfacet
  facet normal -0 0 -1
    outer loop
      vertex 29.9 63.64 8.4
      vertex 26.4 61.24 8.4
      vertex 26.4 63.64 8.4
    endloop
  endfacet
  facet normal 1 -0 0
    outer loop
      vertex 34.4 61.24 8.4
      vertex 34.4 63.64 4.4
      vertex 34.4 63.64 8.4
    endloop
  endfacet
  facet normal 1 0 0
    outer loop
      vertex 34.4 63.64 4.4
      vertex 34.4 61.24 8.4
      vertex 34.4 61.24 4.4
    endloop
  endfacet
  facet normal -0 0 1
    outer loop
      vertex 34.4 63.64 4.4
      vertex 37.9 61.24 4.4
      vertex 37.9 63.64 4.4
    endloop
  endfacet
  facet normal 0 0 1
    outer loop
      vertex 37.9 61.24 4.4
      vertex 34.4 63.64 4.4
      vertex 34.4 61.24 4.4
    endloop
  endfacet
  facet normal -1 0 0
    outer loop
      vertex 37.9 61.24 4.4
      vertex 37.9 63.64 8.4
      vertex 37.9 63.64 4.4
    endloop
  endfacet
  facet normal -1 -0 0
    outer loop
      vertex 37.9 63.64 8.4
      vertex 37.9 61.24 4.4
      vertex 37.9 61.24 8.4
    endloop
  endfacet
  facet normal 0 0 -1
    outer loop
      vertex 34.4 61.24 8.4
      vertex 37.9 63.64 8.4
      vertex 37.9 61.24 8.4
    endloop
  endfacet
  facet normal -0 0 -1
    outer loop
      vertex 37.9 63.64 8.4
      vertex 34.4 61.24 8.4
      vertex 34.4 63.64 8.4
    endloop
  endfacet
  facet normal 1 -0 0
    outer loop
      vertex 42.4 61.24 8.4
      vertex 42.4 63.64 4.4
      vertex 42.4 63.64 8.4
    endloop
  endfacet
  facet normal 1 0 0
    outer loop
      vertex 42.4 63.64 4.4
      vertex 42.4 61.24 8.4
      vertex 42.4 61.24 4.4
    endloop
  endfacet
  facet normal -0 0 1
    outer loop
      vertex 42.4 63.64 4.4
      vertex 45.9 61.24 4.4
      vertex 45.9 63.64 4.4
    endloop
  endfacet
  facet normal 0 0 1
    outer loop
      vertex 45.9 61.24 4.4
      vertex 42.4 63.64 4.4
      vertex 42.4 61.24 4.4
    endloop
  endfacet
  facet normal -1 0 0
    outer loop
      vertex 45.9 61.24 4.4
      vertex 45.9 63.64 8.4
      vertex 45.9 63.64 4.4
    endloop
  endfacet
  facet normal -1 -0 0
    outer loop
      vertex 45.9 63.64 8.4
      vertex 45.9 61.24 4.4
      vertex 45.9 61.24 8.4
    endloop
  endfacet
  facet normal 0 0 -1
    outer loop
      vertex 42.4 61.24 8.4
      vertex 45.9 63.64 8.4
      vertex 45.9 61.24 8.4
    endloop
  endfacet
  facet normal -0 0 -1
    outer loop
      vertex 45.9 63.64 8.4
      vertex 42.4 61.24 8.4
      vertex 42.4 63.64 8.4
    endloop
  endfacet
  facet normal 1 -0 0
    outer loop
      vertex 50.4 61.24 8.4
      vertex 50.4 63.64 4.4
      vertex 50.4 63.64 8.4
    endloop
  endfacet
  facet normal 1 0 0
    outer loop
      vertex 50.4 63.64 4.4
      vertex 50.4 61.24 8.4
      vertex 50.4 61.24 4.4
    endloop
  endfacet
  facet normal -0 0 1
    outer loop
      vertex 50.4 63.64 4.4
      vertex 53.9 61.24 4.4
      vertex 53.9 63.64 4.4
    endloop
  endfacet
  facet normal 0 0 1
    outer loop
      vertex 53.9 61.24 4.4
      vertex 50.4 63.64 4.4
      vertex 50.4 61.24 4.4
    endloop
  endfacet
  facet normal -1 0 0
    outer loop
      vertex 53.9 61.24 4.4
      vertex 53.9 63.64 8.4
      vertex 53.9 63.64 4.4
    endloop
  endfacet
  facet normal -1 -0 0
    outer loop
      vertex 53.9 63.64 8.4
      vertex 53.9 61.24 4.4
      vertex 53.9 61.24 8.4
    endloop
  endfacet
  facet normal 0 0 -1
    outer loop
      vertex 50.4 61.24 8.4
      vertex 53.9 63.64 8.4
      vertex 53.9 61.24 8.4
    endloop
  endfacet
  facet normal -0 0 -1
    outer loop
      vertex 53.9 63.64 8.4
      vertex 50.4 61.24 8.4
      vertex 50.4 63.64 8.4
    endloop
  endfacet
  facet normal 1 -0 0
    outer loop
      vertex 58.4 61.24 8.4
      vertex 58.4 63.64 4.4
      vertex 58.4 63.64 8.4
    endloop
  endfacet
  facet normal 1 0 0
    outer loop
      vertex 58.4 63.64 4.4
      vertex 58.4 61.24 8.4
      vertex 58.4 61.24 4.4
    endloop
  endfacet
  facet normal -0 0 1
    outer loop
      vertex 58.4 63.64 4.4
      vertex 61.9 61.24 4.4
      vertex 61.9 63.64 4.4
    endloop
  endfacet
  facet normal 0 0 1
    outer loop
      vertex 61.9 61.24 4.4
      vertex 58.4 63.64 4.4
      vertex 58.4 61.24 4.4
    endloop
  endfacet
  facet normal -1 0 0
    outer loop
      vertex 61.9 61.24 4.4
      vertex 61.9 63.64 8.4
      vertex 61.9 63.64 4.4
    endloop
  endfacet
  facet normal -1 -0 0
    outer loop
      vertex 61.9 63.64 8.4
      vertex 61.9 61.24 4.4
      vertex 61.9 61.24 8.4
    endloop
  endfacet
  facet normal 0 0 -1
    outer loop
      vertex 58.4 61.24 8.4
      vertex 61.9 63.64 8.4
      vertex 61.9 61.24 8.4
    endloop
  endfacet
  facet normal -0 0 -1
    outer loop
      vertex 61.9 63.64 8.4
      vertex 58.4 61.24 8.4
      vertex 58.4 63.64 8.4
    endloop
  endfacet
  facet normal 1 -0 0
    outer loop
      vertex 66.4 61.24 8.4
      vertex 66.4 63.64 4.4
      vertex 66.4 63.64 8.4
    endloop
  endfacet
  facet normal 1 0 0
    outer loop
      vertex 66.4 63.64 4.4
      vertex 66.4 61.24 8.4
      vertex 66.4 61.24 4.4
    endloop
  endfacet
  facet normal -0 0 1
    outer loop
      vertex 66.4 63.64 4.4
      vertex 69.9 61.24 4.4
      vertex 69.9 63.64 4.4
    endloop
  endfacet
  facet normal 0 0 1
    outer loop
      vertex 69.9 61.24 4.4
      vertex 66.4 63.64 4.4
      vertex 66.4 61.24 4.4
    endloop
  endfacet
  facet normal -1 0 0
    outer loop
      vertex 69.9 61.24 4.4
      vertex 69.9 63.64 8.4
      vertex 69.9 63.64 4.4
    endloop
  endfacet
  facet normal -1 -0 0
    outer loop
      vertex 69.9 63.64 8.4
      vertex 69.9 61.24 4.4
      vertex 69.9 61.24 8.4
    endloop
  endfacet
  facet normal 0 0 -1
    outer loop
      vertex 66.4 61.24 8.4
      vertex 69.9 63.64 8.4
      vertex 69.9 61.24 8.4
    endloop
  endfacet
  facet normal -0 0 -1
    outer loop
      vertex 69.9 63.64 8.4
      vertex 66.4 61.24 8.4
      vertex 66.4 63.64 8.4
    endloop
  endfacet
  facet normal 1 -0 0
    outer loop
      vertex 10.4 6.10352e-07 8.4
      vertex 10.4 2.4 4.4
      vertex 10.4 2.4 8.4
    endloop
  endfacet
  facet normal 1 0 0
    outer loop
      vertex 10.4 2.4 4.4
      vertex 10.4 6.10352e-07 8.4
      vertex 10.4 6.10352e-07 4.4
    endloop
  endfacet
  facet normal -0 0 1
    outer loop
      vertex 10.4 2.4 4.4
      vertex 13.9 6.10352e-07 4.4
      vertex 13.9 2.4 4.4
    endloop
  endfacet
  facet normal 0 0 1
    outer loop
      vertex 13.9 6.10352e-07 4.4
      vertex 10.4 2.4 4.4
      vertex 10.4 6.10352e-07 4.4
    endloop
  endfacet
  facet normal -1 0 0
    outer loop
      vertex 13.9 6.10352e-07 4.4
      vertex 13.9 2.4 8.4
      vertex 13.9 2.4 4.4
    endloop
  endfacet
  facet normal -1 -0 0
    outer loop
      vertex 13.9 2.4 8.4
      vertex 13.9 6.10352e-07 4.4
      vertex 13.9 6.10352e-07 8.4
    endloop
  endfacet
  facet normal 0 0 -1
    outer loop
      vertex 10.4 6.10352e-07 8.4
      vertex 13.9 2.4 8.4
      vertex 13.9 6.10352e-07 8.4
    endloop
  endfacet
  facet normal -0 0 -1
    outer loop
      vertex 13.9 2.4 8.4
      vertex 10.4 6.10352e-07 8.4
      vertex 10.4 2.4 8.4
    endloop
  endfacet
  facet normal 1 -0 0
    outer loop
      vertex 18.4 6.10352e-07 8.4
      vertex 18.4 2.4 4.4
      vertex 18.4 2.4 8.4
    endloop
  endfacet
  facet normal 1 0 0
    outer loop
      vertex 18.4 2.4 4.4
      vertex 18.4 6.10352e-07 8.4
      vertex 18.4 6.10352e-07 4.4
    endloop
  endfacet
  facet normal -0 0 1
    outer loop
      vertex 18.4 2.4 4.4
      vertex 21.9 6.10352e-07 4.4
      vertex 21.9 2.4 4.4
    endloop
  endfacet
  facet normal 0 0 1
    outer loop
      vertex 21.9 6.10352e-07 4.4
      vertex 18.4 2.4 4.4
      vertex 18.4 6.10352e-07 4.4
    endloop
  endfacet
  facet normal -1 0 0
    outer loop
      vertex 21.9 6.10352e-07 4.4
      vertex 21.9 2.4 8.4
      vertex 21.9 2.4 4.4
    endloop
  endfacet
  facet normal -1 -0 0
    outer loop
      vertex 21.9 2.4 8.4
      vertex 21.9 6.10352e-07 4.4
      vertex 21.9 6.10352e-07 8.4
    endloop
  endfacet
  facet normal 0 0 -1
    outer loop
      vertex 18.4 6.10352e-07 8.4
      vertex 21.9 2.4 8.4
      vertex 21.9 6.10352e-07 8.4
    endloop
  endfacet
  facet normal -0 0 -1
    outer loop
      vertex 21.9 2.4 8.4
      vertex 18.4 6.10352e-07 8.4
      vertex 18.4 2.4 8.4
    endloop
  endfacet
  facet normal 1 -0 0
    outer loop
      vertex 26.4 6.10352e-07 8.4
      vertex 26.4 2.4 4.4
      vertex 26.4 2.4 8.4
    endloop
  endfacet
  facet normal 1 0 0
    outer loop
      vertex 26.4 2.4 4.4
      vertex 26.4 6.10352e-07 8.4
      vertex 26.4 6.10352e-07 4.4
    endloop
  endfacet
  facet normal -0 0 1
    outer loop
      vertex 26.4 2.4 4.4
      vertex 29.9 6.10352e-07 4.4
      vertex 29.9 2.4 4.4
    endloop
  endfacet
  facet normal 0 0 1
    outer loop
      vertex 29.9 6.10352e-07 4.4
      vertex 26.4 2.4 4.4
      vertex 26.4 6.10352e-07 4.4
    endloop
  endfacet
  facet normal -1 0 0
    outer loop
      vertex 29.9 6.10352e-07 4.4
      vertex 29.9 2.4 8.4
      vertex 29.9 2.4 4.4
    endloop
  endfacet
  facet normal -1 -0 0
    outer loop
      vertex 29.9 2.4 8.4
      vertex 29.9 6.10352e-07 4.4
      vertex 29.9 6.10352e-07 8.4
    endloop
  endfacet
  facet normal 0 0 -1
    outer loop
      vertex 26.4 6.10352e-07 8.4
      vertex 29.9 2.4 8.4
      vertex 29.9 6.10352e-07 8.4
    endloop
  endfacet
  facet normal -0 0 -1
    outer loop
      vertex 29.9 2.4 8.4
      vertex 26.4 6.10352e-07 8.4
      vertex 26.4 2.4 8.4
    endloop
  endfacet
  facet normal 1 -0 0
    outer loop
      vertex 34.4 6.10352e-07 8.4
      vertex 34.4 2.4 4.4
      vertex 34.4 2.4 8.4
    endloop
  endfacet
  facet normal 1 0 0
    outer loop
      vertex 34.4 2.4 4.4
      vertex 34.4 6.10352e-07 8.4
      vertex 34.4 6.10352e-07 4.4
    endloop
  endfacet
  facet normal -0 0 1
    outer loop
      vertex 34.4 2.4 4.4
      vertex 37.9 6.10352e-07 4.4
      vertex 37.9 2.4 4.4
    endloop
  endfacet
  facet normal 0 0 1
    outer loop
      vertex 37.9 6.10352e-07 4.4
      vertex 34.4 2.4 4.4
      vertex 34.4 6.10352e-07 4.4
    endloop
  endfacet
  facet normal -1 0 0
    outer loop
      vertex 37.9 6.10352e-07 4.4
      vertex 37.9 2.4 8.4
      vertex 37.9 2.4 4.4
    endloop
  endfacet
  facet normal -1 -0 0
    outer loop
      vertex 37.9 2.4 8.4
      vertex 37.9 6.10352e-07 4.4
      vertex 37.9 6.10352e-07 8.4
    endloop
  endfacet
  facet normal 0 0 -1
    outer loop
      vertex 34.4 6.10352e-07 8.4
      vertex 37.9 2.4 8.4
      vertex 37.9 6.10352e-07 8.4
    endloop
  endfacet
  facet normal -0 0 -1
    outer loop
      vertex 37.9 2.4 8.4
      vertex 34.4 6.10352e-07 8.4
      vertex 34.4 2.4 8.4
    endloop
  endfacet
  facet normal 1 -0 0
    outer loop
      vertex 42.4 6.10352e-07 8.4
      vertex 42.4 2.4 4.4
      vertex 42.4 2.4 8.4
    endloop
  endfacet
  facet normal 1 0 0
    outer loop
      vertex 42.4 2.4 4.4
      vertex 42.4 6.10352e-07 8.4
      vertex 42.4 6.10352e-07 4.4
    endloop
  endfacet
  facet normal -0 0 1
    outer loop
      vertex 42.4 2.4 4.4
      vertex 45.9 6.10352e-07 4.4
      vertex 45.9 2.4 4.4
    endloop
  endfacet
  facet normal 0 0 1
    outer loop
      vertex 45.9 6.10352e-07 4.4
      vertex 42.4 2.4 4.4
      vertex 42.4 6.10352e-07 4.4
    endloop
  endfacet
  facet normal -1 0 0
    outer loop
      vertex 45.9 6.10352e-07 4.4
      vertex 45.9 2.4 8.4
      vertex 45.9 2.4 4.4
    endloop
  endfacet
  facet normal -1 -0 0
    outer loop
      vertex 45.9 2.4 8.4
      vertex 45.9 6.10352e-07 4.4
      vertex 45.9 6.10352e-07 8.4
    endloop
  endfacet
  facet normal 0 0 -1
    outer loop
      vertex 42.4 6.10352e-07 8.4
      vertex 45.9 2.4 8.4
      vertex 45.9 6.10352e-07 8.4
    endloop
  endfacet
  facet normal -0 0 -1
    outer loop
      vertex 45.9 2.4 8.4
      vertex 42.4 6.10352e-07 8.4
      vertex 42.4 2.4 8.4
    endloop
  endfacet
  facet normal 1 -0 0
    outer loop
      vertex 50.4 6.10352e-07 8.4
      vertex 50.4 2.4 4.4
      vertex 50.4 2.4 8.4
    endloop
  endfacet
  facet normal 1 0 0
    outer loop
      vertex 50.4 2.4 4.4
      vertex 50.4 6.10352e-07 8.4
      vertex 50.4 6.10352e-07 4.4
    endloop
  endfacet
  facet normal -0 0 1
    outer loop
      vertex 50.4 2.4 4.4
      vertex 53.9 6.10352e-07 4.4
      vertex 53.9 2.4 4.4
    endloop
  endfacet
  facet normal 0 0 1
    outer loop
      vertex 53.9 6.10352e-07 4.4
      vertex 50.4 2.4 4.4
      vertex 50.4 6.10352e-07 4.4
    endloop
  endfacet
  facet normal -1 0 0
    outer loop
      vertex 53.9 6.10352e-07 4.4
      vertex 53.9 2.4 8.4
      vertex 53.9 2.4 4.4
    endloop
  endfacet
  facet normal -1 -0 0
    outer loop
      vertex 53.9 2.4 8.4
      vertex 53.9 6.10352e-07 4.4
      vertex 53.9 6.10352e-07 8.4
    endloop
  endfacet
  facet normal 0 0 -1
    outer loop
      vertex 50.4 6.10352e-07 8.4
      vertex 53.9 2.4 8.4
      vertex 53.9 6.10352e-07 8.4
    endloop
  endfacet
  facet normal -0 0 -1
    outer loop
      vertex 53.9 2.4 8.4
      vertex 50.4 6.10352e-07 8.4
      vertex 50.4 2.4 8.4
    endloop
  endfacet
  facet normal 1 -0 0
    outer loop
      vertex 58.4 6.10352e-07 8.4
      vertex 58.4 2.4 4.4
      vertex 58.4 2.4 8.4
    endloop
  endfacet
  facet normal 1 0 0
    outer loop
      vertex 58.4 2.4 4.4
      vertex 58.4 6.10352e-07 8.4
      vertex 58.4 6.10352e-07 4.4
    endloop
  endfacet
  facet normal -0 0 1
    outer loop
      vertex 58.4 2.4 4.4
      vertex 61.9 6.10352e-07 4.4
      vertex 61.9 2.4 4.4
    endloop
  endfacet
  facet normal 0 0 1
    outer loop
      vertex 61.9 6.10352e-07 4.4
      vertex 58.4 2.4 4.4
      vertex 58.4 6.10352e-07 4.4
    endloop
  endfacet
  facet normal -1 0 0
    outer loop
      vertex 61.9 6.10352e-07 4.4
      vertex 61.9 2.4 8.4
      vertex 61.9 2.4 4.4
    endloop
  endfacet
  facet normal -1 -0 0
    outer loop
      vertex 61.9 2.4 8.4
      vertex 61.9 6.10352e-07 4.4
      vertex 61.9 6.10352e-07 8.4
    endloop
  endfacet
  facet normal 0 0 -1
    outer loop
      vertex 58.4 6.10352e-07 8.4
      vertex 61.9 2.4 8.4
      vertex 61.9 6.10352e-07 8.4
    endloop
  endfacet
  facet normal -0 0 -1
    outer loop
      vertex 61.9 2.4 8.4
      vertex 58.4 6.10352e-07 8.4
      vertex 58.4 2.4 8.4
    endloop
  endfacet
  facet normal 1 -0 0
    outer loop
      vertex 66.4 6.10352e-07 8.4
      vertex 66.4 2.4 4.4
      vertex 66.4 2.4 8.4
    endloop
  endfacet
  facet normal 1 0 0
    outer loop
      vertex 66.4 2.4 4.4
      vertex 66.4 6.10352e-07 8.4
      vertex 66.4 6.10352e-07 4.4
    endloop
  endfacet
  facet normal -0 0 1
    outer loop
      vertex 66.4 2.4 4.4
      vertex 69.9 6.10352e-07 4.4
      vertex 69.9 2.4 4.4
    endloop
  endfacet
  facet normal 0 0 1
    outer loop
      vertex 69.9 6.10352e-07 4.4
      vertex 66.4 2.4 4.4
      vertex 66.4 6.10352e-07 4.4
    endloop
  endfacet
  facet normal -1 0 0
    outer loop
      vertex 69.9 6.10352e-07 4.4
      vertex 69.9 2.4 8.4
      vertex 69.9 2.4 4.4
    endloop
  endfacet
  facet normal -1 -0 0
    outer loop
      vertex 69.9 2.4 8.4
      vertex 69.9 6.10352e-07 4.4
      vertex 69.9 6.10352e-07 8.4
    endloop
  endfacet
  facet normal 0 0 -1
    outer loop
      vertex 66.4 6.10352e-07 8.4
      vertex 69.9 2.4 8.4
      vertex 69.9 6.10352e-07 8.4
    endloop
  endfacet
  facet normal -0 0 -1
    outer loop
      vertex 69.9 2.4 8.4
      vertex 66.4 6.10352e-07 8.4
      vertex 66.4 2.4 8.4
    endloop
  endfacet
  facet normal 1 -0 0
    outer loop
      vertex 34.65 47.99 2.4
      vertex 34.65 50.59 3.8147e-07
      vertex 34.65 50.59 2.4
    endloop
  endfacet
  facet normal 1 0 0
    outer loop
      vertex 34.65 50.59 3.8147e-07
      vertex 34.65 47.99 2.4
      vertex 34.65 47.99 3.8147e-07
    endloop
  endfacet
  facet normal -1 0 0
    outer loop
      vertex 63.65 47.99 3.8147e-07
      vertex 63.65 50.59 2.4
      vertex 63.65 50.59 3.8147e-07
    endloop
  endfacet
  facet normal -1 -0 0
    outer loop
      vertex 63.65 50.59 2.4
      vertex 63.65 47.99 3.8147e-07
      vertex 63.65 47.99 2.4
    endloop
  endfacet
  facet normal 0 1 -0
    outer loop
      vertex 63.65 47.99 3.8147e-07
      vertex 34.65 47.99 2.4
      vertex 63.65 47.99 2.4
    endloop
  endfacet
  facet normal 0 1 0
    outer loop
      vertex 34.65 47.99 2.4
      vertex 63.65 47.99 3.8147e-07
      vertex 34.65 47.99 3.8147e-07
    endloop
  endfacet
  facet normal 0 -1 0
    outer loop
      vertex 34.65 50.59 3.8147e-07
      vertex 63.65 50.59 2.4
      vertex 34.65 50.59 2.4
    endloop
  endfacet
  facet normal 0 -1 -0
    outer loop
      vertex 63.65 50.59 2.4
      vertex 34.65 50.59 3.8147e-07
      vertex 63.65 50.59 3.8147e-07
    endloop
  endfacet
  facet normal 1 -0 0
    outer loop
      vertex 34.65 43.99 2.4
      vertex 34.65 46.59 3.8147e-07
      vertex 34.65 46.59 2.4
    endloop
  endfacet
  facet normal 1 0 0
    outer loop
      vertex 34.65 46.59 3.8147e-07
      vertex 34.65 43.99 2.4
      vertex 34.65 43.99 3.8147e-07
    endloop
  endfacet
  facet normal -1 0 0
    outer loop
      vertex 63.65 43.99 3.8147e-07
      vertex 63.65 46.59 2.4
      vertex 63.65 46.59 3.8147e-07
    endloop
  endfacet
  facet normal -1 -0 0
    outer loop
      vertex 63.65 46.59 2.4
      vertex 63.65 43.99 3.8147e-07
      vertex 63.65 43.99 2.4
    endloop
  endfacet
  facet normal 0 -1 0
    outer loop
      vertex 34.65 46.59 3.8147e-07
      vertex 63.65 46.59 2.4
      vertex 34.65 46.59 2.4
    endloop
  endfacet
  facet normal 0 -1 -0
    outer loop
      vertex 63.65 46.59 2.4
      vertex 34.65 46.59 3.8147e-07
      vertex 63.65 46.59 3.8147e-07
    endloop
  endfacet
  facet normal 0 1 -0
    outer loop
      vertex 63.65 43.99 3.8147e-07
      vertex 34.65 43.99 2.4
      vertex 63.65 43.99 2.4
    endloop
  endfacet
  facet normal 0 1 0
    outer loop
      vertex 34.65 43.99 2.4
      vertex 63.65 43.99 3.8147e-07
      vertex 34.65 43.99 3.8147e-07
    endloop
  endfacet
  facet normal 1 -0 0
    outer loop
      vertex 34.65 39.99 2.4
      vertex 34.65 42.59 3.8147e-07
      vertex 34.65 42.59 2.4
    endloop
  endfacet
  facet normal 1 0 0
    outer loop
      vertex 34.65 42.59 3.8147e-07
      vertex 34.65 39.99 2.4
      vertex 34.65 39.99 3.8147e-07
    endloop
  endfacet
  facet normal -1 0 0
    outer loop
      vertex 63.65 39.99 3.8147e-07
      vertex 63.65 42.59 2.4
      vertex 63.65 42.59 3.8147e-07
    endloop
  endfacet
  facet normal -1 -0 0
    outer loop
      vertex 63.65 42.59 2.4
      vertex 63.65 39.99 3.8147e-07
      vertex 63.65 39.99 2.4
    endloop
  endfacet
  facet normal 0 -1 0
    outer loop
      vertex 34.65 42.59 3.8147e-07
      vertex 63.65 42.59 2.4
      vertex 34.65 42.59 2.4
    endloop
  endfacet
  facet normal 0 -1 -0
    outer loop
      vertex 63.65 42.59 2.4
      vertex 34.65 42.59 3.8147e-07
      vertex 63.65 42.59 3.8147e-07
    endloop
  endfacet
  facet normal 0 1 -0
    outer loop
      vertex 63.65 39.99 3.8147e-07
      vertex 34.65 39.99 2.4
      vertex 63.65 39.99 2.4
    endloop
  endfacet
  facet normal 0 1 0
    outer loop
      vertex 34.65 39.99 2.4
      vertex 63.65 39.99 3.8147e-07
      vertex 34.65 39.99 3.8147e-07
    endloop
  endfacet
  facet normal 1 -0 0
    outer loop
      vertex 34.65 35.99 2.4
      vertex 34.65 38.59 3.8147e-07
      vertex 34.65 38.59 2.4
    endloop
  endfacet
  facet normal 1 0 0
    outer loop
      vertex 34.65 38.59 3.8147e-07
      vertex 34.65 35.99 2.4
      vertex 34.65 35.99 3.8147e-07
    endloop
  endfacet
  facet normal -1 0 0
    outer loop
      vertex 63.65 35.99 3.8147e-07
      vertex 63.65 38.59 2.4
      vertex 63.65 38.59 3.8147e-07
    endloop
  endfacet
  facet normal -1 -0 0
    outer loop
      vertex 63.65 38.59 2.4
      vertex 63.65 35.99 3.8147e-07
      vertex 63.65 35.99 2.4
    endloop
  endfacet
  facet normal 0 1 -0
    outer loop
      vertex 63.65 35.99 3.8147e-07
      vertex 34.65 35.99 2.4
      vertex 63.65 35.99 2.4
    endloop
  endfacet
  facet normal 0 1 0
    outer loop
      vertex 34.65 35.99 2.4
      vertex 63.65 35.99 3.8147e-07
      vertex 34.65 35.99 3.8147e-07
    endloop
  endfacet
  facet normal 0 -1 0
    outer loop
      vertex 34.65 38.59 3.8147e-07
      vertex 63.65 38.59 2.4
      vertex 34.65 38.59 2.4
    endloop
  endfacet
  facet normal 0 -1 -0
    outer loop
      vertex 63.65 38.59 2.4
      vertex 34.65 38.59 3.8147e-07
      vertex 63.65 38.59 3.8147e-07
    endloop
  endfacet
  facet normal -0.998796 0 -0.049048
    outer loop
      vertex 68.75 61.24 29.4
      vertex 68.7423 63.64 29.5568
      vertex 68.75 63.64 29.4
    endloop
  endfacet
  facet normal -0.998796 -0 -0.049048
    outer loop
      vertex 68.7423 63.64 29.5568
      vertex 68.75 61.24 29.4
      vertex 68.7423 61.24 29.5568
    endloop
  endfacet
  facet normal 0.998796 0 -0.049048
    outer loop
      vertex 65.5577 61.24 29.5568
      vertex 65.55 63.64 29.4
      vertex 65.5577 63.64 29.5568
    endloop
  endfacet
  facet normal 0.998796 0 -0.049048
    outer loop
      vertex 65.55 63.64 29.4
      vertex 65.5577 61.24 29.5568
      vertex 65.55 61.24 29.4
    endloop
  endfacet
  facet normal -0.049048 0 -0.998796
    outer loop
      vertex 67.15 61.24 31
      vertex 67.3068 63.64 30.9923
      vertex 67.3068 61.24 30.9923
    endloop
  endfacet
  facet normal -0.049048 0 -0.998796
    outer loop
      vertex 67.3068 63.64 30.9923
      vertex 67.15 61.24 31
      vertex 67.15 63.64 31
    endloop
  endfacet
  facet normal 0.049048 0 0.998796
    outer loop
      vertex 66.9932 63.64 27.8077
      vertex 67.15 61.24 27.8
      vertex 67.15 63.64 27.8
    endloop
  endfacet
  facet normal 0.049048 0 0.998796
    outer loop
      vertex 67.15 61.24 27.8
      vertex 66.9932 63.64 27.8077
      vertex 66.9932 61.24 27.8077
    endloop
  endfacet
  facet normal -0.671213 0 -0.741264
    outer loop
      vertex 68.165 61.24 30.6368
      vertex 68.2814 63.64 30.5314
      vertex 68.2814 61.24 30.5314
    endloop
  endfacet
  facet normal -0.671213 0 -0.741264
    outer loop
      vertex 68.2814 63.64 30.5314
      vertex 68.165 61.24 30.6368
      vertex 68.165 63.64 30.6368
    endloop
  endfacet
  facet normal 0.671213 0 -0.741264
    outer loop
      vertex 66.0186 61.24 30.5314
      vertex 66.135 63.64 30.6368
      vertex 66.135 61.24 30.6368
    endloop
  endfacet
  facet normal 0.671213 0 -0.741264
    outer loop
      vertex 66.135 63.64 30.6368
      vertex 66.0186 61.24 30.5314
      vertex 66.0186 63.64 30.5314
    endloop
  endfacet
  facet normal 0.336982 0 -0.941511
    outer loop
      vertex 66.5377 61.24 30.8782
      vertex 66.6855 63.64 30.9311
      vertex 66.6855 61.24 30.9311
    endloop
  endfacet
  facet normal 0.336982 0 -0.941511
    outer loop
      vertex 66.6855 63.64 30.9311
      vertex 66.5377 61.24 30.8782
      vertex 66.5377 63.64 30.8782
    endloop
  endfacet
  facet normal 0.969993 -0 0.243135
    outer loop
      vertex 65.5807 61.24 29.0879
      vertex 65.6189 63.64 28.9355
      vertex 65.5807 63.64 29.0879
    endloop
  endfacet
  facet normal 0.969993 0 0.243135
    outer loop
      vertex 65.6189 63.64 28.9355
      vertex 65.5807 61.24 29.0879
      vertex 65.6189 61.24 28.9355
    endloop
  endfacet
  facet normal -0.904023 0 -0.427484
    outer loop
      vertex 68.6282 61.24 30.0123
      vertex 68.5611 63.64 30.1542
      vertex 68.6282 63.64 30.0123
    endloop
  endfacet
  facet normal -0.904023 -0 -0.427484
    outer loop
      vertex 68.5611 63.64 30.1542
      vertex 68.6282 61.24 30.0123
      vertex 68.5611 61.24 30.1542
    endloop
  endfacet
  facet normal -0.336982 0 -0.941511
    outer loop
      vertex 67.6145 61.24 30.9311
      vertex 67.7623 63.64 30.8782
      vertex 67.7623 61.24 30.8782
    endloop
  endfacet
  facet normal -0.336982 0 -0.941511
    outer loop
      vertex 67.7623 63.64 30.8782
      vertex 67.6145 61.24 30.9311
      vertex 67.6145 63.64 30.9311
    endloop
  endfacet
  facet normal -0.243135 0 -0.969993
    outer loop
      vertex 67.4621 61.24 30.9693
      vertex 67.6145 63.64 30.9311
      vertex 67.6145 61.24 30.9311
    endloop
  endfacet
  facet normal -0.243135 0 -0.969993
    outer loop
      vertex 67.6145 63.64 30.9311
      vertex 67.4621 61.24 30.9693
      vertex 67.4621 63.64 30.9693
    endloop
  endfacet
  facet normal 0.85783 0 -0.513934
    outer loop
      vertex 65.8196 61.24 30.2889
      vertex 65.7389 63.64 30.1542
      vertex 65.8196 63.64 30.2889
    endloop
  endfacet
  facet normal 0.85783 0 -0.513934
    outer loop
      vertex 65.7389 63.64 30.1542
      vertex 65.8196 61.24 30.2889
      vertex 65.7389 61.24 30.1542
    endloop
  endfacet
  facet normal 0.80297 0 -0.596019
    outer loop
      vertex 65.9132 61.24 30.415
      vertex 65.8196 63.64 30.2889
      vertex 65.9132 63.64 30.415
    endloop
  endfacet
  facet normal 0.80297 0 -0.596019
    outer loop
      vertex 65.8196 63.64 30.2889
      vertex 65.9132 61.24 30.415
      vertex 65.8196 61.24 30.2889
    endloop
  endfacet
  facet normal 0.146502 0 -0.98921
    outer loop
      vertex 66.8379 61.24 30.9693
      vertex 66.9932 63.64 30.9923
      vertex 66.9932 61.24 30.9923
    endloop
  endfacet
  facet normal 0.146502 0 -0.98921
    outer loop
      vertex 66.9932 63.64 30.9923
      vertex 66.8379 61.24 30.9693
      vertex 66.8379 63.64 30.9693
    endloop
  endfacet
  facet normal -0.857549 0 0.514402
    outer loop
      vertex 68.4803 61.24 28.5111
      vertex 68.5611 63.64 28.6458
      vertex 68.4803 63.64 28.5111
    endloop
  endfacet
  facet normal -0.857549 0 0.514402
    outer loop
      vertex 68.5611 63.64 28.6458
      vertex 68.4803 61.24 28.5111
      vertex 68.5611 61.24 28.6458
    endloop
  endfacet
  facet normal -0.243135 0 0.969993
    outer loop
      vertex 67.4621 63.64 27.8307
      vertex 67.6145 61.24 27.8689
      vertex 67.6145 63.64 27.8689
    endloop
  endfacet
  facet normal -0.243135 0 0.969993
    outer loop
      vertex 67.6145 61.24 27.8689
      vertex 67.4621 63.64 27.8307
      vertex 67.4621 61.24 27.8307
    endloop
  endfacet
  facet normal -0.671213 0 0.741264
    outer loop
      vertex 68.165 63.64 28.1632
      vertex 68.2814 61.24 28.2686
      vertex 68.2814 63.64 28.2686
    endloop
  endfacet
  facet normal -0.671213 0 0.741264
    outer loop
      vertex 68.2814 61.24 28.2686
      vertex 68.165 63.64 28.1632
      vertex 68.165 61.24 28.1632
    endloop
  endfacet
  facet normal -0.941511 0 0.336982
    outer loop
      vertex 68.6282 61.24 28.7877
      vertex 68.6811 63.64 28.9355
      vertex 68.6282 63.64 28.7877
    endloop
  endfacet
  facet normal -0.941511 0 0.336982
    outer loop
      vertex 68.6811 63.64 28.9355
      vertex 68.6282 61.24 28.7877
      vertex 68.6811 61.24 28.9355
    endloop
  endfacet
  facet normal 0.336982 0 0.941511
    outer loop
      vertex 66.5377 63.64 27.9218
      vertex 66.6855 61.24 27.8689
      vertex 66.6855 63.64 27.8689
    endloop
  endfacet
  facet normal 0.336982 0 0.941511
    outer loop
      vertex 66.6855 61.24 27.8689
      vertex 66.5377 63.64 27.9218
      vertex 66.5377 61.24 27.9218
    endloop
  endfacet
  facet normal 0.80297 -0 0.596019
    outer loop
      vertex 65.8196 61.24 28.5111
      vertex 65.9132 63.64 28.385
      vertex 65.8196 63.64 28.5111
    endloop
  endfacet
  facet normal 0.80297 0 0.596019
    outer loop
      vertex 65.9132 63.64 28.385
      vertex 65.8196 61.24 28.5111
      vertex 65.9132 61.24 28.385
    endloop
  endfacet
  facet normal -0.969993 0 -0.243135
    outer loop
      vertex 68.7193 61.24 29.7121
      vertex 68.6811 63.64 29.8645
      vertex 68.7193 63.64 29.7121
    endloop
  endfacet
  facet normal -0.969993 -0 -0.243135
    outer loop
      vertex 68.6811 63.64 29.8645
      vertex 68.7193 61.24 29.7121
      vertex 68.6811 61.24 29.8645
    endloop
  endfacet
  facet normal -0.98921 0 -0.146502
    outer loop
      vertex 68.7423 61.24 29.5568
      vertex 68.7193 63.64 29.7121
      vertex 68.7423 63.64 29.5568
    endloop
  endfacet
  facet normal -0.98921 -0 -0.146502
    outer loop
      vertex 68.7193 63.64 29.7121
      vertex 68.7423 61.24 29.5568
      vertex 68.7193 61.24 29.7121
    endloop
  endfacet
  facet normal -0.941511 0 -0.336982
    outer loop
      vertex 68.6811 61.24 29.8645
      vertex 68.6282 63.64 30.0123
      vertex 68.6811 63.64 29.8645
    endloop
  endfacet
  facet normal -0.941511 -0 -0.336982
    outer loop
      vertex 68.6282 63.64 30.0123
      vertex 68.6811 61.24 29.8645
      vertex 68.6282 61.24 30.0123
    endloop
  endfacet
  facet normal -0.803275 0 -0.595608
    outer loop
      vertex 68.4803 61.24 30.2889
      vertex 68.3868 63.64 30.415
      vertex 68.4803 63.64 30.2889
    endloop
  endfacet
  facet normal -0.803275 -0 -0.595608
    outer loop
      vertex 68.3868 63.64 30.415
      vertex 68.4803 61.24 30.2889
      vertex 68.3868 61.24 30.415
    endloop
  endfacet
  facet normal -0.857549 0 -0.514402
    outer loop
      vertex 68.5611 61.24 30.1542
      vertex 68.4803 63.64 30.2889
      vertex 68.5611 63.64 30.1542
    endloop
  endfacet
  facet normal -0.857549 -0 -0.514402
    outer loop
      vertex 68.4803 63.64 30.2889
      vertex 68.5611 61.24 30.1542
      vertex 68.4803 61.24 30.2889
    endloop
  endfacet
  facet normal -0.146502 0 -0.98921
    outer loop
      vertex 67.3068 61.24 30.9923
      vertex 67.4621 63.64 30.9693
      vertex 67.4621 61.24 30.9693
    endloop
  endfacet
  facet normal -0.146502 0 -0.98921
    outer loop
      vertex 67.4621 63.64 30.9693
      vertex 67.3068 61.24 30.9923
      vertex 67.3068 63.64 30.9923
    endloop
  endfacet
  facet normal -0.513934 0 -0.85783
    outer loop
      vertex 67.9042 61.24 30.8111
      vertex 68.0389 63.64 30.7304
      vertex 68.0389 61.24 30.7304
    endloop
  endfacet
  facet normal -0.513934 0 -0.85783
    outer loop
      vertex 68.0389 63.64 30.7304
      vertex 67.9042 61.24 30.8111
      vertex 67.9042 63.64 30.8111
    endloop
  endfacet
  facet normal -0.596019 0 -0.80297
    outer loop
      vertex 68.0389 61.24 30.7304
      vertex 68.165 63.64 30.6368
      vertex 68.165 61.24 30.6368
    endloop
  endfacet
  facet normal -0.596019 0 -0.80297
    outer loop
      vertex 68.165 63.64 30.6368
      vertex 68.0389 61.24 30.7304
      vertex 68.0389 63.64 30.7304
    endloop
  endfacet
  facet normal 0.969993 0 -0.243135
    outer loop
      vertex 65.6189 61.24 29.8645
      vertex 65.5807 63.64 29.7121
      vertex 65.6189 63.64 29.8645
    endloop
  endfacet
  facet normal 0.969993 0 -0.243135
    outer loop
      vertex 65.5807 63.64 29.7121
      vertex 65.6189 61.24 29.8645
      vertex 65.5807 61.24 29.7121
    endloop
  endfacet
  facet normal 0.904023 0 -0.427484
    outer loop
      vertex 65.7389 61.24 30.1542
      vertex 65.6718 63.64 30.0123
      vertex 65.7389 63.64 30.1542
    endloop
  endfacet
  facet normal 0.904023 0 -0.427484
    outer loop
      vertex 65.6718 63.64 30.0123
      vertex 65.7389 61.24 30.1542
      vertex 65.6718 61.24 30.0123
    endloop
  endfacet
  facet normal 0.98921 0 -0.146502
    outer loop
      vertex 65.5807 61.24 29.7121
      vertex 65.5577 63.64 29.5568
      vertex 65.5807 63.64 29.7121
    endloop
  endfacet
  facet normal 0.98921 0 -0.146502
    outer loop
      vertex 65.5577 63.64 29.5568
      vertex 65.5807 61.24 29.7121
      vertex 65.5577 61.24 29.5568
    endloop
  endfacet
  facet normal 0.513934 0 -0.85783
    outer loop
      vertex 66.2611 61.24 30.7304
      vertex 66.3958 63.64 30.8111
      vertex 66.3958 61.24 30.8111
    endloop
  endfacet
  facet normal 0.513934 0 -0.85783
    outer loop
      vertex 66.3958 63.64 30.8111
      vertex 66.2611 61.24 30.7304
      vertex 66.2611 63.64 30.7304
    endloop
  endfacet
  facet normal 0.049048 0 -0.998796
    outer loop
      vertex 66.9932 61.24 30.9923
      vertex 67.15 63.64 31
      vertex 67.15 61.24 31
    endloop
  endfacet
  facet normal 0.049048 0 -0.998796
    outer loop
      vertex 67.15 63.64 31
      vertex 66.9932 61.24 30.9923
      vertex 66.9932 63.64 30.9923
    endloop
  endfacet
  facet normal -0.049048 0 0.998796
    outer loop
      vertex 67.15 63.64 27.8
      vertex 67.3068 61.24 27.8077
      vertex 67.3068 63.64 27.8077
    endloop
  endfacet
  facet normal -0.049048 0 0.998796
    outer loop
      vertex 67.3068 61.24 27.8077
      vertex 67.15 63.64 27.8
      vertex 67.15 61.24 27.8
    endloop
  endfacet
  facet normal -0.427484 0 0.904023
    outer loop
      vertex 67.7623 63.64 27.9218
      vertex 67.9042 61.24 27.9889
      vertex 67.9042 63.64 27.9889
    endloop
  endfacet
  facet normal -0.427484 0 0.904023
    outer loop
      vertex 67.9042 61.24 27.9889
      vertex 67.7623 63.64 27.9218
      vertex 67.7623 61.24 27.9218
    endloop
  endfacet
  facet normal -0.596019 0 0.80297
    outer loop
      vertex 68.0389 63.64 28.0696
      vertex 68.165 61.24 28.1632
      vertex 68.165 63.64 28.1632
    endloop
  endfacet
  facet normal -0.596019 0 0.80297
    outer loop
      vertex 68.165 61.24 28.1632
      vertex 68.0389 63.64 28.0696
      vertex 68.0389 61.24 28.0696
    endloop
  endfacet
  facet normal -0.741264 0 0.671213
    outer loop
      vertex 68.2814 61.24 28.2686
      vertex 68.3868 63.64 28.385
      vertex 68.2814 63.64 28.2686
    endloop
  endfacet
  facet normal -0.741264 0 0.671213
    outer loop
      vertex 68.3868 63.64 28.385
      vertex 68.2814 61.24 28.2686
      vertex 68.3868 61.24 28.385
    endloop
  endfacet
  facet normal -0.803275 0 0.595608
    outer loop
      vertex 68.3868 61.24 28.385
      vertex 68.4803 63.64 28.5111
      vertex 68.3868 63.64 28.385
    endloop
  endfacet
  facet normal -0.803275 0 0.595608
    outer loop
      vertex 68.4803 63.64 28.5111
      vertex 68.3868 61.24 28.385
      vertex 68.4803 61.24 28.5111
    endloop
  endfacet
  facet normal 0.671213 0 0.741264
    outer loop
      vertex 66.0186 63.64 28.2686
      vertex 66.135 61.24 28.1632
      vertex 66.135 63.64 28.1632
    endloop
  endfacet
  facet normal 0.671213 0 0.741264
    outer loop
      vertex 66.135 61.24 28.1632
      vertex 66.0186 63.64 28.2686
      vertex 66.0186 61.24 28.2686
    endloop
  endfacet
  facet normal 0.596019 0 0.80297
    outer loop
      vertex 66.135 63.64 28.1632
      vertex 66.2611 61.24 28.0696
      vertex 66.2611 63.64 28.0696
    endloop
  endfacet
  facet normal 0.596019 0 0.80297
    outer loop
      vertex 66.2611 61.24 28.0696
      vertex 66.135 63.64 28.1632
      vertex 66.135 61.24 28.1632
    endloop
  endfacet
  facet normal 0.513934 0 0.85783
    outer loop
      vertex 66.2611 63.64 28.0696
      vertex 66.3958 61.24 27.9889
      vertex 66.3958 63.64 27.9889
    endloop
  endfacet
  facet normal 0.513934 0 0.85783
    outer loop
      vertex 66.3958 61.24 27.9889
      vertex 66.2611 63.64 28.0696
      vertex 66.2611 61.24 28.0696
    endloop
  endfacet
  facet normal 0.146502 0 0.98921
    outer loop
      vertex 66.8379 63.64 27.8307
      vertex 66.9932 61.24 27.8077
      vertex 66.9932 63.64 27.8077
    endloop
  endfacet
  facet normal 0.146502 0 0.98921
    outer loop
      vertex 66.9932 61.24 27.8077
      vertex 66.8379 63.64 27.8307
      vertex 66.8379 61.24 27.8307
    endloop
  endfacet
  facet normal 0.904023 -0 0.427484
    outer loop
      vertex 65.6718 61.24 28.7877
      vertex 65.7389 63.64 28.6458
      vertex 65.6718 63.64 28.7877
    endloop
  endfacet
  facet normal 0.904023 0 0.427484
    outer loop
      vertex 65.7389 63.64 28.6458
      vertex 65.6718 61.24 28.7877
      vertex 65.7389 61.24 28.6458
    endloop
  endfacet
  facet normal 0.85783 -0 0.513934
    outer loop
      vertex 65.7389 61.24 28.6458
      vertex 65.8196 63.64 28.5111
      vertex 65.7389 63.64 28.6458
    endloop
  endfacet
  facet normal 0.85783 0 0.513934
    outer loop
      vertex 65.8196 63.64 28.5111
      vertex 65.7389 61.24 28.6458
      vertex 65.8196 61.24 28.5111
    endloop
  endfacet
  facet normal 0.941511 -0 0.336982
    outer loop
      vertex 65.6189 61.24 28.9355
      vertex 65.6718 63.64 28.7877
      vertex 65.6189 63.64 28.9355
    endloop
  endfacet
  facet normal 0.941511 0 0.336982
    outer loop
      vertex 65.6718 63.64 28.7877
      vertex 65.6189 61.24 28.9355
      vertex 65.6718 61.24 28.7877
    endloop
  endfacet
  facet normal 0.998796 -0 0.049048
    outer loop
      vertex 65.55 61.24 29.4
      vertex 65.5577 63.64 29.2432
      vertex 65.55 63.64 29.4
    endloop
  endfacet
  facet normal 0.998796 0 0.049048
    outer loop
      vertex 65.5577 63.64 29.2432
      vertex 65.55 61.24 29.4
      vertex 65.5577 61.24 29.2432
    endloop
  endfacet
  facet normal -0.741264 0 -0.671213
    outer loop
      vertex 68.3868 61.24 30.415
      vertex 68.2814 63.64 30.5314
      vertex 68.3868 63.64 30.415
    endloop
  endfacet
  facet normal -0.741264 -0 -0.671213
    outer loop
      vertex 68.2814 63.64 30.5314
      vertex 68.3868 61.24 30.415
      vertex 68.2814 61.24 30.5314
    endloop
  endfacet
  facet normal -0.427484 0 -0.904023
    outer loop
      vertex 67.7623 61.24 30.8782
      vertex 67.9042 63.64 30.8111
      vertex 67.9042 61.24 30.8111
    endloop
  endfacet
  facet normal -0.427484 0 -0.904023
    outer loop
      vertex 67.9042 63.64 30.8111
      vertex 67.7623 61.24 30.8782
      vertex 67.7623 63.64 30.8782
    endloop
  endfacet
  facet normal 0.741264 0 -0.671213
    outer loop
      vertex 66.0186 61.24 30.5314
      vertex 65.9132 63.64 30.415
      vertex 66.0186 63.64 30.5314
    endloop
  endfacet
  facet normal 0.741264 0 -0.671213
    outer loop
      vertex 65.9132 63.64 30.415
      vertex 66.0186 61.24 30.5314
      vertex 65.9132 61.24 30.415
    endloop
  endfacet
  facet normal 0.941511 0 -0.336982
    outer loop
      vertex 65.6718 61.24 30.0123
      vertex 65.6189 63.64 29.8645
      vertex 65.6718 63.64 30.0123
    endloop
  endfacet
  facet normal 0.941511 0 -0.336982
    outer loop
      vertex 65.6189 63.64 29.8645
      vertex 65.6718 61.24 30.0123
      vertex 65.6189 61.24 29.8645
    endloop
  endfacet
  facet normal 0.596019 0 -0.80297
    outer loop
      vertex 66.135 61.24 30.6368
      vertex 66.2611 63.64 30.7304
      vertex 66.2611 61.24 30.7304
    endloop
  endfacet
  facet normal 0.596019 0 -0.80297
    outer loop
      vertex 66.2611 63.64 30.7304
      vertex 66.135 61.24 30.6368
      vertex 66.135 63.64 30.6368
    endloop
  endfacet
  facet normal 0.427484 0 -0.904023
    outer loop
      vertex 66.3958 61.24 30.8111
      vertex 66.5377 63.64 30.8782
      vertex 66.5377 61.24 30.8782
    endloop
  endfacet
  facet normal 0.427484 0 -0.904023
    outer loop
      vertex 66.5377 63.64 30.8782
      vertex 66.3958 61.24 30.8111
      vertex 66.3958 63.64 30.8111
    endloop
  endfacet
  facet normal 0.243135 0 -0.969993
    outer loop
      vertex 66.6855 61.24 30.9311
      vertex 66.8379 63.64 30.9693
      vertex 66.8379 61.24 30.9693
    endloop
  endfacet
  facet normal 0.243135 0 -0.969993
    outer loop
      vertex 66.8379 63.64 30.9693
      vertex 66.6855 61.24 30.9311
      vertex 66.6855 63.64 30.9311
    endloop
  endfacet
  facet normal -0.998796 0 0.049048
    outer loop
      vertex 68.7423 61.24 29.2432
      vertex 68.75 63.64 29.4
      vertex 68.7423 63.64 29.2432
    endloop
  endfacet
  facet normal -0.998796 0 0.049048
    outer loop
      vertex 68.75 63.64 29.4
      vertex 68.7423 61.24 29.2432
      vertex 68.75 61.24 29.4
    endloop
  endfacet
  facet normal -0.146502 0 0.98921
    outer loop
      vertex 67.3068 63.64 27.8077
      vertex 67.4621 61.24 27.8307
      vertex 67.4621 63.64 27.8307
    endloop
  endfacet
  facet normal -0.146502 0 0.98921
    outer loop
      vertex 67.4621 61.24 27.8307
      vertex 67.3068 63.64 27.8077
      vertex 67.3068 61.24 27.8077
    endloop
  endfacet
  facet normal -0.336982 0 0.941511
    outer loop
      vertex 67.6145 63.64 27.8689
      vertex 67.7623 61.24 27.9218
      vertex 67.7623 63.64 27.9218
    endloop
  endfacet
  facet normal -0.336982 0 0.941511
    outer loop
      vertex 67.7623 61.24 27.9218
      vertex 67.6145 63.64 27.8689
      vertex 67.6145 61.24 27.8689
    endloop
  endfacet
  facet normal -0.513934 0 0.85783
    outer loop
      vertex 67.9042 63.64 27.9889
      vertex 68.0389 61.24 28.0696
      vertex 68.0389 63.64 28.0696
    endloop
  endfacet
  facet normal -0.513934 0 0.85783
    outer loop
      vertex 68.0389 61.24 28.0696
      vertex 67.9042 63.64 27.9889
      vertex 67.9042 61.24 27.9889
    endloop
  endfacet
  facet normal -0.904023 0 0.427484
    outer loop
      vertex 68.5611 61.24 28.6458
      vertex 68.6282 63.64 28.7877
      vertex 68.5611 63.64 28.6458
    endloop
  endfacet
  facet normal -0.904023 0 0.427484
    outer loop
      vertex 68.6282 63.64 28.7877
      vertex 68.5611 61.24 28.6458
      vertex 68.6282 61.24 28.7877
    endloop
  endfacet
  facet normal -0.969993 0 0.243135
    outer loop
      vertex 68.6811 61.24 28.9355
      vertex 68.7193 63.64 29.0879
      vertex 68.6811 63.64 28.9355
    endloop
  endfacet
  facet normal -0.969993 0 0.243135
    outer loop
      vertex 68.7193 63.64 29.0879
      vertex 68.6811 61.24 28.9355
      vertex 68.7193 61.24 29.0879
    endloop
  endfacet
  facet normal -0.98921 0 0.146502
    outer loop
      vertex 68.7193 61.24 29.0879
      vertex 68.7423 63.64 29.2432
      vertex 68.7193 63.64 29.0879
    endloop
  endfacet
  facet normal -0.98921 0 0.146502
    outer loop
      vertex 68.7423 63.64 29.2432
      vertex 68.7193 61.24 29.0879
      vertex 68.7423 61.24 29.2432
    endloop
  endfacet
  facet normal 0.427484 0 0.904023
    outer loop
      vertex 66.3958 63.64 27.9889
      vertex 66.5377 61.24 27.9218
      vertex 66.5377 63.64 27.9218
    endloop
  endfacet
  facet normal 0.427484 0 0.904023
    outer loop
      vertex 66.5377 61.24 27.9218
      vertex 66.3958 63.64 27.9889
      vertex 66.3958 61.24 27.9889
    endloop
  endfacet
  facet normal 0.243135 0 0.969993
    outer loop
      vertex 66.6855 63.64 27.8689
      vertex 66.8379 61.24 27.8307
      vertex 66.8379 63.64 27.8307
    endloop
  endfacet
  facet normal 0.243135 0 0.969993
    outer loop
      vertex 66.8379 61.24 27.8307
      vertex 66.6855 63.64 27.8689
      vertex 66.6855 61.24 27.8689
    endloop
  endfacet
  facet normal 0.741264 -0 0.671213
    outer loop
      vertex 65.9132 61.24 28.385
      vertex 66.0186 63.64 28.2686
      vertex 65.9132 63.64 28.385
    endloop
  endfacet
  facet normal 0.741264 0 0.671213
    outer loop
      vertex 66.0186 63.64 28.2686
      vertex 65.9132 61.24 28.385
      vertex 66.0186 61.24 28.2686
    endloop
  endfacet
  facet normal 0.98921 -0 0.146502
    outer loop
      vertex 65.5577 61.24 29.2432
      vertex 65.5807 63.64 29.0879
      vertex 65.5577 63.64 29.2432
    endloop
  endfacet
  facet normal 0.98921 0 0.146502
    outer loop
      vertex 65.5807 63.64 29.0879
      vertex 65.5577 61.24 29.2432
      vertex 65.5807 61.24 29.0879
    endloop
  endfacet
  facet normal -0.998796 0 -0.049048
    outer loop
      vertex 68.75 6.10352e-07 29.4
      vertex 68.7423 2.4 29.5568
      vertex 68.75 2.4 29.4
    endloop
  endfacet
  facet normal -0.998796 -0 -0.049048
    outer loop
      vertex 68.7423 2.4 29.5568
      vertex 68.75 6.10352e-07 29.4
      vertex 68.7423 6.10352e-07 29.5568
    endloop
  endfacet
  facet normal 0.998796 0 -0.049048
    outer loop
      vertex 65.5577 6.10352e-07 29.5568
      vertex 65.55 2.4 29.4
      vertex 65.5577 2.4 29.5568
    endloop
  endfacet
  facet normal 0.998796 0 -0.049048
    outer loop
      vertex 65.55 2.4 29.4
      vertex 65.5577 6.10352e-07 29.5568
      vertex 65.55 6.10352e-07 29.4
    endloop
  endfacet
  facet normal -0.049048 0 -0.998796
    outer loop
      vertex 67.15 6.10352e-07 31
      vertex 67.3068 2.4 30.9923
      vertex 67.3068 6.10352e-07 30.9923
    endloop
  endfacet
  facet normal -0.049048 0 -0.998796
    outer loop
      vertex 67.3068 2.4 30.9923
      vertex 67.15 6.10352e-07 31
      vertex 67.15 2.4 31
    endloop
  endfacet
  facet normal 0.049048 0 0.998796
    outer loop
      vertex 66.9932 2.4 27.8077
      vertex 67.15 6.10352e-07 27.8
      vertex 67.15 2.4 27.8
    endloop
  endfacet
  facet normal 0.049048 0 0.998796
    outer loop
      vertex 67.15 6.10352e-07 27.8
      vertex 66.9932 2.4 27.8077
      vertex 66.9932 6.10352e-07 27.8077
    endloop
  endfacet
  facet normal -0.671213 0 -0.741264
    outer loop
      vertex 68.165 6.10352e-07 30.6368
      vertex 68.2814 2.4 30.5314
      vertex 68.2814 6.10352e-07 30.5314
    endloop
  endfacet
  facet normal -0.671213 0 -0.741264
    outer loop
      vertex 68.2814 2.4 30.5314
      vertex 68.165 6.10352e-07 30.6368
      vertex 68.165 2.4 30.6368
    endloop
  endfacet
  facet normal 0.671213 0 -0.741264
    outer loop
      vertex 66.0186 6.10352e-07 30.5314
      vertex 66.135 2.4 30.6368
      vertex 66.135 6.10352e-07 30.6368
    endloop
  endfacet
  facet normal 0.671213 0 -0.741264
    outer loop
      vertex 66.135 2.4 30.6368
      vertex 66.0186 6.10352e-07 30.5314
      vertex 66.0186 2.4 30.5314
    endloop
  endfacet
  facet normal 0.336982 0 -0.941511
    outer loop
      vertex 66.5377 6.10352e-07 30.8782
      vertex 66.6855 2.4 30.9311
      vertex 66.6855 6.10352e-07 30.9311
    endloop
  endfacet
  facet normal 0.336982 0 -0.941511
    outer loop
      vertex 66.6855 2.4 30.9311
      vertex 66.5377 6.10352e-07 30.8782
      vertex 66.5377 2.4 30.8782
    endloop
  endfacet
  facet normal -0.904023 0 -0.427484
    outer loop
      vertex 68.6282 6.10352e-07 30.0123
      vertex 68.5611 2.4 30.1542
      vertex 68.6282 2.4 30.0123
    endloop
  endfacet
  facet normal -0.904023 -0 -0.427484
    outer loop
      vertex 68.5611 2.4 30.1542
      vertex 68.6282 6.10352e-07 30.0123
      vertex 68.5611 6.10352e-07 30.1542
    endloop
  endfacet
  facet normal -0.336982 0 -0.941511
    outer loop
      vertex 67.6145 6.10352e-07 30.9311
      vertex 67.7623 2.4 30.8782
      vertex 67.7623 6.10352e-07 30.8782
    endloop
  endfacet
  facet normal -0.336982 0 -0.941511
    outer loop
      vertex 67.7623 2.4 30.8782
      vertex 67.6145 6.10352e-07 30.9311
      vertex 67.6145 2.4 30.9311
    endloop
  endfacet
  facet normal -0.243135 0 -0.969993
    outer loop
      vertex 67.4621 6.10352e-07 30.9693
      vertex 67.6145 2.4 30.9311
      vertex 67.6145 6.10352e-07 30.9311
    endloop
  endfacet
  facet normal -0.243135 0 -0.969993
    outer loop
      vertex 67.6145 2.4 30.9311
      vertex 67.4621 6.10352e-07 30.9693
      vertex 67.4621 2.4 30.9693
    endloop
  endfacet
  facet normal 0.85783 0 -0.513934
    outer loop
      vertex 65.8196 6.10352e-07 30.2889
      vertex 65.7389 2.4 30.1542
      vertex 65.8196 2.4 30.2889
    endloop
  endfacet
  facet normal 0.85783 0 -0.513934
    outer loop
      vertex 65.7389 2.4 30.1542
      vertex 65.8196 6.10352e-07 30.2889
      vertex 65.7389 6.10352e-07 30.1542
    endloop
  endfacet
  facet normal 0.80297 0 -0.596019
    outer loop
      vertex 65.9132 6.10352e-07 30.415
      vertex 65.8196 2.4 30.2889
      vertex 65.9132 2.4 30.415
    endloop
  endfacet
  facet normal 0.80297 0 -0.596019
    outer loop
      vertex 65.8196 2.4 30.2889
      vertex 65.9132 6.10352e-07 30.415
      vertex 65.8196 6.10352e-07 30.2889
    endloop
  endfacet
  facet normal 0.146502 0 -0.98921
    outer loop
      vertex 66.8379 6.10352e-07 30.9693
      vertex 66.9932 2.4 30.9923
      vertex 66.9932 6.10352e-07 30.9923
    endloop
  endfacet
  facet normal 0.146502 0 -0.98921
    outer loop
      vertex 66.9932 2.4 30.9923
      vertex 66.8379 6.10352e-07 30.9693
      vertex 66.8379 2.4 30.9693
    endloop
  endfacet
  facet normal -0.857549 0 0.514402
    outer loop
      vertex 68.4803 6.10352e-07 28.5111
      vertex 68.5611 2.4 28.6458
      vertex 68.4803 2.4 28.5111
    endloop
  endfacet
  facet normal -0.857549 0 0.514402
    outer loop
      vertex 68.5611 2.4 28.6458
      vertex 68.4803 6.10352e-07 28.5111
      vertex 68.5611 6.10352e-07 28.6458
    endloop
  endfacet
  facet normal -0.243135 0 0.969993
    outer loop
      vertex 67.4621 2.4 27.8307
      vertex 67.6145 6.10352e-07 27.8689
      vertex 67.6145 2.4 27.8689
    endloop
  endfacet
  facet normal -0.243135 0 0.969993
    outer loop
      vertex 67.6145 6.10352e-07 27.8689
      vertex 67.4621 2.4 27.8307
      vertex 67.4621 6.10352e-07 27.8307
    endloop
  endfacet
  facet normal -0.671213 0 0.741264
    outer loop
      vertex 68.165 2.4 28.1632
      vertex 68.2814 6.10352e-07 28.2686
      vertex 68.2814 2.4 28.2686
    endloop
  endfacet
  facet normal -0.671213 0 0.741264
    outer loop
      vertex 68.2814 6.10352e-07 28.2686
      vertex 68.165 2.4 28.1632
      vertex 68.165 6.10352e-07 28.1632
    endloop
  endfacet
  facet normal -0.941511 0 0.336982
    outer loop
      vertex 68.6282 6.10352e-07 28.7877
      vertex 68.6811 2.4 28.9355
      vertex 68.6282 2.4 28.7877
    endloop
  endfacet
  facet normal -0.941511 0 0.336982
    outer loop
      vertex 68.6811 2.4 28.9355
      vertex 68.6282 6.10352e-07 28.7877
      vertex 68.6811 6.10352e-07 28.9355
    endloop
  endfacet
  facet normal 0.336982 0 0.941511
    outer loop
      vertex 66.5377 2.4 27.9218
      vertex 66.6855 6.10352e-07 27.8689
      vertex 66.6855 2.4 27.8689
    endloop
  endfacet
  facet normal 0.336982 0 0.941511
    outer loop
      vertex 66.6855 6.10352e-07 27.8689
      vertex 66.5377 2.4 27.9218
      vertex 66.5377 6.10352e-07 27.9218
    endloop
  endfacet
  facet normal 0.80297 -0 0.596019
    outer loop
      vertex 65.8196 6.10352e-07 28.5111
      vertex 65.9132 2.4 28.385
      vertex 65.8196 2.4 28.5111
    endloop
  endfacet
  facet normal 0.80297 0 0.596019
    outer loop
      vertex 65.9132 2.4 28.385
      vertex 65.8196 6.10352e-07 28.5111
      vertex 65.9132 6.10352e-07 28.385
    endloop
  endfacet
  facet normal 0.941511 -0 0.336982
    outer loop
      vertex 65.6189 6.10352e-07 28.9355
      vertex 65.6718 2.4 28.7877
      vertex 65.6189 2.4 28.9355
    endloop
  endfacet
  facet normal 0.941511 0 0.336982
    outer loop
      vertex 65.6718 2.4 28.7877
      vertex 65.6189 6.10352e-07 28.9355
      vertex 65.6718 6.10352e-07 28.7877
    endloop
  endfacet
  facet normal -0.969993 0 -0.243135
    outer loop
      vertex 68.7193 6.10352e-07 29.7121
      vertex 68.6811 2.4 29.8645
      vertex 68.7193 2.4 29.7121
    endloop
  endfacet
  facet normal -0.969993 -0 -0.243135
    outer loop
      vertex 68.6811 2.4 29.8645
      vertex 68.7193 6.10352e-07 29.7121
      vertex 68.6811 6.10352e-07 29.8645
    endloop
  endfacet
  facet normal -0.98921 0 -0.146502
    outer loop
      vertex 68.7423 6.10352e-07 29.5568
      vertex 68.7193 2.4 29.7121
      vertex 68.7423 2.4 29.5568
    endloop
  endfacet
  facet normal -0.98921 -0 -0.146502
    outer loop
      vertex 68.7193 2.4 29.7121
      vertex 68.7423 6.10352e-07 29.5568
      vertex 68.7193 6.10352e-07 29.7121
    endloop
  endfacet
  facet normal -0.941511 0 -0.336982
    outer loop
      vertex 68.6811 6.10352e-07 29.8645
      vertex 68.6282 2.4 30.0123
      vertex 68.6811 2.4 29.8645
    endloop
  endfacet
  facet normal -0.941511 -0 -0.336982
    outer loop
      vertex 68.6282 2.4 30.0123
      vertex 68.6811 6.10352e-07 29.8645
      vertex 68.6282 6.10352e-07 30.0123
    endloop
  endfacet
  facet normal -0.803275 0 -0.595608
    outer loop
      vertex 68.4803 6.10352e-07 30.2889
      vertex 68.3868 2.4 30.415
      vertex 68.4803 2.4 30.2889
    endloop
  endfacet
  facet normal -0.803275 -0 -0.595608
    outer loop
      vertex 68.3868 2.4 30.415
      vertex 68.4803 6.10352e-07 30.2889
      vertex 68.3868 6.10352e-07 30.415
    endloop
  endfacet
  facet normal -0.741264 0 -0.671213
    outer loop
      vertex 68.3868 6.10352e-07 30.415
      vertex 68.2814 2.4 30.5314
      vertex 68.3868 2.4 30.415
    endloop
  endfacet
  facet normal -0.741264 -0 -0.671213
    outer loop
      vertex 68.2814 2.4 30.5314
      vertex 68.3868 6.10352e-07 30.415
      vertex 68.2814 6.10352e-07 30.5314
    endloop
  endfacet
  facet normal -0.857549 0 -0.514402
    outer loop
      vertex 68.5611 6.10352e-07 30.1542
      vertex 68.4803 2.4 30.2889
      vertex 68.5611 2.4 30.1542
    endloop
  endfacet
  facet normal -0.857549 -0 -0.514402
    outer loop
      vertex 68.4803 2.4 30.2889
      vertex 68.5611 6.10352e-07 30.1542
      vertex 68.4803 6.10352e-07 30.2889
    endloop
  endfacet
  facet normal -0.146502 0 -0.98921
    outer loop
      vertex 67.3068 6.10352e-07 30.9923
      vertex 67.4621 2.4 30.9693
      vertex 67.4621 6.10352e-07 30.9693
    endloop
  endfacet
  facet normal -0.146502 0 -0.98921
    outer loop
      vertex 67.4621 2.4 30.9693
      vertex 67.3068 6.10352e-07 30.9923
      vertex 67.3068 2.4 30.9923
    endloop
  endfacet
  facet normal -0.513934 0 -0.85783
    outer loop
      vertex 67.9042 6.10352e-07 30.8111
      vertex 68.0389 2.4 30.7304
      vertex 68.0389 6.10352e-07 30.7304
    endloop
  endfacet
  facet normal -0.513934 0 -0.85783
    outer loop
      vertex 68.0389 2.4 30.7304
      vertex 67.9042 6.10352e-07 30.8111
      vertex 67.9042 2.4 30.8111
    endloop
  endfacet
  facet normal -0.427484 0 -0.904023
    outer loop
      vertex 67.7623 6.10352e-07 30.8782
      vertex 67.9042 2.4 30.8111
      vertex 67.9042 6.10352e-07 30.8111
    endloop
  endfacet
  facet normal -0.427484 0 -0.904023
    outer loop
      vertex 67.9042 2.4 30.8111
      vertex 67.7623 6.10352e-07 30.8782
      vertex 67.7623 2.4 30.8782
    endloop
  endfacet
  facet normal -0.596019 0 -0.80297
    outer loop
      vertex 68.0389 6.10352e-07 30.7304
      vertex 68.165 2.4 30.6368
      vertex 68.165 6.10352e-07 30.6368
    endloop
  endfacet
  facet normal -0.596019 0 -0.80297
    outer loop
      vertex 68.165 2.4 30.6368
      vertex 68.0389 6.10352e-07 30.7304
      vertex 68.0389 2.4 30.7304
    endloop
  endfacet
  facet normal 0.969993 0 -0.243135
    outer loop
      vertex 65.6189 6.10352e-07 29.8645
      vertex 65.5807 2.4 29.7121
      vertex 65.6189 2.4 29.8645
    endloop
  endfacet
  facet normal 0.969993 0 -0.243135
    outer loop
      vertex 65.5807 2.4 29.7121
      vertex 65.6189 6.10352e-07 29.8645
      vertex 65.5807 6.10352e-07 29.7121
    endloop
  endfacet
  facet normal 0.741264 0 -0.671213
    outer loop
      vertex 66.0186 6.10352e-07 30.5314
      vertex 65.9132 2.4 30.415
      vertex 66.0186 2.4 30.5314
    endloop
  endfacet
  facet normal 0.741264 0 -0.671213
    outer loop
      vertex 65.9132 2.4 30.415
      vertex 66.0186 6.10352e-07 30.5314
      vertex 65.9132 6.10352e-07 30.415
    endloop
  endfacet
  facet normal 0.904023 0 -0.427484
    outer loop
      vertex 65.7389 6.10352e-07 30.1542
      vertex 65.6718 2.4 30.0123
      vertex 65.7389 2.4 30.1542
    endloop
  endfacet
  facet normal 0.904023 0 -0.427484
    outer loop
      vertex 65.6718 2.4 30.0123
      vertex 65.7389 6.10352e-07 30.1542
      vertex 65.6718 6.10352e-07 30.0123
    endloop
  endfacet
  facet normal 0.98921 0 -0.146502
    outer loop
      vertex 65.5807 6.10352e-07 29.7121
      vertex 65.5577 2.4 29.5568
      vertex 65.5807 2.4 29.7121
    endloop
  endfacet
  facet normal 0.98921 0 -0.146502
    outer loop
      vertex 65.5577 2.4 29.5568
      vertex 65.5807 6.10352e-07 29.7121
      vertex 65.5577 6.10352e-07 29.5568
    endloop
  endfacet
  facet normal 0.513934 0 -0.85783
    outer loop
      vertex 66.2611 6.10352e-07 30.7304
      vertex 66.3958 2.4 30.8111
      vertex 66.3958 6.10352e-07 30.8111
    endloop
  endfacet
  facet normal 0.513934 0 -0.85783
    outer loop
      vertex 66.3958 2.4 30.8111
      vertex 66.2611 6.10352e-07 30.7304
      vertex 66.2611 2.4 30.7304
    endloop
  endfacet
  facet normal 0.596019 0 -0.80297
    outer loop
      vertex 66.135 6.10352e-07 30.6368
      vertex 66.2611 2.4 30.7304
      vertex 66.2611 6.10352e-07 30.7304
    endloop
  endfacet
  facet normal 0.596019 0 -0.80297
    outer loop
      vertex 66.2611 2.4 30.7304
      vertex 66.135 6.10352e-07 30.6368
      vertex 66.135 2.4 30.6368
    endloop
  endfacet
  facet normal 0.243135 0 -0.969993
    outer loop
      vertex 66.6855 6.10352e-07 30.9311
      vertex 66.8379 2.4 30.9693
      vertex 66.8379 6.10352e-07 30.9693
    endloop
  endfacet
  facet normal 0.243135 0 -0.969993
    outer loop
      vertex 66.8379 2.4 30.9693
      vertex 66.6855 6.10352e-07 30.9311
      vertex 66.6855 2.4 30.9311
    endloop
  endfacet
  facet normal 0.049048 0 -0.998796
    outer loop
      vertex 66.9932 6.10352e-07 30.9923
      vertex 67.15 2.4 31
      vertex 67.15 6.10352e-07 31
    endloop
  endfacet
  facet normal 0.049048 0 -0.998796
    outer loop
      vertex 67.15 2.4 31
      vertex 66.9932 6.10352e-07 30.9923
      vertex 66.9932 2.4 30.9923
    endloop
  endfacet
  facet normal -0.049048 0 0.998796
    outer loop
      vertex 67.15 2.4 27.8
      vertex 67.3068 6.10352e-07 27.8077
      vertex 67.3068 2.4 27.8077
    endloop
  endfacet
  facet normal -0.049048 0 0.998796
    outer loop
      vertex 67.3068 6.10352e-07 27.8077
      vertex 67.15 2.4 27.8
      vertex 67.15 6.10352e-07 27.8
    endloop
  endfacet
  facet normal -0.427484 0 0.904023
    outer loop
      vertex 67.7623 2.4 27.9218
      vertex 67.9042 6.10352e-07 27.9889
      vertex 67.9042 2.4 27.9889
    endloop
  endfacet
  facet normal -0.427484 0 0.904023
    outer loop
      vertex 67.9042 6.10352e-07 27.9889
      vertex 67.7623 2.4 27.9218
      vertex 67.7623 6.10352e-07 27.9218
    endloop
  endfacet
  facet normal -0.596019 0 0.80297
    outer loop
      vertex 68.0389 2.4 28.0696
      vertex 68.165 6.10352e-07 28.1632
      vertex 68.165 2.4 28.1632
    endloop
  endfacet
  facet normal -0.596019 0 0.80297
    outer loop
      vertex 68.165 6.10352e-07 28.1632
      vertex 68.0389 2.4 28.0696
      vertex 68.0389 6.10352e-07 28.0696
    endloop
  endfacet
  facet normal -0.741264 0 0.671213
    outer loop
      vertex 68.2814 6.10352e-07 28.2686
      vertex 68.3868 2.4 28.385
      vertex 68.2814 2.4 28.2686
    endloop
  endfacet
  facet normal -0.741264 0 0.671213
    outer loop
      vertex 68.3868 2.4 28.385
      vertex 68.2814 6.10352e-07 28.2686
      vertex 68.3868 6.10352e-07 28.385
    endloop
  endfacet
  facet normal -0.803275 0 0.595608
    outer loop
      vertex 68.3868 6.10352e-07 28.385
      vertex 68.4803 2.4 28.5111
      vertex 68.3868 2.4 28.385
    endloop
  endfacet
  facet normal -0.803275 0 0.595608
    outer loop
      vertex 68.4803 2.4 28.5111
      vertex 68.3868 6.10352e-07 28.385
      vertex 68.4803 6.10352e-07 28.5111
    endloop
  endfacet
  facet normal -0.998796 0 0.049048
    outer loop
      vertex 68.7423 6.10352e-07 29.2432
      vertex 68.75 2.4 29.4
      vertex 68.7423 2.4 29.2432
    endloop
  endfacet
  facet normal -0.998796 0 0.049048
    outer loop
      vertex 68.75 2.4 29.4
      vertex 68.7423 6.10352e-07 29.2432
      vertex 68.75 6.10352e-07 29.4
    endloop
  endfacet
  facet normal 0.671213 0 0.741264
    outer loop
      vertex 66.0186 2.4 28.2686
      vertex 66.135 6.10352e-07 28.1632
      vertex 66.135 2.4 28.1632
    endloop
  endfacet
  facet normal 0.671213 0 0.741264
    outer loop
      vertex 66.135 6.10352e-07 28.1632
      vertex 66.0186 2.4 28.2686
      vertex 66.0186 6.10352e-07 28.2686
    endloop
  endfacet
  facet normal 0.596019 0 0.80297
    outer loop
      vertex 66.135 2.4 28.1632
      vertex 66.2611 6.10352e-07 28.0696
      vertex 66.2611 2.4 28.0696
    endloop
  endfacet
  facet normal 0.596019 0 0.80297
    outer loop
      vertex 66.2611 6.10352e-07 28.0696
      vertex 66.135 2.4 28.1632
      vertex 66.135 6.10352e-07 28.1632
    endloop
  endfacet
  facet normal 0.513934 0 0.85783
    outer loop
      vertex 66.2611 2.4 28.0696
      vertex 66.3958 6.10352e-07 27.9889
      vertex 66.3958 2.4 27.9889
    endloop
  endfacet
  facet normal 0.513934 0 0.85783
    outer loop
      vertex 66.3958 6.10352e-07 27.9889
      vertex 66.2611 2.4 28.0696
      vertex 66.2611 6.10352e-07 28.0696
    endloop
  endfacet
  facet normal 0.146502 0 0.98921
    outer loop
      vertex 66.8379 2.4 27.8307
      vertex 66.9932 6.10352e-07 27.8077
      vertex 66.9932 2.4 27.8077
    endloop
  endfacet
  facet normal 0.146502 0 0.98921
    outer loop
      vertex 66.9932 6.10352e-07 27.8077
      vertex 66.8379 2.4 27.8307
      vertex 66.8379 6.10352e-07 27.8307
    endloop
  endfacet
  facet normal 0.904023 -0 0.427484
    outer loop
      vertex 65.6718 6.10352e-07 28.7877
      vertex 65.7389 2.4 28.6458
      vertex 65.6718 2.4 28.7877
    endloop
  endfacet
  facet normal 0.904023 0 0.427484
    outer loop
      vertex 65.7389 2.4 28.6458
      vertex 65.6718 6.10352e-07 28.7877
      vertex 65.7389 6.10352e-07 28.6458
    endloop
  endfacet
  facet normal 0.85783 -0 0.513934
    outer loop
      vertex 65.7389 6.10352e-07 28.6458
      vertex 65.8196 2.4 28.5111
      vertex 65.7389 2.4 28.6458
    endloop
  endfacet
  facet normal 0.85783 0 0.513934
    outer loop
      vertex 65.8196 2.4 28.5111
      vertex 65.7389 6.10352e-07 28.6458
      vertex 65.8196 6.10352e-07 28.5111
    endloop
  endfacet
  facet normal 0.998796 -0 0.049048
    outer loop
      vertex 65.55 6.10352e-07 29.4
      vertex 65.5577 2.4 29.2432
      vertex 65.55 2.4 29.4
    endloop
  endfacet
  facet normal 0.998796 0 0.049048
    outer loop
      vertex 65.5577 2.4 29.2432
      vertex 65.55 6.10352e-07 29.4
      vertex 65.5577 6.10352e-07 29.2432
    endloop
  endfacet
  facet normal 0.969993 -0 0.243135
    outer loop
      vertex 65.5807 6.10352e-07 29.0879
      vertex 65.6189 2.4 28.9355
      vertex 65.5807 2.4 29.0879
    endloop
  endfacet
  facet normal 0.969993 0 0.243135
    outer loop
      vertex 65.6189 2.4 28.9355
      vertex 65.5807 6.10352e-07 29.0879
      vertex 65.6189 6.10352e-07 28.9355
    endloop
  endfacet
  facet normal 0.941511 0 -0.336982
    outer loop
      vertex 65.6718 6.10352e-07 30.0123
      vertex 65.6189 2.4 29.8645
      vertex 65.6718 2.4 30.0123
    endloop
  endfacet
  facet normal 0.941511 0 -0.336982
    outer loop
      vertex 65.6189 2.4 29.8645
      vertex 65.6718 6.10352e-07 30.0123
      vertex 65.6189 6.10352e-07 29.8645
    endloop
  endfacet
  facet normal 0.427484 0 -0.904023
    outer loop
      vertex 66.3958 6.10352e-07 30.8111
      vertex 66.5377 2.4 30.8782
      vertex 66.5377 6.10352e-07 30.8782
    endloop
  endfacet
  facet normal 0.427484 0 -0.904023
    outer loop
      vertex 66.5377 2.4 30.8782
      vertex 66.3958 6.10352e-07 30.8111
      vertex 66.3958 2.4 30.8111
    endloop
  endfacet
  facet normal -0.146502 0 0.98921
    outer loop
      vertex 67.3068 2.4 27.8077
      vertex 67.4621 6.10352e-07 27.8307
      vertex 67.4621 2.4 27.8307
    endloop
  endfacet
  facet normal -0.146502 0 0.98921
    outer loop
      vertex 67.4621 6.10352e-07 27.8307
      vertex 67.3068 2.4 27.8077
      vertex 67.3068 6.10352e-07 27.8077
    endloop
  endfacet
  facet normal -0.336982 0 0.941511
    outer loop
      vertex 67.6145 2.4 27.8689
      vertex 67.7623 6.10352e-07 27.9218
      vertex 67.7623 2.4 27.9218
    endloop
  endfacet
  facet normal -0.336982 0 0.941511
    outer loop
      vertex 67.7623 6.10352e-07 27.9218
      vertex 67.6145 2.4 27.8689
      vertex 67.6145 6.10352e-07 27.8689
    endloop
  endfacet
  facet normal -0.513934 0 0.85783
    outer loop
      vertex 67.9042 2.4 27.9889
      vertex 68.0389 6.10352e-07 28.0696
      vertex 68.0389 2.4 28.0696
    endloop
  endfacet
  facet normal -0.513934 0 0.85783
    outer loop
      vertex 68.0389 6.10352e-07 28.0696
      vertex 67.9042 2.4 27.9889
      vertex 67.9042 6.10352e-07 27.9889
    endloop
  endfacet
  facet normal -0.904023 0 0.427484
    outer loop
      vertex 68.5611 6.10352e-07 28.6458
      vertex 68.6282 2.4 28.7877
      vertex 68.5611 2.4 28.6458
    endloop
  endfacet
  facet normal -0.904023 0 0.427484
    outer loop
      vertex 68.6282 2.4 28.7877
      vertex 68.5611 6.10352e-07 28.6458
      vertex 68.6282 6.10352e-07 28.7877
    endloop
  endfacet
  facet normal -0.969993 0 0.243135
    outer loop
      vertex 68.6811 6.10352e-07 28.9355
      vertex 68.7193 2.4 29.0879
      vertex 68.6811 2.4 28.9355
    endloop
  endfacet
  facet normal -0.969993 0 0.243135
    outer loop
      vertex 68.7193 2.4 29.0879
      vertex 68.6811 6.10352e-07 28.9355
      vertex 68.7193 6.10352e-07 29.0879
    endloop
  endfacet
  facet normal -0.98921 0 0.146502
    outer loop
      vertex 68.7193 6.10352e-07 29.0879
      vertex 68.7423 2.4 29.2432
      vertex 68.7193 2.4 29.0879
    endloop
  endfacet
  facet normal -0.98921 0 0.146502
    outer loop
      vertex 68.7423 2.4 29.2432
      vertex 68.7193 6.10352e-07 29.0879
      vertex 68.7423 6.10352e-07 29.2432
    endloop
  endfacet
  facet normal 0.427484 0 0.904023
    outer loop
      vertex 66.3958 2.4 27.9889
      vertex 66.5377 6.10352e-07 27.9218
      vertex 66.5377 2.4 27.9218
    endloop
  endfacet
  facet normal 0.427484 0 0.904023
    outer loop
      vertex 66.5377 6.10352e-07 27.9218
      vertex 66.3958 2.4 27.9889
      vertex 66.3958 6.10352e-07 27.9889
    endloop
  endfacet
  facet normal 0.243135 0 0.969993
    outer loop
      vertex 66.6855 2.4 27.8689
      vertex 66.8379 6.10352e-07 27.8307
      vertex 66.8379 2.4 27.8307
    endloop
  endfacet
  facet normal 0.243135 0 0.969993
    outer loop
      vertex 66.8379 6.10352e-07 27.8307
      vertex 66.6855 2.4 27.8689
      vertex 66.6855 6.10352e-07 27.8689
    endloop
  endfacet
  facet normal 0.741264 -0 0.671213
    outer loop
      vertex 65.9132 6.10352e-07 28.385
      vertex 66.0186 2.4 28.2686
      vertex 65.9132 2.4 28.385
    endloop
  endfacet
  facet normal 0.741264 0 0.671213
    outer loop
      vertex 66.0186 2.4 28.2686
      vertex 65.9132 6.10352e-07 28.385
      vertex 66.0186 6.10352e-07 28.2686
    endloop
  endfacet
  facet normal 0.98921 -0 0.146502
    outer loop
      vertex 65.5577 6.10352e-07 29.2432
      vertex 65.5807 2.4 29.0879
      vertex 65.5577 2.4 29.2432
    endloop
  endfacet
  facet normal 0.98921 0 0.146502
    outer loop
      vertex 65.5807 2.4 29.0879
      vertex 65.5577 6.10352e-07 29.2432
      vertex 65.5807 6.10352e-07 29.0879
    endloop
  endfacet
  facet normal -0 0 1
    outer loop
      vertex 0 56.09 27.1
      vertex 2.4 50.89 27.1
      vertex 2.4 56.09 27.1
    endloop
  endfacet
  facet normal 0 0 1
    outer loop
      vertex 2.4 50.89 27.1
      vertex 0 56.09 27.1
      vertex 0 50.89 27.1
    endloop
  endfacet
  facet normal 0 1 -0
    outer loop
      vertex 2.4 50.89 27.1
      vertex 0 50.89 29.9
      vertex 2.4 50.89 29.9
    endloop
  endfacet
  facet normal 0 1 0
    outer loop
      vertex 0 50.89 29.9
      vertex 2.4 50.89 27.1
      vertex 0 50.89 27.1
    endloop
  endfacet
  facet normal 0 0 -1
    outer loop
      vertex 0 50.89 29.9
      vertex 2.4 56.09 29.9
      vertex 2.4 50.89 29.9
    endloop
  endfacet
  facet normal -0 0 -1
    outer loop
      vertex 2.4 56.09 29.9
      vertex 0 50.89 29.9
      vertex 0 56.09 29.9
    endloop
  endfacet
  facet normal 0 -1 0
    outer loop
      vertex 0 56.09 27.1
      vertex 2.4 56.09 29.9
      vertex 0 56.09 29.9
    endloop
  endfacet
  facet normal 0 -1 -0
    outer loop
      vertex 2.4 56.09 29.9
      vertex 0 56.09 27.1
      vertex 2.4 56.09 27.1
    endloop
  endfacet
  facet normal -0 0 1
    outer loop
      vertex 0 11.09 27.1
      vertex 2.4 5.89 27.1
      vertex 2.4 11.09 27.1
    endloop
  endfacet
  facet normal 0 0 1
    outer loop
      vertex 2.4 5.89 27.1
      vertex 0 11.09 27.1
      vertex 0 5.89 27.1
    endloop
  endfacet
  facet normal 0 0 -1
    outer loop
      vertex 0 5.89 29.9
      vertex 2.4 11.09 29.9
      vertex 2.4 5.89 29.9
    endloop
  endfacet
  facet normal -0 0 -1
    outer loop
      vertex 2.4 11.09 29.9
      vertex 0 5.89 29.9
      vertex 0 11.09 29.9
    endloop
  endfacet
  facet normal 0 -1 0
    outer loop
      vertex 0 11.09 27.1
      vertex 2.4 11.09 29.9
      vertex 0 11.09 29.9
    endloop
  endfacet
  facet normal 0 -1 -0
    outer loop
      vertex 2.4 11.09 29.9
      vertex 0 11.09 27.1
      vertex 2.4 11.09 27.1
    endloop
  endfacet
  facet normal 0 1 -0
    outer loop
      vertex 2.4 5.89 27.1
      vertex 0 5.89 29.9
      vertex 2.4 5.89 29.9
    endloop
  endfacet
  facet normal 0 1 0
    outer loop
      vertex 0 5.89 29.9
      vertex 2.4 5.89 27.1
      vertex 0 5.89 27.1
    endloop
  endfacet
  facet normal -0 0 1
    outer loop
      vertex 79.48 57.09 27.1
      vertex 81.88 51.89 27.1
      vertex 81.88 57.09 27.1
    endloop
  endfacet
  facet normal 0 0 1
    outer loop
      vertex 81.88 51.89 27.1
      vertex 79.48 57.09 27.1
      vertex 79.48 51.89 27.1
    endloop
  endfacet
  facet normal 0 0 -1
    outer loop
      vertex 79.48 51.89 29.9
      vertex 81.88 57.09 29.9
      vertex 81.88 51.89 29.9
    endloop
  endfacet
  facet normal -0 0 -1
    outer loop
      vertex 81.88 57.09 29.9
      vertex 79.48 51.89 29.9
      vertex 79.48 57.09 29.9
    endloop
  endfacet
  facet normal 0 -1 0
    outer loop
      vertex 79.48 57.09 27.1
      vertex 81.88 57.09 29.9
      vertex 79.48 57.09 29.9
    endloop
  endfacet
  facet normal 0 -1 -0
    outer loop
      vertex 81.88 57.09 29.9
      vertex 79.48 57.09 27.1
      vertex 81.88 57.09 27.1
    endloop
  endfacet
  facet normal 0 1 -0
    outer loop
      vertex 81.88 51.89 27.1
      vertex 79.48 51.89 29.9
      vertex 81.88 51.89 29.9
    endloop
  endfacet
  facet normal 0 1 0
    outer loop
      vertex 79.48 51.89 29.9
      vertex 81.88 51.89 27.1
      vertex 79.48 51.89 27.1
    endloop
  endfacet
  facet normal -0 0 1
    outer loop
      vertex 79.48 11.09 27.1
      vertex 81.88 5.89 27.1
      vertex 81.88 11.09 27.1
    endloop
  endfacet
  facet normal 0 0 1
    outer loop
      vertex 81.88 5.89 27.1
      vertex 79.48 11.09 27.1
      vertex 79.48 5.89 27.1
    endloop
  endfacet
  facet normal 0 1 -0
    outer loop
      vertex 81.88 5.89 27.1
      vertex 79.48 5.89 29.9
      vertex 81.88 5.89 29.9
    endloop
  endfacet
  facet normal 0 1 0
    outer loop
      vertex 79.48 5.89 29.9
      vertex 81.88 5.89 27.1
      vertex 79.48 5.89 27.1
    endloop
  endfacet
  facet normal 0 0 -1
    outer loop
      vertex 79.48 5.89 29.9
      vertex 81.88 11.09 29.9
      vertex 81.88 5.89 29.9
    endloop
  endfacet
  facet normal -0 0 -1
    outer loop
      vertex 81.88 11.09 29.9
      vertex 79.48 5.89 29.9
      vertex 79.48 11.09 29.9
    endloop
  endfacet
  facet normal 0 -1 0
    outer loop
      vertex 79.48 11.09 27.1
      vertex 81.88 11.09 29.9
      vertex 79.48 11.09 29.9
    endloop
  endfacet
  facet normal 0 -1 -0
    outer loop
      vertex 81.88 11.09 29.9
      vertex 79.48 11.09 27.1
      vertex 81.88 11.09 27.1
    endloop
  endfacet
  facet normal 1 -0 0
    outer loop
      vertex 30.4 61.24 18.9
      vertex 30.4 63.64 12.9
      vertex 30.4 63.64 18.9
    endloop
  endfacet
  facet normal 1 0 0
    outer loop
      vertex 30.4 63.64 12.9
      vertex 30.4 61.24 18.9
      vertex 30.4 61.24 12.9
    endloop
  endfacet
  facet normal -0 0 1
    outer loop
      vertex 30.4 63.64 12.9
      vertex 34.4 61.24 12.9
      vertex 34.4 63.64 12.9
    endloop
  endfacet
  facet normal 0 0 1
    outer loop
      vertex 34.4 61.24 12.9
      vertex 30.4 63.64 12.9
      vertex 30.4 61.24 12.9
    endloop
  endfacet
  facet normal -1 0 0
    outer loop
      vertex 34.4 61.24 12.9
      vertex 34.4 63.64 18.9
      vertex 34.4 63.64 12.9
    endloop
  endfacet
  facet normal -1 -0 0
    outer loop
      vertex 34.4 63.64 18.9
      vertex 34.4 61.24 12.9
      vertex 34.4 61.24 18.9
    endloop
  endfacet
  facet normal 0 0 -1
    outer loop
      vertex 30.4 61.24 18.9
      vertex 34.4 63.64 18.9
      vertex 34.4 61.24 18.9
    endloop
  endfacet
  facet normal -0 0 -1
    outer loop
      vertex 34.4 63.64 18.9
      vertex 30.4 61.24 18.9
      vertex 30.4 63.64 18.9
    endloop
  endfacet
  facet normal 1 -0 0
    outer loop
      vertex 52.4 61.24 18.9
      vertex 52.4 63.64 12.9
      vertex 52.4 63.64 18.9
    endloop
  endfacet
  facet normal 1 0 0
    outer loop
      vertex 52.4 63.64 12.9
      vertex 52.4 61.24 18.9
      vertex 52.4 61.24 12.9
    endloop
  endfacet
  facet normal -0 0 1
    outer loop
      vertex 52.4 63.64 12.9
      vertex 56.4 61.24 12.9
      vertex 56.4 63.64 12.9
    endloop
  endfacet
  facet normal 0 0 1
    outer loop
      vertex 56.4 61.24 12.9
      vertex 52.4 63.64 12.9
      vertex 52.4 61.24 12.9
    endloop
  endfacet
  facet normal -1 0 0
    outer loop
      vertex 56.4 61.24 12.9
      vertex 56.4 63.64 18.9
      vertex 56.4 63.64 12.9
    endloop
  endfacet
  facet normal -1 -0 0
    outer loop
      vertex 56.4 63.64 18.9
      vertex 56.4 61.24 12.9
      vertex 56.4 61.24 18.9
    endloop
  endfacet
  facet normal 0 0 -1
    outer loop
      vertex 52.4 61.24 18.9
      vertex 56.4 63.64 18.9
      vertex 56.4 61.24 18.9
    endloop
  endfacet
  facet normal -0 0 -1
    outer loop
      vertex 56.4 63.64 18.9
      vertex 52.4 61.24 18.9
      vertex 52.4 63.64 18.9
    endloop
  endfacet
  facet normal 1 -0 0
    outer loop
      vertex 30.4 6.10352e-07 18.9
      vertex 30.4 2.4 12.9
      vertex 30.4 2.4 18.9
    endloop
  endfacet
  facet normal 1 0 0
    outer loop
      vertex 30.4 2.4 12.9
      vertex 30.4 6.10352e-07 18.9
      vertex 30.4 6.10352e-07 12.9
    endloop
  endfacet
  facet normal -0 0 1
    outer loop
      vertex 30.4 2.4 12.9
      vertex 34.4 6.10352e-07 12.9
      vertex 34.4 2.4 12.9
    endloop
  endfacet
  facet normal 0 0 1
    outer loop
      vertex 34.4 6.10352e-07 12.9
      vertex 30.4 2.4 12.9
      vertex 30.4 6.10352e-07 12.9
    endloop
  endfacet
  facet normal -1 0 0
    outer loop
      vertex 34.4 6.10352e-07 12.9
      vertex 34.4 2.4 18.9
      vertex 34.4 2.4 12.9
    endloop
  endfacet
  facet normal -1 -0 0
    outer loop
      vertex 34.4 2.4 18.9
      vertex 34.4 6.10352e-07 12.9
      vertex 34.4 6.10352e-07 18.9
    endloop
  endfacet
  facet normal 0 0 -1
    outer loop
      vertex 30.4 6.10352e-07 18.9
      vertex 34.4 2.4 18.9
      vertex 34.4 6.10352e-07 18.9
    endloop
  endfacet
  facet normal -0 0 -1
    outer loop
      vertex 34.4 2.4 18.9
      vertex 30.4 6.10352e-07 18.9
      vertex 30.4 2.4 18.9
    endloop
  endfacet
  facet normal 1 -0 0
    outer loop
      vertex 52.4 6.10352e-07 18.9
      vertex 52.4 2.4 12.9
      vertex 52.4 2.4 18.9
    endloop
  endfacet
  facet normal 1 0 0
    outer loop
      vertex 52.4 2.4 12.9
      vertex 52.4 6.10352e-07 18.9
      vertex 52.4 6.10352e-07 12.9
    endloop
  endfacet
  facet normal -0 0 1
    outer loop
      vertex 52.4 2.4 12.9
      vertex 56.4 6.10352e-07 12.9
      vertex 56.4 2.4 12.9
    endloop
  endfacet
  facet normal 0 0 1
    outer loop
      vertex 56.4 6.10352e-07 12.9
      vertex 52.4 2.4 12.9
      vertex 52.4 6.10352e-07 12.9
    endloop
  endfacet
  facet normal -1 0 0
    outer loop
      vertex 56.4 6.10352e-07 12.9
      vertex 56.4 2.4 18.9
      vertex 56.4 2.4 12.9
    endloop
  endfacet
  facet normal -1 -0 0
    outer loop
      vertex 56.4 2.4 18.9
      vertex 56.4 6.10352e-07 12.9
      vertex 56.4 6.10352e-07 18.9
    endloop
  endfacet
  facet normal 0 0 -1
    outer loop
      vertex 52.4 6.10352e-07 18.9
      vertex 56.4 2.4 18.9
      vertex 56.4 6.10352e-07 18.9
    endloop
  endfacet
  facet normal -0 0 -1
    outer loop
      vertex 56.4 2.4 18.9
      vertex 52.4 6.10352e-07 18.9
      vertex 52.4 2.4 18.9
    endloop
  endfacet
  facet normal -0 0 1
    outer loop
      vertex 0 33.49 6.4
      vertex 2.4 13.49 6.4
      vertex 2.4 33.49 6.4
    endloop
  endfacet
  facet normal 0 0 1
    outer loop
      vertex 2.4 13.49 6.4
      vertex 0 33.49 6.4
      vertex 0 13.49 6.4
    endloop
  endfacet
  facet normal 0 1 -0
    outer loop
      vertex 2.4 13.49 6.4
      vertex 0 13.49 21.9
      vertex 2.4 13.49 21.9
    endloop
  endfacet
  facet normal 0 1 0
    outer loop
      vertex 0 13.49 21.9
      vertex 2.4 13.49 6.4
      vertex 0 13.49 6.4
    endloop
  endfacet
  facet normal 0 0 -1
    outer loop
      vertex 0 13.49 21.9
      vertex 2.4 33.49 21.9
      vertex 2.4 13.49 21.9
    endloop
  endfacet
  facet normal -0 0 -1
    outer loop
      vertex 2.4 33.49 21.9
      vertex 0 13.49 21.9
      vertex 0 33.49 21.9
    endloop
  endfacet
  facet normal 0 -1 0
    outer loop
      vertex 0 33.49 6.4
      vertex 2.4 33.49 21.9
      vertex 0 33.49 21.9
    endloop
  endfacet
  facet normal 0 -1 -0
    outer loop
      vertex 2.4 33.49 21.9
      vertex 0 33.49 6.4
      vertex 2.4 33.49 6.4
    endloop
  endfacet
  facet normal -0 0 1
    outer loop
      vertex 79.48 47.69 7.9
      vertex 81.88 36.49 7.9
      vertex 81.88 47.69 7.9
    endloop
  endfacet
  facet normal 0 0 1
    outer loop
      vertex 81.88 36.49 7.9
      vertex 79.48 47.69 7.9
      vertex 79.48 36.49 7.9
    endloop
  endfacet
  facet normal 0 1 -0
    outer loop
      vertex 81.88 36.49 7.9
      vertex 79.48 36.49 21.9
      vertex 81.88 36.49 21.9
    endloop
  endfacet
  facet normal 0 1 0
    outer loop
      vertex 79.48 36.49 21.9
      vertex 81.88 36.49 7.9
      vertex 79.48 36.49 7.9
    endloop
  endfacet
  facet normal 0 0 -1
    outer loop
      vertex 79.48 36.49 21.9
      vertex 81.88 47.69 21.9
      vertex 81.88 36.49 21.9
    endloop
  endfacet
  facet normal -0 0 -1
    outer loop
      vertex 81.88 47.69 21.9
      vertex 79.48 36.49 21.9
      vertex 79.48 47.69 21.9
    endloop
  endfacet
  facet normal 0 -1 0
    outer loop
      vertex 79.48 47.69 7.9
      vertex 81.88 47.69 21.9
      vertex 79.48 47.69 21.9
    endloop
  endfacet
  facet normal 0 -1 -0
    outer loop
      vertex 81.88 47.69 21.9
      vertex 79.48 47.69 7.9
      vertex 81.88 47.69 7.9
    endloop
  endfacet
  facet normal 1 -0 0
    outer loop
      vertex 67.35 25.69 2.4
      vertex 67.35 37.89 3.8147e-07
      vertex 67.35 37.89 2.4
    endloop
  endfacet
  facet normal 1 0 0
    outer loop
      vertex 67.35 37.89 3.8147e-07
      vertex 67.35 25.69 2.4
      vertex 67.35 25.69 3.8147e-07
    endloop
  endfacet
  facet normal -1 0 0
    outer loop
      vertex 75.15 25.69 3.8147e-07
      vertex 75.15 37.89 2.4
      vertex 75.15 37.89 3.8147e-07
    endloop
  endfacet
  facet normal -1 -0 0
    outer loop
      vertex 75.15 37.89 2.4
      vertex 75.15 25.69 3.8147e-07
      vertex 75.15 25.69 2.4
    endloop
  endfacet
  facet normal 0 -1 0
    outer loop
      vertex 67.35 37.89 3.8147e-07
      vertex 75.15 37.89 2.4
      vertex 67.35 37.89 2.4
    endloop
  endfacet
  facet normal 0 -1 -0
    outer loop
      vertex 75.15 37.89 2.4
      vertex 67.35 37.89 3.8147e-07
      vertex 75.15 37.89 3.8147e-07
    endloop
  endfacet
  facet normal 0 1 -0
    outer loop
      vertex 75.15 25.69 3.8147e-07
      vertex 71.6432 25.69 2.4
      vertex 75.15 25.69 2.4
    endloop
  endfacet
  facet normal 0 1 0
    outer loop
      vertex 67.35 25.69 3.8147e-07
      vertex 71.6432 25.69 2.4
      vertex 75.15 25.69 3.8147e-07
    endloop
  endfacet
  facet normal 0 1 0
    outer loop
      vertex 71.6432 25.69 2.4
      vertex 67.35 25.69 3.8147e-07
      vertex 70.7368 25.69 2.4
    endloop
  endfacet
  facet normal 0 1 0
    outer loop
      vertex 70.7368 25.69 2.4
      vertex 67.35 25.69 3.8147e-07
      vertex 67.35 25.69 2.4
    endloop
  endfacet
  facet normal 1 -0 0
    outer loop
      vertex 17.55 10.49 2.4
      vertex 17.55 18.49 3.8147e-07
      vertex 17.55 18.49 2.4
    endloop
  endfacet
  facet normal 1 0 0
    outer loop
      vertex 17.55 18.49 3.8147e-07
      vertex 17.55 10.49 2.4
      vertex 17.55 10.49 3.8147e-07
    endloop
  endfacet
  facet normal -1 0 0
    outer loop
      vertex 33.85 11.69 3.8147e-07
      vertex 33.85 18.49 2.4
      vertex 33.85 18.49 3.8147e-07
    endloop
  endfacet
  facet normal -1 -0 0
    outer loop
      vertex 33.85 18.49 2.4
      vertex 33.85 11.69 3.8147e-07
      vertex 33.85 11.69 2.4
    endloop
  endfacet
  facet normal 0 1 -0
    outer loop
      vertex 23.19 10.49 3.8147e-07
      vertex 17.55 10.49 2.4
      vertex 23.19 10.49 2.4
    endloop
  endfacet
  facet normal 0 1 0
    outer loop
      vertex 17.55 10.49 2.4
      vertex 23.19 10.49 3.8147e-07
      vertex 17.55 10.49 3.8147e-07
    endloop
  endfacet
  facet normal 0 -1 0
    outer loop
      vertex 17.55 18.49 3.8147e-07
      vertex 33.85 18.49 2.4
      vertex 17.55 18.49 2.4
    endloop
  endfacet
  facet normal 0 -1 -0
    outer loop
      vertex 33.85 18.49 2.4
      vertex 17.55 18.49 3.8147e-07
      vertex 33.85 18.49 3.8147e-07
    endloop
  endfacet
  facet normal 0.336866 -0.941553 0
    outer loop
      vertex 9.73658 15.1094 3.8147e-07
      vertex 10.1986 15.2747 2.4
      vertex 9.73658 15.1094 2.4
    endloop
  endfacet
  facet normal 0.336866 -0.941553 0
    outer loop
      vertex 10.1986 15.2747 2.4
      vertex 9.73658 15.1094 3.8147e-07
      vertex 10.1986 15.2747 3.8147e-07
    endloop
  endfacet
  facet normal 0.336882 0.941547 -0
    outer loop
      vertex 10.15 5.72268 3.8147e-07
      vertex 9.73658 5.8706 2.4
      vertex 10.15 5.72268 2.4
    endloop
  endfacet
  facet normal 0.336882 0.941547 0
    outer loop
      vertex 9.73658 5.8706 2.4
      vertex 10.15 5.72268 3.8147e-07
      vertex 9.73658 5.8706 3.8147e-07
    endloop
  endfacet
  facet normal 0.903988 0.427558 0
    outer loop
      vertex 7.24039 8.13302 2.4
      vertex 7.0306 8.57658 3.8147e-07
      vertex 7.0306 8.57658 2.4
    endloop
  endfacet
  facet normal 0.903988 0.427558 0
    outer loop
      vertex 7.0306 8.57658 3.8147e-07
      vertex 7.24039 8.13302 2.4
      vertex 7.24039 8.13302 3.8147e-07
    endloop
  endfacet
  facet normal 0.904003 -0.427526 0
    outer loop
      vertex 7.0306 12.4034 2.4
      vertex 7.24039 12.847 3.8147e-07
      vertex 7.24039 12.847 2.4
    endloop
  endfacet
  facet normal 0.904003 -0.427526 0
    outer loop
      vertex 7.24039 12.847 3.8147e-07
      vertex 7.0306 12.4034 2.4
      vertex 7.0306 12.4034 3.8147e-07
    endloop
  endfacet
  facet normal -0.970043 0.242934 0
    outer loop
      vertex 16.4347 9.03858 3.8147e-07
      vertex 16.5539 9.51455 2.4
      vertex 16.5539 9.51455 3.8147e-07
    endloop
  endfacet
  facet normal -0.970043 0.242934 0
    outer loop
      vertex 16.5539 9.51455 2.4
      vertex 16.4347 9.03858 3.8147e-07
      vertex 16.4347 9.03858 2.4
    endloop
  endfacet
  facet normal -0.941548 0.336879 0
    outer loop
      vertex 16.2694 8.57658 3.8147e-07
      vertex 16.4347 9.03858 2.4
      vertex 16.4347 9.03858 3.8147e-07
    endloop
  endfacet
  facet normal -0.941548 0.336879 0
    outer loop
      vertex 16.4347 9.03858 2.4
      vertex 16.2694 8.57658 3.8147e-07
      vertex 16.2694 8.57658 2.4
    endloop
  endfacet
  facet normal 0.5957 0.803207 -0
    outer loop
      vertex 8.87215 6.33265 3.8147e-07
      vertex 8.47803 6.62495 2.4
      vertex 8.87215 6.33265 2.4
    endloop
  endfacet
  facet normal 0.5957 0.803207 0
    outer loop
      vertex 8.47803 6.62495 2.4
      vertex 8.87215 6.33265 3.8147e-07
      vertex 8.47803 6.62495 3.8147e-07
    endloop
  endfacet
  facet normal -0.941548 -0.336879 0
    outer loop
      vertex 16.4347 11.9414 3.8147e-07
      vertex 16.2694 12.4034 2.4
      vertex 16.2694 12.4034 3.8147e-07
    endloop
  endfacet
  facet normal -0.941548 -0.336879 0
    outer loop
      vertex 16.2694 12.4034 2.4
      vertex 16.4347 11.9414 3.8147e-07
      vertex 16.4347 11.9414 2.4
    endloop
  endfacet
  facet normal -0.242967 -0.970034 0
    outer loop
      vertex 12.6255 15.3939 3.8147e-07
      vertex 13.1014 15.2747 2.4
      vertex 12.6255 15.3939 2.4
    endloop
  endfacet
  facet normal -0.242967 -0.970034 -0
    outer loop
      vertex 13.1014 15.2747 2.4
      vertex 12.6255 15.3939 3.8147e-07
      vertex 13.1014 15.2747 3.8147e-07
    endloop
  endfacet
  facet normal -0.740806 -0.671719 0
    outer loop
      vertex 15.5151 13.662 3.8147e-07
      vertex 15.1855 14.0255 2.4
      vertex 15.1855 14.0255 3.8147e-07
    endloop
  endfacet
  facet normal -0.740806 -0.671719 0
    outer loop
      vertex 15.1855 14.0255 2.4
      vertex 15.5151 13.662 3.8147e-07
      vertex 15.5151 13.662 2.4
    endloop
  endfacet
  facet normal -0.903983 0.427569 0
    outer loop
      vertex 16.15 8.32414 3.8147e-07
      vertex 16.2694 8.57658 2.4
      vertex 16.2694 8.57658 3.8147e-07
    endloop
  endfacet
  facet normal -0.903983 0.427569 0
    outer loop
      vertex 16.2694 8.57658 2.4
      vertex 16.15 8.32414 3.8147e-07
      vertex 16.15 8.32414 2.4
    endloop
  endfacet
  facet normal 0.998795 0.0490756 0
    outer loop
      vertex 6.67408 9.99992 2.4
      vertex 6.65 10.49 3.8147e-07
      vertex 6.65 10.49 2.4
    endloop
  endfacet
  facet normal 0.998795 0.0490756 0
    outer loop
      vertex 6.65 10.49 3.8147e-07
      vertex 6.67408 9.99992 2.4
      vertex 6.67408 9.99992 3.8147e-07
    endloop
  endfacet
  facet normal 0.970029 0.242991 0
    outer loop
      vertex 6.8653 9.03858 2.4
      vertex 6.74607 9.51455 3.8147e-07
      vertex 6.74607 9.51455 2.4
    endloop
  endfacet
  facet normal 0.970029 0.242991 0
    outer loop
      vertex 6.74607 9.51455 3.8147e-07
      vertex 6.8653 9.03858 2.4
      vertex 6.8653 9.03858 3.8147e-07
    endloop
  endfacet
  facet normal 0.989179 0.146715 0
    outer loop
      vertex 6.74607 9.51455 2.4
      vertex 6.67408 9.99992 3.8147e-07
      vertex 6.67408 9.99992 2.4
    endloop
  endfacet
  facet normal 0.989179 0.146715 0
    outer loop
      vertex 6.67408 9.99992 3.8147e-07
      vertex 6.74607 9.51455 2.4
      vertex 6.74607 9.51455 3.8147e-07
    endloop
  endfacet
  facet normal 0.740943 0.671568 0
    outer loop
      vertex 8.11447 6.95447 2.4
      vertex 7.78495 7.31803 3.8147e-07
      vertex 7.78495 7.31803 2.4
    endloop
  endfacet
  facet normal 0.740943 0.671568 0
    outer loop
      vertex 7.78495 7.31803 3.8147e-07
      vertex 8.11447 6.95447 2.4
      vertex 8.11447 6.95447 3.8147e-07
    endloop
  endfacet
  facet normal 0.857728 0.514103 0
    outer loop
      vertex 7.49265 7.71215 2.4
      vertex 7.24039 8.13302 3.8147e-07
      vertex 7.24039 8.13302 2.4
    endloop
  endfacet
  facet normal 0.857728 0.514103 0
    outer loop
      vertex 7.24039 8.13302 3.8147e-07
      vertex 7.49265 7.71215 2.4
      vertex 7.49265 7.71215 3.8147e-07
    endloop
  endfacet
  facet normal 0.803207 0.5957 0
    outer loop
      vertex 7.78495 7.31803 2.4
      vertex 7.49265 7.71215 3.8147e-07
      vertex 7.49265 7.71215 2.4
    endloop
  endfacet
  facet normal 0.803207 0.5957 0
    outer loop
      vertex 7.49265 7.71215 3.8147e-07
      vertex 7.78495 7.31803 2.4
      vertex 7.78495 7.31803 3.8147e-07
    endloop
  endfacet
  facet normal 0.427558 0.903988 -0
    outer loop
      vertex 9.73658 5.8706 3.8147e-07
      vertex 9.29302 6.08039 2.4
      vertex 9.73658 5.8706 2.4
    endloop
  endfacet
  facet normal 0.427558 0.903988 0
    outer loop
      vertex 9.29302 6.08039 2.4
      vertex 9.73658 5.8706 3.8147e-07
      vertex 9.29302 6.08039 3.8147e-07
    endloop
  endfacet
  facet normal 0.514103 0.857728 -0
    outer loop
      vertex 9.29302 6.08039 3.8147e-07
      vertex 8.87215 6.33265 2.4
      vertex 9.29302 6.08039 2.4
    endloop
  endfacet
  facet normal 0.514103 0.857728 0
    outer loop
      vertex 8.87215 6.33265 2.4
      vertex 9.29302 6.08039 3.8147e-07
      vertex 8.87215 6.33265 3.8147e-07
    endloop
  endfacet
  facet normal 0.671568 0.740943 -0
    outer loop
      vertex 8.47803 6.62495 3.8147e-07
      vertex 8.11447 6.95447 2.4
      vertex 8.47803 6.62495 2.4
    endloop
  endfacet
  facet normal 0.671568 0.740943 0
    outer loop
      vertex 8.11447 6.95447 2.4
      vertex 8.47803 6.62495 3.8147e-07
      vertex 8.11447 6.95447 3.8147e-07
    endloop
  endfacet
  facet normal -0.998793 0.0491163 0
    outer loop
      vertex 16.6259 9.99992 3.8147e-07
      vertex 16.65 10.49 2.4
      vertex 16.65 10.49 3.8147e-07
    endloop
  endfacet
  facet normal -0.998793 0.0491163 0
    outer loop
      vertex 16.65 10.49 2.4
      vertex 16.6259 9.99992 3.8147e-07
      vertex 16.6259 9.99992 2.4
    endloop
  endfacet
  facet normal -0.0491143 -0.998793 0
    outer loop
      vertex 11.65 15.49 3.8147e-07
      vertex 12.1401 15.4659 2.4
      vertex 11.65 15.49 2.4
    endloop
  endfacet
  facet normal -0.0491143 -0.998793 -0
    outer loop
      vertex 12.1401 15.4659 2.4
      vertex 11.65 15.49 3.8147e-07
      vertex 12.1401 15.4659 3.8147e-07
    endloop
  endfacet
  facet normal -0.970034 -0.242967 0
    outer loop
      vertex 16.5539 11.4655 3.8147e-07
      vertex 16.4347 11.9414 2.4
      vertex 16.4347 11.9414 3.8147e-07
    endloop
  endfacet
  facet normal -0.970034 -0.242967 0
    outer loop
      vertex 16.4347 11.9414 2.4
      vertex 16.5539 11.4655 3.8147e-07
      vertex 16.5539 11.4655 2.4
    endloop
  endfacet
  facet normal -0.146726 -0.989177 0
    outer loop
      vertex 12.1401 15.4659 3.8147e-07
      vertex 12.6255 15.3939 2.4
      vertex 12.1401 15.4659 2.4
    endloop
  endfacet
  facet normal -0.146726 -0.989177 -0
    outer loop
      vertex 12.6255 15.3939 2.4
      vertex 12.1401 15.4659 3.8147e-07
      vertex 12.6255 15.3939 3.8147e-07
    endloop
  endfacet
  facet normal -0.427543 -0.903995 0
    outer loop
      vertex 13.5634 15.1094 3.8147e-07
      vertex 14.007 14.8996 2.4
      vertex 13.5634 15.1094 2.4
    endloop
  endfacet
  facet normal -0.427543 -0.903995 -0
    outer loop
      vertex 14.007 14.8996 2.4
      vertex 13.5634 15.1094 3.8147e-07
      vertex 14.007 14.8996 3.8147e-07
    endloop
  endfacet
  facet normal -0.80329 -0.595588 0
    outer loop
      vertex 15.8073 13.2679 3.8147e-07
      vertex 15.5151 13.662 2.4
      vertex 15.5151 13.662 3.8147e-07
    endloop
  endfacet
  facet normal -0.80329 -0.595588 0
    outer loop
      vertex 15.5151 13.662 2.4
      vertex 15.8073 13.2679 3.8147e-07
      vertex 15.8073 13.2679 2.4
    endloop
  endfacet
  facet normal -0.903995 -0.427543 0
    outer loop
      vertex 16.2694 12.4034 3.8147e-07
      vertex 16.0596 12.847 2.4
      vertex 16.0596 12.847 3.8147e-07
    endloop
  endfacet
  facet normal -0.903995 -0.427543 0
    outer loop
      vertex 16.0596 12.847 2.4
      vertex 16.2694 12.4034 3.8147e-07
      vertex 16.2694 12.4034 2.4
    endloop
  endfacet
  facet normal -0.857709 -0.514136 0
    outer loop
      vertex 16.0596 12.847 3.8147e-07
      vertex 15.8073 13.2679 2.4
      vertex 15.8073 13.2679 3.8147e-07
    endloop
  endfacet
  facet normal -0.857709 -0.514136 0
    outer loop
      vertex 15.8073 13.2679 2.4
      vertex 16.0596 12.847 3.8147e-07
      vertex 16.0596 12.847 2.4
    endloop
  endfacet
  facet normal 0.146726 -0.989177 0
    outer loop
      vertex 10.6745 15.3939 3.8147e-07
      vertex 11.1599 15.4659 2.4
      vertex 10.6745 15.3939 2.4
    endloop
  endfacet
  facet normal 0.146726 -0.989177 0
    outer loop
      vertex 11.1599 15.4659 2.4
      vertex 10.6745 15.3939 3.8147e-07
      vertex 11.1599 15.4659 3.8147e-07
    endloop
  endfacet
  facet normal 0.0491143 -0.998793 0
    outer loop
      vertex 11.1599 15.4659 3.8147e-07
      vertex 11.65 15.49 2.4
      vertex 11.1599 15.4659 2.4
    endloop
  endfacet
  facet normal 0.0491143 -0.998793 0
    outer loop
      vertex 11.65 15.49 2.4
      vertex 11.1599 15.4659 3.8147e-07
      vertex 11.65 15.49 3.8147e-07
    endloop
  endfacet
  facet normal 0.514163 -0.857692 0
    outer loop
      vertex 8.87215 14.6473 3.8147e-07
      vertex 9.29302 14.8996 2.4
      vertex 8.87215 14.6473 2.4
    endloop
  endfacet
  facet normal 0.514163 -0.857692 0
    outer loop
      vertex 9.29302 14.8996 2.4
      vertex 8.87215 14.6473 3.8147e-07
      vertex 9.29302 14.8996 3.8147e-07
    endloop
  endfacet
  facet normal 0.671658 -0.740861 0
    outer loop
      vertex 8.11447 14.0255 3.8147e-07
      vertex 8.47803 14.3551 2.4
      vertex 8.11447 14.0255 2.4
    endloop
  endfacet
  facet normal 0.671658 -0.740861 0
    outer loop
      vertex 8.47803 14.3551 2.4
      vertex 8.11447 14.0255 3.8147e-07
      vertex 8.47803 14.3551 3.8147e-07
    endloop
  endfacet
  facet normal 0.427575 -0.90398 0
    outer loop
      vertex 9.29302 14.8996 3.8147e-07
      vertex 9.73658 15.1094 2.4
      vertex 9.29302 14.8996 2.4
    endloop
  endfacet
  facet normal 0.427575 -0.90398 0
    outer loop
      vertex 9.73658 15.1094 2.4
      vertex 9.29302 14.8996 3.8147e-07
      vertex 9.73658 15.1094 3.8147e-07
    endloop
  endfacet
  facet normal 0.97002 -0.243025 0
    outer loop
      vertex 6.74607 11.4655 2.4
      vertex 6.8653 11.9414 3.8147e-07
      vertex 6.8653 11.9414 2.4
    endloop
  endfacet
  facet normal 0.97002 -0.243025 0
    outer loop
      vertex 6.8653 11.9414 3.8147e-07
      vertex 6.74607 11.4655 2.4
      vertex 6.74607 11.4655 3.8147e-07
    endloop
  endfacet
  facet normal 0.998795 -0.0490736 0
    outer loop
      vertex 6.65 10.49 2.4
      vertex 6.67408 10.9801 3.8147e-07
      vertex 6.67408 10.9801 2.4
    endloop
  endfacet
  facet normal 0.998795 -0.0490736 0
    outer loop
      vertex 6.67408 10.9801 3.8147e-07
      vertex 6.65 10.49 2.4
      vertex 6.65 10.49 3.8147e-07
    endloop
  endfacet
  facet normal 0.740887 -0.671629 0
    outer loop
      vertex 7.78495 13.662 2.4
      vertex 8.11447 14.0255 3.8147e-07
      vertex 8.11447 14.0255 2.4
    endloop
  endfacet
  facet normal 0.740887 -0.671629 0
    outer loop
      vertex 8.11447 14.0255 3.8147e-07
      vertex 7.78495 13.662 2.4
      vertex 7.78495 13.662 3.8147e-07
    endloop
  endfacet
  facet normal 0.803192 -0.59572 0
    outer loop
      vertex 7.49265 13.2679 2.4
      vertex 7.78495 13.662 3.8147e-07
      vertex 7.78495 13.662 2.4
    endloop
  endfacet
  facet normal 0.803192 -0.59572 0
    outer loop
      vertex 7.78495 13.662 3.8147e-07
      vertex 7.49265 13.2679 2.4
      vertex 7.49265 13.2679 3.8147e-07
    endloop
  endfacet
  facet normal -0.989176 0.146735 0
    outer loop
      vertex 16.5539 9.51455 3.8147e-07
      vertex 16.6259 9.99992 2.4
      vertex 16.6259 9.99992 3.8147e-07
    endloop
  endfacet
  facet normal -0.989176 0.146735 0
    outer loop
      vertex 16.6259 9.99992 2.4
      vertex 16.5539 9.51455 3.8147e-07
      vertex 16.5539 9.51455 2.4
    endloop
  endfacet
  facet normal 0.941548 0.336879 0
    outer loop
      vertex 7.0306 8.57658 2.4
      vertex 6.8653 9.03858 3.8147e-07
      vertex 6.8653 9.03858 2.4
    endloop
  endfacet
  facet normal 0.941548 0.336879 0
    outer loop
      vertex 6.8653 9.03858 3.8147e-07
      vertex 7.0306 8.57658 2.4
      vertex 7.0306 8.57658 3.8147e-07
    endloop
  endfacet
  facet normal -0.989177 -0.146726 0
    outer loop
      vertex 16.6259 10.9801 3.8147e-07
      vertex 16.5539 11.4655 2.4
      vertex 16.5539 11.4655 3.8147e-07
    endloop
  endfacet
  facet normal -0.989177 -0.146726 0
    outer loop
      vertex 16.5539 11.4655 2.4
      vertex 16.6259 10.9801 3.8147e-07
      vertex 16.6259 10.9801 2.4
    endloop
  endfacet
  facet normal -0.998793 -0.0491143 0
    outer loop
      vertex 16.65 10.49 3.8147e-07
      vertex 16.6259 10.9801 2.4
      vertex 16.6259 10.9801 3.8147e-07
    endloop
  endfacet
  facet normal -0.998793 -0.0491143 0
    outer loop
      vertex 16.6259 10.9801 2.4
      vertex 16.65 10.49 3.8147e-07
      vertex 16.65 10.49 2.4
    endloop
  endfacet
  facet normal -0.336879 -0.941548 0
    outer loop
      vertex 13.1014 15.2747 3.8147e-07
      vertex 13.5634 15.1094 2.4
      vertex 13.1014 15.2747 2.4
    endloop
  endfacet
  facet normal -0.336879 -0.941548 -0
    outer loop
      vertex 13.5634 15.1094 2.4
      vertex 13.1014 15.2747 3.8147e-07
      vertex 13.5634 15.1094 3.8147e-07
    endloop
  endfacet
  facet normal -0.595588 -0.80329 0
    outer loop
      vertex 14.4279 14.6473 3.8147e-07
      vertex 14.822 14.3551 2.4
      vertex 14.4279 14.6473 2.4
    endloop
  endfacet
  facet normal -0.595588 -0.80329 -0
    outer loop
      vertex 14.822 14.3551 2.4
      vertex 14.4279 14.6473 3.8147e-07
      vertex 14.822 14.3551 3.8147e-07
    endloop
  endfacet
  facet normal -0.514136 -0.857709 0
    outer loop
      vertex 14.007 14.8996 3.8147e-07
      vertex 14.4279 14.6473 2.4
      vertex 14.007 14.8996 2.4
    endloop
  endfacet
  facet normal -0.514136 -0.857709 -0
    outer loop
      vertex 14.4279 14.6473 2.4
      vertex 14.007 14.8996 3.8147e-07
      vertex 14.4279 14.6473 3.8147e-07
    endloop
  endfacet
  facet normal 0.242967 -0.970034 0
    outer loop
      vertex 10.1986 15.2747 3.8147e-07
      vertex 10.6745 15.3939 2.4
      vertex 10.1986 15.2747 2.4
    endloop
  endfacet
  facet normal 0.242967 -0.970034 0
    outer loop
      vertex 10.6745 15.3939 2.4
      vertex 10.1986 15.2747 3.8147e-07
      vertex 10.6745 15.3939 3.8147e-07
    endloop
  endfacet
  facet normal 0.595569 -0.803304 0
    outer loop
      vertex 8.47803 14.3551 3.8147e-07
      vertex 8.87215 14.6473 2.4
      vertex 8.47803 14.3551 2.4
    endloop
  endfacet
  facet normal 0.595569 -0.803304 0
    outer loop
      vertex 8.87215 14.6473 2.4
      vertex 8.47803 14.3551 3.8147e-07
      vertex 8.87215 14.6473 3.8147e-07
    endloop
  endfacet
  facet normal 0.98918 -0.146706 0
    outer loop
      vertex 6.67408 10.9801 2.4
      vertex 6.74607 11.4655 3.8147e-07
      vertex 6.74607 11.4655 2.4
    endloop
  endfacet
  facet normal 0.98918 -0.146706 0
    outer loop
      vertex 6.74607 11.4655 3.8147e-07
      vertex 6.67408 10.9801 2.4
      vertex 6.67408 10.9801 3.8147e-07
    endloop
  endfacet
  facet normal 0.941548 -0.336879 0
    outer loop
      vertex 6.8653 11.9414 2.4
      vertex 7.0306 12.4034 3.8147e-07
      vertex 7.0306 12.4034 2.4
    endloop
  endfacet
  facet normal 0.941548 -0.336879 0
    outer loop
      vertex 7.0306 12.4034 3.8147e-07
      vertex 6.8653 11.9414 2.4
      vertex 6.8653 11.9414 3.8147e-07
    endloop
  endfacet
  facet normal 0.857745 -0.514076 0
    outer loop
      vertex 7.24039 12.847 2.4
      vertex 7.49265 13.2679 3.8147e-07
      vertex 7.49265 13.2679 2.4
    endloop
  endfacet
  facet normal 0.857745 -0.514076 0
    outer loop
      vertex 7.49265 13.2679 3.8147e-07
      vertex 7.24039 12.847 2.4
      vertex 7.24039 12.847 3.8147e-07
    endloop
  endfacet
  facet normal -0.671719 -0.740806 0
    outer loop
      vertex 14.822 14.3551 3.8147e-07
      vertex 15.1855 14.0255 2.4
      vertex 14.822 14.3551 2.4
    endloop
  endfacet
  facet normal -0.671719 -0.740806 -0
    outer loop
      vertex 15.1855 14.0255 2.4
      vertex 14.822 14.3551 3.8147e-07
      vertex 15.1855 14.0255 3.8147e-07
    endloop
  endfacet
  facet normal 1 -0 0
    outer loop
      vertex 23.65 51.99 2.4
      vertex 23.65 59.19 3.8147e-07
      vertex 23.65 59.19 2.4
    endloop
  endfacet
  facet normal 1 0 0
    outer loop
      vertex 23.65 59.19 3.8147e-07
      vertex 23.65 51.99 2.4
      vertex 23.65 51.99 3.8147e-07
    endloop
  endfacet
  facet normal -1 0 0
    outer loop
      vertex 70.95 59.19 3.8147e-07
      vertex 70.95 53.6582 2.4
      vertex 70.95 59.19 2.4
    endloop
  endfacet
  facet normal -1 0 0
    outer loop
      vertex 70.95 51.99 3.8147e-07
      vertex 70.95 53.6582 2.4
      vertex 70.95 59.19 3.8147e-07
    endloop
  endfacet
  facet normal -1 -0 0
    outer loop
      vertex 70.95 53.6582 2.4
      vertex 70.95 51.99 3.8147e-07
      vertex 70.95 51.99 2.4
    endloop
  endfacet
  facet normal 0 -1 0
    outer loop
      vertex 23.65 59.19 3.8147e-07
      vertex 70.95 59.19 2.4
      vertex 23.65 59.19 2.4
    endloop
  endfacet
  facet normal 0 -1 -0
    outer loop
      vertex 70.95 59.19 2.4
      vertex 23.65 59.19 3.8147e-07
      vertex 70.95 59.19 3.8147e-07
    endloop
  endfacet
  facet normal 0 1 -0
    outer loop
      vertex 70.95 51.99 3.8147e-07
      vertex 68.6261 51.99 2.4
      vertex 70.95 51.99 2.4
    endloop
  endfacet
  facet normal 0 1 0
    outer loop
      vertex 23.65 51.99 3.8147e-07
      vertex 68.6261 51.99 2.4
      vertex 70.95 51.99 3.8147e-07
    endloop
  endfacet
  facet normal 0 1 0
    outer loop
      vertex 68.6261 51.99 2.4
      vertex 23.65 51.99 3.8147e-07
      vertex 23.65 51.99 2.4
    endloop
  endfacet
  facet normal 1 -0 0
    outer loop
      vertex 74.75 51.99 2.4
      vertex 74.75 59.19 3.8147e-07
      vertex 74.75 59.19 2.4
    endloop
  endfacet
  facet normal 1 0 0
    outer loop
      vertex 74.75 59.19 3.8147e-07
      vertex 74.75 51.99 2.4
      vertex 74.75 51.99 3.8147e-07
    endloop
  endfacet
  facet normal -1 0 0
    outer loop
      vertex 77.15 51.99 3.8147e-07
      vertex 77.15 59.19 2.4
      vertex 77.15 59.19 3.8147e-07
    endloop
  endfacet
  facet normal -1 -0 0
    outer loop
      vertex 77.15 59.19 2.4
      vertex 77.15 51.99 3.8147e-07
      vertex 77.15 51.99 2.4
    endloop
  endfacet
  facet normal 0 1 -0
    outer loop
      vertex 77.15 51.99 3.8147e-07
      vertex 74.75 51.99 2.4
      vertex 77.15 51.99 2.4
    endloop
  endfacet
  facet normal 0 1 0
    outer loop
      vertex 74.75 51.99 2.4
      vertex 77.15 51.99 3.8147e-07
      vertex 74.75 51.99 3.8147e-07
    endloop
  endfacet
  facet normal 0 -1 0
    outer loop
      vertex 74.75 59.19 3.8147e-07
      vertex 77.15 59.19 2.4
      vertex 74.75 59.19 2.4
    endloop
  endfacet
  facet normal 0 -1 -0
    outer loop
      vertex 77.15 59.19 2.4
      vertex 74.75 59.19 3.8147e-07
      vertex 77.15 59.19 3.8147e-07
    endloop
  endfacet
  facet normal 1 -0 0
    outer loop
      vertex 10.15 4.49 2.4
      vertex 10.15 5.72268 3.8147e-07
      vertex 10.15 5.72268 2.4
    endloop
  endfacet
  facet normal 1 0 0
    outer loop
      vertex 10.15 5.72268 3.8147e-07
      vertex 10.15 4.49 2.4
      vertex 10.15 4.49 3.8147e-07
    endloop
  endfacet
  facet normal -1 0 0
    outer loop
      vertex 16.15 4.49 3.8147e-07
      vertex 16.15 8.32414 2.4
      vertex 16.15 8.32414 3.8147e-07
    endloop
  endfacet
  facet normal -1 -0 0
    outer loop
      vertex 16.15 8.32414 2.4
      vertex 16.15 4.49 3.8147e-07
      vertex 16.15 4.49 2.4
    endloop
  endfacet
  facet normal 0 1 -0
    outer loop
      vertex 16.15 4.49 3.8147e-07
      vertex 10.15 4.49 2.4
      vertex 16.15 4.49 2.4
    endloop
  endfacet
  facet normal 0 1 0
    outer loop
      vertex 10.15 4.49 2.4
      vertex 16.15 4.49 3.8147e-07
      vertex 10.15 4.49 3.8147e-07
    endloop
  endfacet
  facet normal 1 -0 0
    outer loop
      vertex 23.19 5.69 2.4
      vertex 23.19 10.49 3.8147e-07
      vertex 23.19 10.49 2.4
    endloop
  endfacet
  facet normal 1 0 0
    outer loop
      vertex 23.19 4.49 3.8147e-07
      vertex 23.19 5.69 2.4
      vertex 23.19 4.49 2.4
    endloop
  endfacet
  facet normal 1 0 0
    outer loop
      vertex 23.19 5.69 2.4
      vertex 23.19 4.49 3.8147e-07
      vertex 23.19 10.49 3.8147e-07
    endloop
  endfacet
  facet normal -1 0 0
    outer loop
      vertex 77.15 4.49 3.8147e-07
      vertex 77.15 11.69 2.4
      vertex 77.15 11.69 3.8147e-07
    endloop
  endfacet
  facet normal -1 -0 0
    outer loop
      vertex 77.15 11.69 2.4
      vertex 77.15 4.49 3.8147e-07
      vertex 77.15 4.49 2.4
    endloop
  endfacet
  facet normal 0 -1 0
    outer loop
      vertex 33.85 11.69 3.8147e-07
      vertex 77.15 11.69 2.4
      vertex 33.85 11.69 2.4
    endloop
  endfacet
  facet normal 0 -1 -0
    outer loop
      vertex 77.15 11.69 2.4
      vertex 33.85 11.69 3.8147e-07
      vertex 77.15 11.69 3.8147e-07
    endloop
  endfacet
  facet normal 0 1 -0
    outer loop
      vertex 77.15 4.49 3.8147e-07
      vertex 23.19 4.49 2.4
      vertex 77.15 4.49 2.4
    endloop
  endfacet
  facet normal 0 1 0
    outer loop
      vertex 23.19 4.49 2.4
      vertex 77.15 4.49 3.8147e-07
      vertex 23.19 4.49 3.8147e-07
    endloop
  endfacet
  facet normal 0.857686 -0.514175 0
    outer loop
      vertex 21.4481 54.3944 13.9
      vertex 21.5894 54.6301 2.4
      vertex 21.5894 54.6301 13.9
    endloop
  endfacet
  facet normal 0.857686 -0.514175 0
    outer loop
      vertex 21.5894 54.6301 2.4
      vertex 21.4481 54.3944 13.9
      vertex 21.4481 54.3944 2.4
    endloop
  endfacet
  facet normal 0.336682 -0.941618 0
    outer loop
      vertex 19.9328 53.2706 2.4
      vertex 20.1915 53.3631 13.9
      vertex 19.9328 53.2706 13.9
    endloop
  endfacet
  facet normal 0.336682 -0.941618 0
    outer loop
      vertex 20.1915 53.3631 13.9
      vertex 19.9328 53.2706 2.4
      vertex 20.1915 53.3631 2.4
    endloop
  endfacet
  facet normal -0.336682 -0.941618 0
    outer loop
      vertex 18.0485 53.3631 2.4
      vertex 18.3072 53.2706 13.9
      vertex 18.0485 53.3631 13.9
    endloop
  endfacet
  facet normal -0.336682 -0.941618 -0
    outer loop
      vertex 18.3072 53.2706 13.9
      vertex 18.0485 53.3631 2.4
      vertex 18.3072 53.2706 2.4
    endloop
  endfacet
  facet normal -0.903967 -0.427601 0
    outer loop
      vertex 16.6506 54.6301 2.4
      vertex 16.5331 54.8785 13.9
      vertex 16.5331 54.8785 2.4
    endloop
  endfacet
  facet normal -0.903967 -0.427601 0
    outer loop
      vertex 16.5331 54.8785 13.9
      vertex 16.6506 54.6301 2.4
      vertex 16.6506 54.6301 13.9
    endloop
  endfacet
  facet normal 0.998792 0.0491388 0
    outer loop
      vertex 21.92 55.95 13.9
      vertex 21.9065 56.2244 2.4
      vertex 21.9065 56.2244 13.9
    endloop
  endfacet
  facet normal 0.998792 0.0491388 0
    outer loop
      vertex 21.9065 56.2244 2.4
      vertex 21.92 55.95 13.9
      vertex 21.92 55.95 2.4
    endloop
  endfacet
  facet normal 0.514175 -0.857686 0
    outer loop
      vertex 20.4399 53.4806 2.4
      vertex 20.6756 53.6219 13.9
      vertex 20.4399 53.4806 13.9
    endloop
  endfacet
  facet normal 0.514175 -0.857686 0
    outer loop
      vertex 20.6756 53.6219 13.9
      vertex 20.4399 53.4806 2.4
      vertex 20.6756 53.6219 2.4
    endloop
  endfacet
  facet normal -0.74101 -0.671494 0
    outer loop
      vertex 17.1401 53.9701 2.4
      vertex 16.9556 54.1737 13.9
      vertex 16.9556 54.1737 2.4
    endloop
  endfacet
  facet normal -0.74101 -0.671494 0
    outer loop
      vertex 16.9556 54.1737 13.9
      vertex 17.1401 53.9701 2.4
      vertex 17.1401 53.9701 13.9
    endloop
  endfacet
  facet normal -0.243135 -0.969992 0
    outer loop
      vertex 18.3072 53.2706 2.4
      vertex 18.5737 53.2038 13.9
      vertex 18.3072 53.2706 13.9
    endloop
  endfacet
  facet normal -0.243135 -0.969992 -0
    outer loop
      vertex 18.5737 53.2038 13.9
      vertex 18.3072 53.2706 2.4
      vertex 18.5737 53.2038 2.4
    endloop
  endfacet
  facet normal 0.514175 0.857686 -0
    outer loop
      vertex 20.6756 58.2781 2.4
      vertex 20.4399 58.4194 13.9
      vertex 20.6756 58.2781 13.9
    endloop
  endfacet
  facet normal 0.514175 0.857686 0
    outer loop
      vertex 20.4399 58.4194 13.9
      vertex 20.6756 58.2781 2.4
      vertex 20.4399 58.4194 2.4
    endloop
  endfacet
  facet normal -0.903967 0.427601 0
    outer loop
      vertex 16.5331 57.0215 2.4
      vertex 16.6506 57.2699 13.9
      vertex 16.6506 57.2699 2.4
    endloop
  endfacet
  facet normal -0.903967 0.427601 0
    outer loop
      vertex 16.6506 57.2699 13.9
      vertex 16.5331 57.0215 2.4
      vertex 16.5331 57.0215 13.9
    endloop
  endfacet
  facet normal 0.803177 -0.595741 0
    outer loop
      vertex 21.2844 54.1737 13.9
      vertex 21.4481 54.3944 2.4
      vertex 21.4481 54.3944 13.9
    endloop
  endfacet
  facet normal 0.803177 -0.595741 0
    outer loop
      vertex 21.4481 54.3944 2.4
      vertex 21.2844 54.1737 13.9
      vertex 21.2844 54.1737 2.4
    endloop
  endfacet
  facet normal 0.671494 -0.74101 0
    outer loop
      vertex 20.8963 53.7856 2.4
      vertex 21.0999 53.9701 13.9
      vertex 20.8963 53.7856 13.9
    endloop
  endfacet
  facet normal 0.671494 -0.74101 0
    outer loop
      vertex 21.0999 53.9701 13.9
      vertex 20.8963 53.7856 2.4
      vertex 21.0999 53.9701 2.4
    endloop
  endfacet
  facet normal -0.0491388 -0.998792 0
    outer loop
      vertex 18.8456 53.1635 2.4
      vertex 19.12 53.15 13.9
      vertex 18.8456 53.1635 13.9
    endloop
  endfacet
  facet normal -0.0491388 -0.998792 -0
    outer loop
      vertex 19.12 53.15 13.9
      vertex 18.8456 53.1635 2.4
      vertex 19.12 53.15 2.4
    endloop
  endfacet
  facet normal 0.243135 -0.969992 0
    outer loop
      vertex 19.6663 53.2038 2.4
      vertex 19.9328 53.2706 13.9
      vertex 19.6663 53.2038 13.9
    endloop
  endfacet
  facet normal 0.243135 -0.969992 0
    outer loop
      vertex 19.9328 53.2706 13.9
      vertex 19.6663 53.2038 2.4
      vertex 19.9328 53.2706 2.4
    endloop
  endfacet
  facet normal 0.146615 -0.989194 0
    outer loop
      vertex 19.3944 53.1635 2.4
      vertex 19.6663 53.2038 13.9
      vertex 19.3944 53.1635 13.9
    endloop
  endfacet
  facet normal 0.146615 -0.989194 0
    outer loop
      vertex 19.6663 53.2038 13.9
      vertex 19.3944 53.1635 2.4
      vertex 19.6663 53.2038 2.4
    endloop
  endfacet
  facet normal 0.427601 -0.903967 0
    outer loop
      vertex 20.1915 53.3631 2.4
      vertex 20.4399 53.4806 13.9
      vertex 20.1915 53.3631 13.9
    endloop
  endfacet
  facet normal 0.427601 -0.903967 0
    outer loop
      vertex 20.4399 53.4806 13.9
      vertex 20.1915 53.3631 2.4
      vertex 20.4399 53.4806 2.4
    endloop
  endfacet
  facet normal 0.595741 -0.803177 0
    outer loop
      vertex 20.6756 53.6219 2.4
      vertex 20.8963 53.7856 13.9
      vertex 20.6756 53.6219 13.9
    endloop
  endfacet
  facet normal 0.595741 -0.803177 0
    outer loop
      vertex 20.8963 53.7856 13.9
      vertex 20.6756 53.6219 2.4
      vertex 20.8963 53.7856 2.4
    endloop
  endfacet
  facet normal -0.998792 -0.0491388 0
    outer loop
      vertex 16.3335 55.6756 2.4
      vertex 16.32 55.95 13.9
      vertex 16.32 55.95 2.4
    endloop
  endfacet
  facet normal -0.998792 -0.0491388 0
    outer loop
      vertex 16.32 55.95 13.9
      vertex 16.3335 55.6756 2.4
      vertex 16.3335 55.6756 13.9
    endloop
  endfacet
  facet normal -0.941618 -0.336682 0
    outer loop
      vertex 16.5331 54.8785 2.4
      vertex 16.4406 55.1372 13.9
      vertex 16.4406 55.1372 2.4
    endloop
  endfacet
  facet normal -0.941618 -0.336682 0
    outer loop
      vertex 16.4406 55.1372 13.9
      vertex 16.5331 54.8785 2.4
      vertex 16.5331 54.8785 13.9
    endloop
  endfacet
  facet normal -0.969992 -0.243135 0
    outer loop
      vertex 16.4406 55.1372 2.4
      vertex 16.3738 55.4037 13.9
      vertex 16.3738 55.4037 2.4
    endloop
  endfacet
  facet normal -0.969992 -0.243135 0
    outer loop
      vertex 16.3738 55.4037 13.9
      vertex 16.4406 55.1372 2.4
      vertex 16.4406 55.1372 13.9
    endloop
  endfacet
  facet normal -0.857686 -0.514175 0
    outer loop
      vertex 16.7919 54.3944 2.4
      vertex 16.6506 54.6301 13.9
      vertex 16.6506 54.6301 2.4
    endloop
  endfacet
  facet normal -0.857686 -0.514175 0
    outer loop
      vertex 16.6506 54.6301 13.9
      vertex 16.7919 54.3944 2.4
      vertex 16.7919 54.3944 13.9
    endloop
  endfacet
  facet normal -0.803177 -0.595741 0
    outer loop
      vertex 16.9556 54.1737 2.4
      vertex 16.7919 54.3944 13.9
      vertex 16.7919 54.3944 2.4
    endloop
  endfacet
  facet normal -0.803177 -0.595741 0
    outer loop
      vertex 16.7919 54.3944 13.9
      vertex 16.9556 54.1737 2.4
      vertex 16.9556 54.1737 13.9
    endloop
  endfacet
  facet normal -0.146615 -0.989194 0
    outer loop
      vertex 18.5737 53.2038 2.4
      vertex 18.8456 53.1635 13.9
      vertex 18.5737 53.2038 13.9
    endloop
  endfacet
  facet normal -0.146615 -0.989194 -0
    outer loop
      vertex 18.8456 53.1635 13.9
      vertex 18.5737 53.2038 2.4
      vertex 18.8456 53.1635 2.4
    endloop
  endfacet
  facet normal -0.514175 -0.857686 0
    outer loop
      vertex 17.5644 53.6219 2.4
      vertex 17.8001 53.4806 13.9
      vertex 17.5644 53.6219 13.9
    endloop
  endfacet
  facet normal -0.514175 -0.857686 -0
    outer loop
      vertex 17.8001 53.4806 13.9
      vertex 17.5644 53.6219 2.4
      vertex 17.8001 53.4806 2.4
    endloop
  endfacet
  facet normal -0.595741 -0.803177 0
    outer loop
      vertex 17.3437 53.7856 2.4
      vertex 17.5644 53.6219 13.9
      vertex 17.3437 53.7856 13.9
    endloop
  endfacet
  facet normal -0.595741 -0.803177 -0
    outer loop
      vertex 17.5644 53.6219 13.9
      vertex 17.3437 53.7856 2.4
      vertex 17.5644 53.6219 2.4
    endloop
  endfacet
  facet normal -0.427601 -0.903967 0
    outer loop
      vertex 17.8001 53.4806 2.4
      vertex 18.0485 53.3631 13.9
      vertex 17.8001 53.4806 13.9
    endloop
  endfacet
  facet normal -0.427601 -0.903967 -0
    outer loop
      vertex 18.0485 53.3631 13.9
      vertex 17.8001 53.4806 2.4
      vertex 18.0485 53.3631 2.4
    endloop
  endfacet
  facet normal -0.671494 -0.74101 0
    outer loop
      vertex 17.1401 53.9701 2.4
      vertex 17.3437 53.7856 13.9
      vertex 17.1401 53.9701 13.9
    endloop
  endfacet
  facet normal -0.671494 -0.74101 -0
    outer loop
      vertex 17.3437 53.7856 13.9
      vertex 17.1401 53.9701 2.4
      vertex 17.3437 53.7856 2.4
    endloop
  endfacet
  facet normal 0.998792 -0.0491388 0
    outer loop
      vertex 21.9065 55.6756 13.9
      vertex 21.92 55.95 2.4
      vertex 21.92 55.95 13.9
    endloop
  endfacet
  facet normal 0.998792 -0.0491388 0
    outer loop
      vertex 21.92 55.95 2.4
      vertex 21.9065 55.6756 13.9
      vertex 21.9065 55.6756 2.4
    endloop
  endfacet
  facet normal 0.969992 0.243135 0
    outer loop
      vertex 21.8662 56.4963 13.9
      vertex 21.7994 56.7628 2.4
      vertex 21.7994 56.7628 13.9
    endloop
  endfacet
  facet normal 0.969992 0.243135 0
    outer loop
      vertex 21.7994 56.7628 2.4
      vertex 21.8662 56.4963 13.9
      vertex 21.8662 56.4963 2.4
    endloop
  endfacet
  facet normal 0.427601 0.903967 -0
    outer loop
      vertex 20.4399 58.4194 2.4
      vertex 20.1915 58.5369 13.9
      vertex 20.4399 58.4194 13.9
    endloop
  endfacet
  facet normal 0.427601 0.903967 0
    outer loop
      vertex 20.1915 58.5369 13.9
      vertex 20.4399 58.4194 2.4
      vertex 20.1915 58.5369 2.4
    endloop
  endfacet
  facet normal 0.903967 -0.427601 0
    outer loop
      vertex 21.5894 54.6301 13.9
      vertex 21.7069 54.8785 2.4
      vertex 21.7069 54.8785 13.9
    endloop
  endfacet
  facet normal 0.903967 -0.427601 0
    outer loop
      vertex 21.7069 54.8785 2.4
      vertex 21.5894 54.6301 13.9
      vertex 21.5894 54.6301 2.4
    endloop
  endfacet
  facet normal 0.941618 -0.336682 0
    outer loop
      vertex 21.7069 54.8785 13.9
      vertex 21.7994 55.1372 2.4
      vertex 21.7994 55.1372 13.9
    endloop
  endfacet
  facet normal 0.941618 -0.336682 0
    outer loop
      vertex 21.7994 55.1372 2.4
      vertex 21.7069 54.8785 13.9
      vertex 21.7069 54.8785 2.4
    endloop
  endfacet
  facet normal 0.969992 -0.243135 0
    outer loop
      vertex 21.7994 55.1372 13.9
      vertex 21.8662 55.4037 2.4
      vertex 21.8662 55.4037 13.9
    endloop
  endfacet
  facet normal 0.969992 -0.243135 0
    outer loop
      vertex 21.8662 55.4037 2.4
      vertex 21.7994 55.1372 13.9
      vertex 21.7994 55.1372 2.4
    endloop
  endfacet
  facet normal 0.74101 -0.671494 0
    outer loop
      vertex 21.0999 53.9701 13.9
      vertex 21.2844 54.1737 2.4
      vertex 21.2844 54.1737 13.9
    endloop
  endfacet
  facet normal 0.74101 -0.671494 0
    outer loop
      vertex 21.2844 54.1737 2.4
      vertex 21.0999 53.9701 13.9
      vertex 21.0999 53.9701 2.4
    endloop
  endfacet
  facet normal 0.0491388 -0.998792 0
    outer loop
      vertex 19.12 53.15 2.4
      vertex 19.3944 53.1635 13.9
      vertex 19.12 53.15 13.9
    endloop
  endfacet
  facet normal 0.0491388 -0.998792 0
    outer loop
      vertex 19.3944 53.1635 13.9
      vertex 19.12 53.15 2.4
      vertex 19.3944 53.1635 2.4
    endloop
  endfacet
  facet normal -0.989194 -0.146615 0
    outer loop
      vertex 16.3738 55.4037 2.4
      vertex 16.3335 55.6756 13.9
      vertex 16.3335 55.6756 2.4
    endloop
  endfacet
  facet normal -0.989194 -0.146615 0
    outer loop
      vertex 16.3335 55.6756 13.9
      vertex 16.3738 55.4037 2.4
      vertex 16.3738 55.4037 13.9
    endloop
  endfacet
  facet normal 0.989194 0.146615 0
    outer loop
      vertex 21.9065 56.2244 13.9
      vertex 21.8662 56.4963 2.4
      vertex 21.8662 56.4963 13.9
    endloop
  endfacet
  facet normal 0.989194 0.146615 0
    outer loop
      vertex 21.8662 56.4963 2.4
      vertex 21.9065 56.2244 13.9
      vertex 21.9065 56.2244 2.4
    endloop
  endfacet
  facet normal 0.941618 0.336682 0
    outer loop
      vertex 21.7994 56.7628 13.9
      vertex 21.7069 57.0215 2.4
      vertex 21.7069 57.0215 13.9
    endloop
  endfacet
  facet normal 0.941618 0.336682 0
    outer loop
      vertex 21.7069 57.0215 2.4
      vertex 21.7994 56.7628 13.9
      vertex 21.7994 56.7628 2.4
    endloop
  endfacet
  facet normal 0.903967 0.427601 0
    outer loop
      vertex 21.7069 57.0215 13.9
      vertex 21.5894 57.2699 2.4
      vertex 21.5894 57.2699 13.9
    endloop
  endfacet
  facet normal 0.903967 0.427601 0
    outer loop
      vertex 21.5894 57.2699 2.4
      vertex 21.7069 57.0215 13.9
      vertex 21.7069 57.0215 2.4
    endloop
  endfacet
  facet normal -0.0491388 0.998792 0
    outer loop
      vertex 19.12 58.75 2.4
      vertex 18.8456 58.7365 13.9
      vertex 19.12 58.75 13.9
    endloop
  endfacet
  facet normal -0.0491388 0.998792 0
    outer loop
      vertex 18.8456 58.7365 13.9
      vertex 19.12 58.75 2.4
      vertex 18.8456 58.7365 2.4
    endloop
  endfacet
  facet normal -0.514175 0.857686 0
    outer loop
      vertex 17.8001 58.4194 2.4
      vertex 17.5644 58.2781 13.9
      vertex 17.8001 58.4194 13.9
    endloop
  endfacet
  facet normal -0.514175 0.857686 0
    outer loop
      vertex 17.5644 58.2781 13.9
      vertex 17.8001 58.4194 2.4
      vertex 17.5644 58.2781 2.4
    endloop
  endfacet
  facet normal -0.998792 0.0491388 0
    outer loop
      vertex 16.32 55.95 2.4
      vertex 16.3335 56.2244 13.9
      vertex 16.3335 56.2244 2.4
    endloop
  endfacet
  facet normal -0.998792 0.0491388 0
    outer loop
      vertex 16.3335 56.2244 13.9
      vertex 16.32 55.95 2.4
      vertex 16.32 55.95 13.9
    endloop
  endfacet
  facet normal -0.969992 0.243135 0
    outer loop
      vertex 16.3738 56.4963 2.4
      vertex 16.4406 56.7628 13.9
      vertex 16.4406 56.7628 2.4
    endloop
  endfacet
  facet normal -0.969992 0.243135 0
    outer loop
      vertex 16.4406 56.7628 13.9
      vertex 16.3738 56.4963 2.4
      vertex 16.3738 56.4963 13.9
    endloop
  endfacet
  facet normal 0.146615 0.989194 -0
    outer loop
      vertex 19.6663 58.6962 2.4
      vertex 19.3944 58.7365 13.9
      vertex 19.6663 58.6962 13.9
    endloop
  endfacet
  facet normal 0.146615 0.989194 0
    outer loop
      vertex 19.3944 58.7365 13.9
      vertex 19.6663 58.6962 2.4
      vertex 19.3944 58.7365 2.4
    endloop
  endfacet
  facet normal 0.336682 0.941618 -0
    outer loop
      vertex 20.1915 58.5369 2.4
      vertex 19.9328 58.6294 13.9
      vertex 20.1915 58.5369 13.9
    endloop
  endfacet
  facet normal 0.336682 0.941618 0
    outer loop
      vertex 19.9328 58.6294 13.9
      vertex 20.1915 58.5369 2.4
      vertex 19.9328 58.6294 2.4
    endloop
  endfacet
  facet normal 0.989194 -0.146615 0
    outer loop
      vertex 21.8662 55.4037 13.9
      vertex 21.9065 55.6756 2.4
      vertex 21.9065 55.6756 13.9
    endloop
  endfacet
  facet normal 0.989194 -0.146615 0
    outer loop
      vertex 21.9065 55.6756 2.4
      vertex 21.8662 55.4037 13.9
      vertex 21.8662 55.4037 2.4
    endloop
  endfacet
  facet normal 0.671494 0.74101 -0
    outer loop
      vertex 21.0999 57.9299 2.4
      vertex 20.8963 58.1144 13.9
      vertex 21.0999 57.9299 13.9
    endloop
  endfacet
  facet normal 0.671494 0.74101 0
    outer loop
      vertex 20.8963 58.1144 13.9
      vertex 21.0999 57.9299 2.4
      vertex 20.8963 58.1144 2.4
    endloop
  endfacet
  facet normal 0.595741 0.803177 -0
    outer loop
      vertex 20.8963 58.1144 2.4
      vertex 20.6756 58.2781 13.9
      vertex 20.8963 58.1144 13.9
    endloop
  endfacet
  facet normal 0.595741 0.803177 0
    outer loop
      vertex 20.6756 58.2781 13.9
      vertex 20.8963 58.1144 2.4
      vertex 20.6756 58.2781 2.4
    endloop
  endfacet
  facet normal 0.803177 0.595741 0
    outer loop
      vertex 21.4481 57.5056 13.9
      vertex 21.2844 57.7263 2.4
      vertex 21.2844 57.7263 13.9
    endloop
  endfacet
  facet normal 0.803177 0.595741 0
    outer loop
      vertex 21.2844 57.7263 2.4
      vertex 21.4481 57.5056 13.9
      vertex 21.4481 57.5056 2.4
    endloop
  endfacet
  facet normal 0.857686 0.514175 0
    outer loop
      vertex 21.5894 57.2699 13.9
      vertex 21.4481 57.5056 2.4
      vertex 21.4481 57.5056 13.9
    endloop
  endfacet
  facet normal 0.857686 0.514175 0
    outer loop
      vertex 21.4481 57.5056 2.4
      vertex 21.5894 57.2699 13.9
      vertex 21.5894 57.2699 2.4
    endloop
  endfacet
  facet normal -0.671494 0.74101 0
    outer loop
      vertex 17.3437 58.1144 2.4
      vertex 17.1401 57.9299 13.9
      vertex 17.3437 58.1144 13.9
    endloop
  endfacet
  facet normal -0.671494 0.74101 0
    outer loop
      vertex 17.1401 57.9299 13.9
      vertex 17.3437 58.1144 2.4
      vertex 17.1401 57.9299 2.4
    endloop
  endfacet
  facet normal 0.0491388 0.998792 -0
    outer loop
      vertex 19.3944 58.7365 2.4
      vertex 19.12 58.75 13.9
      vertex 19.3944 58.7365 13.9
    endloop
  endfacet
  facet normal 0.0491388 0.998792 0
    outer loop
      vertex 19.12 58.75 13.9
      vertex 19.3944 58.7365 2.4
      vertex 19.12 58.75 2.4
    endloop
  endfacet
  facet normal -0.336682 0.941618 0
    outer loop
      vertex 18.3072 58.6294 2.4
      vertex 18.0485 58.5369 13.9
      vertex 18.3072 58.6294 13.9
    endloop
  endfacet
  facet normal -0.336682 0.941618 0
    outer loop
      vertex 18.0485 58.5369 13.9
      vertex 18.3072 58.6294 2.4
      vertex 18.0485 58.5369 2.4
    endloop
  endfacet
  facet normal -0.595741 0.803177 0
    outer loop
      vertex 17.5644 58.2781 2.4
      vertex 17.3437 58.1144 13.9
      vertex 17.5644 58.2781 13.9
    endloop
  endfacet
  facet normal -0.595741 0.803177 0
    outer loop
      vertex 17.3437 58.1144 13.9
      vertex 17.5644 58.2781 2.4
      vertex 17.3437 58.1144 2.4
    endloop
  endfacet
  facet normal 0 0 1
    outer loop
      vertex 20.42 55.95 13.9
      vertex 21.92 55.95 13.9
      vertex 21.9065 56.2244 13.9
    endloop
  endfacet
  facet normal 0 0 1
    outer loop
      vertex 20.4137 56.0774 13.9
      vertex 21.9065 56.2244 13.9
      vertex 21.8662 56.4963 13.9
    endloop
  endfacet
  facet normal 0 0 1
    outer loop
      vertex 21.92 55.95 13.9
      vertex 20.42 55.95 13.9
      vertex 21.9065 55.6756 13.9
    endloop
  endfacet
  facet normal 0 0 1
    outer loop
      vertex 20.395 56.2036 13.9
      vertex 21.8662 56.4963 13.9
      vertex 21.7994 56.7628 13.9
    endloop
  endfacet
  facet normal -0 0 1
    outer loop
      vertex 20.4137 55.8226 13.9
      vertex 21.9065 55.6756 13.9
      vertex 20.42 55.95 13.9
    endloop
  endfacet
  facet normal 0 0 1
    outer loop
      vertex 20.364 56.3274 13.9
      vertex 21.7994 56.7628 13.9
      vertex 21.7069 57.0215 13.9
    endloop
  endfacet
  facet normal 0 0 1
    outer loop
      vertex 21.9065 55.6756 13.9
      vertex 20.4137 55.8226 13.9
      vertex 21.8662 55.4037 13.9
    endloop
  endfacet
  facet normal 0 0 1
    outer loop
      vertex 20.321 56.4475 13.9
      vertex 21.7069 57.0215 13.9
      vertex 21.5894 57.2699 13.9
    endloop
  endfacet
  facet normal -0 0 1
    outer loop
      vertex 20.395 55.6964 13.9
      vertex 21.8662 55.4037 13.9
      vertex 20.4137 55.8226 13.9
    endloop
  endfacet
  facet normal 0 0 1
    outer loop
      vertex 20.2665 56.5628 13.9
      vertex 21.5894 57.2699 13.9
      vertex 21.4481 57.5056 13.9
    endloop
  endfacet
  facet normal 0 0 1
    outer loop
      vertex 21.8662 55.4037 13.9
      vertex 20.395 55.6964 13.9
      vertex 21.7994 55.1372 13.9
    endloop
  endfacet
  facet normal 0 0 1
    outer loop
      vertex 20.2009 56.6722 13.9
      vertex 21.4481 57.5056 13.9
      vertex 21.2844 57.7263 13.9
    endloop
  endfacet
  facet normal -0 0 1
    outer loop
      vertex 20.364 55.5726 13.9
      vertex 21.7994 55.1372 13.9
      vertex 20.395 55.6964 13.9
    endloop
  endfacet
  facet normal 0 0 1
    outer loop
      vertex 20.1249 56.7747 13.9
      vertex 21.2844 57.7263 13.9
      vertex 21.0999 57.9299 13.9
    endloop
  endfacet
  facet normal 0 0 1
    outer loop
      vertex 21.7994 55.1372 13.9
      vertex 20.364 55.5726 13.9
      vertex 21.7069 54.8785 13.9
    endloop
  endfacet
  facet normal 0 0 1
    outer loop
      vertex 20.0392 56.8692 13.9
      vertex 21.0999 57.9299 13.9
      vertex 20.8963 58.1144 13.9
    endloop
  endfacet
  facet normal -0 0 1
    outer loop
      vertex 20.321 55.4525 13.9
      vertex 21.7069 54.8785 13.9
      vertex 20.364 55.5726 13.9
    endloop
  endfacet
  facet normal 0 0 1
    outer loop
      vertex 19.9447 56.9549 13.9
      vertex 20.8963 58.1144 13.9
      vertex 20.6756 58.2781 13.9
    endloop
  endfacet
  facet normal 0 0 1
    outer loop
      vertex 21.7069 54.8785 13.9
      vertex 20.321 55.4525 13.9
      vertex 21.5894 54.6301 13.9
    endloop
  endfacet
  facet normal 0 0 1
    outer loop
      vertex 19.8422 57.0309 13.9
      vertex 20.6756 58.2781 13.9
      vertex 20.4399 58.4194 13.9
    endloop
  endfacet
  facet normal -0 0 1
    outer loop
      vertex 20.2665 55.3372 13.9
      vertex 21.5894 54.6301 13.9
      vertex 20.321 55.4525 13.9
    endloop
  endfacet
  facet normal 0 0 1
    outer loop
      vertex 21.5894 54.6301 13.9
      vertex 20.2665 55.3372 13.9
      vertex 21.4481 54.3944 13.9
    endloop
  endfacet
  facet normal 0 0 1
    outer loop
      vertex 21.9065 56.2244 13.9
      vertex 20.4137 56.0774 13.9
      vertex 20.42 55.95 13.9
    endloop
  endfacet
  facet normal 0 0 1
    outer loop
      vertex 21.8662 56.4963 13.9
      vertex 20.395 56.2036 13.9
      vertex 20.4137 56.0774 13.9
    endloop
  endfacet
  facet normal 0 0 1
    outer loop
      vertex 21.7994 56.7628 13.9
      vertex 20.364 56.3274 13.9
      vertex 20.395 56.2036 13.9
    endloop
  endfacet
  facet normal 0 0 1
    outer loop
      vertex 21.7069 57.0215 13.9
      vertex 20.321 56.4475 13.9
      vertex 20.364 56.3274 13.9
    endloop
  endfacet
  facet normal 0 0 1
    outer loop
      vertex 21.5894 57.2699 13.9
      vertex 20.2665 56.5628 13.9
      vertex 20.321 56.4475 13.9
    endloop
  endfacet
  facet normal 0 0 1
    outer loop
      vertex 21.4481 57.5056 13.9
      vertex 20.2009 56.6722 13.9
      vertex 20.2665 56.5628 13.9
    endloop
  endfacet
  facet normal 0 0 1
    outer loop
      vertex 19.7328 57.0965 13.9
      vertex 20.4399 58.4194 13.9
      vertex 20.1915 58.5369 13.9
    endloop
  endfacet
  facet normal 0 0 1
    outer loop
      vertex 21.2844 57.7263 13.9
      vertex 20.1249 56.7747 13.9
      vertex 20.2009 56.6722 13.9
    endloop
  endfacet
  facet normal 0 0 1
    outer loop
      vertex 21.0999 57.9299 13.9
      vertex 20.0392 56.8692 13.9
      vertex 20.1249 56.7747 13.9
    endloop
  endfacet
  facet normal 0 0 1
    outer loop
      vertex 20.8963 58.1144 13.9
      vertex 19.9447 56.9549 13.9
      vertex 20.0392 56.8692 13.9
    endloop
  endfacet
  facet normal 0 0 1
    outer loop
      vertex 19.6175 57.151 13.9
      vertex 20.1915 58.5369 13.9
      vertex 19.9328 58.6294 13.9
    endloop
  endfacet
  facet normal 0 0 1
    outer loop
      vertex 20.6756 58.2781 13.9
      vertex 19.8422 57.0309 13.9
      vertex 19.9447 56.9549 13.9
    endloop
  endfacet
  facet normal 0 0 1
    outer loop
      vertex 20.4399 58.4194 13.9
      vertex 19.7328 57.0965 13.9
      vertex 19.8422 57.0309 13.9
    endloop
  endfacet
  facet normal 0 0 1
    outer loop
      vertex 19.4974 57.194 13.9
      vertex 19.9328 58.6294 13.9
      vertex 19.6663 58.6962 13.9
    endloop
  endfacet
  facet normal 0 0 1
    outer loop
      vertex 20.1915 58.5369 13.9
      vertex 19.6175 57.151 13.9
      vertex 19.7328 57.0965 13.9
    endloop
  endfacet
  facet normal 0 0 1
    outer loop
      vertex 19.9328 58.6294 13.9
      vertex 19.4974 57.194 13.9
      vertex 19.6175 57.151 13.9
    endloop
  endfacet
  facet normal 0 0 1
    outer loop
      vertex 19.3736 57.225 13.9
      vertex 19.6663 58.6962 13.9
      vertex 19.3944 58.7365 13.9
    endloop
  endfacet
  facet normal 0 0 1
    outer loop
      vertex 19.6663 58.6962 13.9
      vertex 19.3736 57.225 13.9
      vertex 19.4974 57.194 13.9
    endloop
  endfacet
  facet normal 0 0 1
    outer loop
      vertex 19.3944 58.7365 13.9
      vertex 19.2474 57.2437 13.9
      vertex 19.3736 57.225 13.9
    endloop
  endfacet
  facet normal 0 0 1
    outer loop
      vertex 19.12 58.75 13.9
      vertex 19.2474 57.2437 13.9
      vertex 19.3944 58.7365 13.9
    endloop
  endfacet
  facet normal 0 0 1
    outer loop
      vertex 19.12 58.75 13.9
      vertex 19.12 57.25 13.9
      vertex 19.2474 57.2437 13.9
    endloop
  endfacet
  facet normal 0 0 1
    outer loop
      vertex 19.12 58.75 13.9
      vertex 18.9926 57.2437 13.9
      vertex 19.12 57.25 13.9
    endloop
  endfacet
  facet normal -0 0 1
    outer loop
      vertex 18.8456 58.7365 13.9
      vertex 18.9926 57.2437 13.9
      vertex 19.12 58.75 13.9
    endloop
  endfacet
  facet normal 0 0 1
    outer loop
      vertex 18.9926 57.2437 13.9
      vertex 18.8456 58.7365 13.9
      vertex 18.8664 57.225 13.9
    endloop
  endfacet
  facet normal -0 0 1
    outer loop
      vertex 18.5737 58.6962 13.9
      vertex 18.8664 57.225 13.9
      vertex 18.8456 58.7365 13.9
    endloop
  endfacet
  facet normal 0 0 1
    outer loop
      vertex 18.8664 57.225 13.9
      vertex 18.5737 58.6962 13.9
      vertex 18.7426 57.194 13.9
    endloop
  endfacet
  facet normal -0 0 1
    outer loop
      vertex 18.3072 58.6294 13.9
      vertex 18.7426 57.194 13.9
      vertex 18.5737 58.6962 13.9
    endloop
  endfacet
  facet normal 0 0 1
    outer loop
      vertex 18.7426 57.194 13.9
      vertex 18.3072 58.6294 13.9
      vertex 18.6225 57.151 13.9
    endloop
  endfacet
  facet normal -0 0 1
    outer loop
      vertex 18.0485 58.5369 13.9
      vertex 18.6225 57.151 13.9
      vertex 18.3072 58.6294 13.9
    endloop
  endfacet
  facet normal 0 0 1
    outer loop
      vertex 18.6225 57.151 13.9
      vertex 18.0485 58.5369 13.9
      vertex 18.5072 57.0965 13.9
    endloop
  endfacet
  facet normal -0 0 1
    outer loop
      vertex 17.8001 58.4194 13.9
      vertex 18.5072 57.0965 13.9
      vertex 18.0485 58.5369 13.9
    endloop
  endfacet
  facet normal 0 0 1
    outer loop
      vertex 18.5072 57.0965 13.9
      vertex 17.8001 58.4194 13.9
      vertex 18.3978 57.0309 13.9
    endloop
  endfacet
  facet normal -0 0 1
    outer loop
      vertex 17.5644 58.2781 13.9
      vertex 18.3978 57.0309 13.9
      vertex 17.8001 58.4194 13.9
    endloop
  endfacet
  facet normal 0 0 1
    outer loop
      vertex 18.3978 57.0309 13.9
      vertex 17.5644 58.2781 13.9
      vertex 18.2953 56.9549 13.9
    endloop
  endfacet
  facet normal -0 0 1
    outer loop
      vertex 17.3437 58.1144 13.9
      vertex 18.2953 56.9549 13.9
      vertex 17.5644 58.2781 13.9
    endloop
  endfacet
  facet normal 0 0 1
    outer loop
      vertex 18.2953 56.9549 13.9
      vertex 17.3437 58.1144 13.9
      vertex 18.2008 56.8692 13.9
    endloop
  endfacet
  facet normal -0 0 1
    outer loop
      vertex 17.1401 57.9299 13.9
      vertex 18.2008 56.8692 13.9
      vertex 17.3437 58.1144 13.9
    endloop
  endfacet
  facet normal 0 0 1
    outer loop
      vertex 18.2008 56.8692 13.9
      vertex 17.1401 57.9299 13.9
      vertex 18.1151 56.7747 13.9
    endloop
  endfacet
  facet normal -0 0 1
    outer loop
      vertex 16.9556 57.7263 13.9
      vertex 18.1151 56.7747 13.9
      vertex 17.1401 57.9299 13.9
    endloop
  endfacet
  facet normal 0 0 1
    outer loop
      vertex 18.1151 56.7747 13.9
      vertex 16.9556 57.7263 13.9
      vertex 18.0391 56.6722 13.9
    endloop
  endfacet
  facet normal 0 0 1
    outer loop
      vertex 18.0391 56.6722 13.9
      vertex 16.7919 57.5056 13.9
      vertex 17.9735 56.5628 13.9
    endloop
  endfacet
  facet normal -0 0 1
    outer loop
      vertex 16.7919 57.5056 13.9
      vertex 18.0391 56.6722 13.9
      vertex 16.9556 57.7263 13.9
    endloop
  endfacet
  facet normal -0 0 1
    outer loop
      vertex 20.2009 55.2278 13.9
      vertex 21.4481 54.3944 13.9
      vertex 20.2665 55.3372 13.9
    endloop
  endfacet
  facet normal 0 0 1
    outer loop
      vertex 21.4481 54.3944 13.9
      vertex 20.2009 55.2278 13.9
      vertex 21.2844 54.1737 13.9
    endloop
  endfacet
  facet normal -0 0 1
    outer loop
      vertex 20.1249 55.1253 13.9
      vertex 21.2844 54.1737 13.9
      vertex 20.2009 55.2278 13.9
    endloop
  endfacet
  facet normal 0 0 1
    outer loop
      vertex 21.2844 54.1737 13.9
      vertex 20.1249 55.1253 13.9
      vertex 21.0999 53.9701 13.9
    endloop
  endfacet
  facet normal -0 0 1
    outer loop
      vertex 20.0392 55.0308 13.9
      vertex 21.0999 53.9701 13.9
      vertex 20.1249 55.1253 13.9
    endloop
  endfacet
  facet normal 0 0 1
    outer loop
      vertex 21.0999 53.9701 13.9
      vertex 20.0392 55.0308 13.9
      vertex 20.8963 53.7856 13.9
    endloop
  endfacet
  facet normal -0 0 1
    outer loop
      vertex 19.9447 54.9451 13.9
      vertex 20.8963 53.7856 13.9
      vertex 20.0392 55.0308 13.9
    endloop
  endfacet
  facet normal 0 0 1
    outer loop
      vertex 20.8963 53.7856 13.9
      vertex 19.9447 54.9451 13.9
      vertex 20.6756 53.6219 13.9
    endloop
  endfacet
  facet normal -0 0 1
    outer loop
      vertex 19.8422 54.8691 13.9
      vertex 20.6756 53.6219 13.9
      vertex 19.9447 54.9451 13.9
    endloop
  endfacet
  facet normal 0 0 1
    outer loop
      vertex 20.6756 53.6219 13.9
      vertex 19.8422 54.8691 13.9
      vertex 20.4399 53.4806 13.9
    endloop
  endfacet
  facet normal -0 0 1
    outer loop
      vertex 19.7328 54.8035 13.9
      vertex 20.4399 53.4806 13.9
      vertex 19.8422 54.8691 13.9
    endloop
  endfacet
  facet normal 0 0 1
    outer loop
      vertex 20.4399 53.4806 13.9
      vertex 19.7328 54.8035 13.9
      vertex 20.1915 53.3631 13.9
    endloop
  endfacet
  facet normal -0 0 1
    outer loop
      vertex 19.6175 54.749 13.9
      vertex 20.1915 53.3631 13.9
      vertex 19.7328 54.8035 13.9
    endloop
  endfacet
  facet normal 0 0 1
    outer loop
      vertex 20.1915 53.3631 13.9
      vertex 19.6175 54.749 13.9
      vertex 19.9328 53.2706 13.9
    endloop
  endfacet
  facet normal -0 0 1
    outer loop
      vertex 19.4974 54.706 13.9
      vertex 19.9328 53.2706 13.9
      vertex 19.6175 54.749 13.9
    endloop
  endfacet
  facet normal 0 0 1
    outer loop
      vertex 19.9328 53.2706 13.9
      vertex 19.4974 54.706 13.9
      vertex 19.6663 53.2038 13.9
    endloop
  endfacet
  facet normal -0 0 1
    outer loop
      vertex 19.3736 54.675 13.9
      vertex 19.6663 53.2038 13.9
      vertex 19.4974 54.706 13.9
    endloop
  endfacet
  facet normal 0 0 1
    outer loop
      vertex 19.6663 53.2038 13.9
      vertex 19.3736 54.675 13.9
      vertex 19.3944 53.1635 13.9
    endloop
  endfacet
  facet normal -0 0 1
    outer loop
      vertex 19.2474 54.6563 13.9
      vertex 19.3944 53.1635 13.9
      vertex 19.3736 54.675 13.9
    endloop
  endfacet
  facet normal -0 0 1
    outer loop
      vertex 19.12 54.65 13.9
      vertex 19.3944 53.1635 13.9
      vertex 19.2474 54.6563 13.9
    endloop
  endfacet
  facet normal 0 0 1
    outer loop
      vertex 19.12 54.65 13.9
      vertex 19.12 53.15 13.9
      vertex 19.3944 53.1635 13.9
    endloop
  endfacet
  facet normal 0 0 1
    outer loop
      vertex 18.9926 54.6563 13.9
      vertex 19.12 53.15 13.9
      vertex 19.12 54.65 13.9
    endloop
  endfacet
  facet normal 0 0 1
    outer loop
      vertex 18.8456 53.1635 13.9
      vertex 18.9926 54.6563 13.9
      vertex 18.8664 54.675 13.9
    endloop
  endfacet
  facet normal 0 0 1
    outer loop
      vertex 18.9926 54.6563 13.9
      vertex 18.8456 53.1635 13.9
      vertex 19.12 53.15 13.9
    endloop
  endfacet
  facet normal 0 0 1
    outer loop
      vertex 18.5737 53.2038 13.9
      vertex 18.8664 54.675 13.9
      vertex 18.7426 54.706 13.9
    endloop
  endfacet
  facet normal 0 0 1
    outer loop
      vertex 18.3072 53.2706 13.9
      vertex 18.7426 54.706 13.9
      vertex 18.6225 54.749 13.9
    endloop
  endfacet
  facet normal 0 0 1
    outer loop
      vertex 18.8664 54.675 13.9
      vertex 18.5737 53.2038 13.9
      vertex 18.8456 53.1635 13.9
    endloop
  endfacet
  facet normal 0 0 1
    outer loop
      vertex 18.0485 53.3631 13.9
      vertex 18.6225 54.749 13.9
      vertex 18.5072 54.8035 13.9
    endloop
  endfacet
  facet normal 0 0 1
    outer loop
      vertex 17.8001 53.4806 13.9
      vertex 18.5072 54.8035 13.9
      vertex 18.3978 54.8691 13.9
    endloop
  endfacet
  facet normal 0 0 1
    outer loop
      vertex 18.7426 54.706 13.9
      vertex 18.3072 53.2706 13.9
      vertex 18.5737 53.2038 13.9
    endloop
  endfacet
  facet normal 0 0 1
    outer loop
      vertex 17.5644 53.6219 13.9
      vertex 18.3978 54.8691 13.9
      vertex 18.2953 54.9451 13.9
    endloop
  endfacet
  facet normal 0 0 1
    outer loop
      vertex 17.3437 53.7856 13.9
      vertex 18.2953 54.9451 13.9
      vertex 18.2008 55.0308 13.9
    endloop
  endfacet
  facet normal 0 0 1
    outer loop
      vertex 17.1401 53.9701 13.9
      vertex 18.2008 55.0308 13.9
      vertex 18.1151 55.1253 13.9
    endloop
  endfacet
  facet normal 0 0 1
    outer loop
      vertex 18.6225 54.749 13.9
      vertex 18.0485 53.3631 13.9
      vertex 18.3072 53.2706 13.9
    endloop
  endfacet
  facet normal 0 0 1
    outer loop
      vertex 16.9556 54.1737 13.9
      vertex 18.1151 55.1253 13.9
      vertex 18.0391 55.2278 13.9
    endloop
  endfacet
  facet normal 0 0 1
    outer loop
      vertex 16.7919 54.3944 13.9
      vertex 18.0391 55.2278 13.9
      vertex 17.9735 55.3372 13.9
    endloop
  endfacet
  facet normal 0 0 1
    outer loop
      vertex 16.6506 54.6301 13.9
      vertex 17.9735 55.3372 13.9
      vertex 17.919 55.4525 13.9
    endloop
  endfacet
  facet normal 0 0 1
    outer loop
      vertex 16.5331 54.8785 13.9
      vertex 17.919 55.4525 13.9
      vertex 17.876 55.5726 13.9
    endloop
  endfacet
  facet normal 0 0 1
    outer loop
      vertex 16.4406 55.1372 13.9
      vertex 17.876 55.5726 13.9
      vertex 17.845 55.6964 13.9
    endloop
  endfacet
  facet normal 0 0 1
    outer loop
      vertex 16.3738 55.4037 13.9
      vertex 17.845 55.6964 13.9
      vertex 17.8263 55.8226 13.9
    endloop
  endfacet
  facet normal 0 0 1
    outer loop
      vertex 18.5072 54.8035 13.9
      vertex 17.8001 53.4806 13.9
      vertex 18.0485 53.3631 13.9
    endloop
  endfacet
  facet normal 0 0 1
    outer loop
      vertex 16.3335 55.6756 13.9
      vertex 17.8263 55.8226 13.9
      vertex 17.82 55.95 13.9
    endloop
  endfacet
  facet normal -0 0 1
    outer loop
      vertex 16.6506 57.2699 13.9
      vertex 17.9735 56.5628 13.9
      vertex 16.7919 57.5056 13.9
    endloop
  endfacet
  facet normal 0 0 1
    outer loop
      vertex 17.9735 56.5628 13.9
      vertex 16.6506 57.2699 13.9
      vertex 17.919 56.4475 13.9
    endloop
  endfacet
  facet normal 0 0 1
    outer loop
      vertex 18.3978 54.8691 13.9
      vertex 17.5644 53.6219 13.9
      vertex 17.8001 53.4806 13.9
    endloop
  endfacet
  facet normal -0 0 1
    outer loop
      vertex 16.5331 57.0215 13.9
      vertex 17.919 56.4475 13.9
      vertex 16.6506 57.2699 13.9
    endloop
  endfacet
  facet normal 0 0 1
    outer loop
      vertex 18.2953 54.9451 13.9
      vertex 17.3437 53.7856 13.9
      vertex 17.5644 53.6219 13.9
    endloop
  endfacet
  facet normal 0 0 1
    outer loop
      vertex 17.919 56.4475 13.9
      vertex 16.5331 57.0215 13.9
      vertex 17.876 56.3274 13.9
    endloop
  endfacet
  facet normal 0 0 1
    outer loop
      vertex 18.2008 55.0308 13.9
      vertex 17.1401 53.9701 13.9
      vertex 17.3437 53.7856 13.9
    endloop
  endfacet
  facet normal -0 0 1
    outer loop
      vertex 16.4406 56.7628 13.9
      vertex 17.876 56.3274 13.9
      vertex 16.5331 57.0215 13.9
    endloop
  endfacet
  facet normal 0 0 1
    outer loop
      vertex 18.1151 55.1253 13.9
      vertex 16.9556 54.1737 13.9
      vertex 17.1401 53.9701 13.9
    endloop
  endfacet
  facet normal 0 0 1
    outer loop
      vertex 17.876 56.3274 13.9
      vertex 16.4406 56.7628 13.9
      vertex 17.845 56.2036 13.9
    endloop
  endfacet
  facet normal 0 0 1
    outer loop
      vertex 18.0391 55.2278 13.9
      vertex 16.7919 54.3944 13.9
      vertex 16.9556 54.1737 13.9
    endloop
  endfacet
  facet normal -0 0 1
    outer loop
      vertex 16.3738 56.4963 13.9
      vertex 17.845 56.2036 13.9
      vertex 16.4406 56.7628 13.9
    endloop
  endfacet
  facet normal 0 0 1
    outer loop
      vertex 17.9735 55.3372 13.9
      vertex 16.6506 54.6301 13.9
      vertex 16.7919 54.3944 13.9
    endloop
  endfacet
  facet normal 0 0 1
    outer loop
      vertex 17.845 56.2036 13.9
      vertex 16.3738 56.4963 13.9
      vertex 17.8263 56.0774 13.9
    endloop
  endfacet
  facet normal 0 0 1
    outer loop
      vertex 17.919 55.4525 13.9
      vertex 16.5331 54.8785 13.9
      vertex 16.6506 54.6301 13.9
    endloop
  endfacet
  facet normal -0 0 1
    outer loop
      vertex 16.3335 56.2244 13.9
      vertex 17.8263 56.0774 13.9
      vertex 16.3738 56.4963 13.9
    endloop
  endfacet
  facet normal 0 0 1
    outer loop
      vertex 17.876 55.5726 13.9
      vertex 16.4406 55.1372 13.9
      vertex 16.5331 54.8785 13.9
    endloop
  endfacet
  facet normal 0 0 1
    outer loop
      vertex 17.8263 56.0774 13.9
      vertex 16.3335 56.2244 13.9
      vertex 17.82 55.95 13.9
    endloop
  endfacet
  facet normal 0 0 1
    outer loop
      vertex 17.845 55.6964 13.9
      vertex 16.3738 55.4037 13.9
      vertex 16.4406 55.1372 13.9
    endloop
  endfacet
  facet normal 0 0 1
    outer loop
      vertex 16.32 55.95 13.9
      vertex 17.82 55.95 13.9
      vertex 16.3335 56.2244 13.9
    endloop
  endfacet
  facet normal 0 0 1
    outer loop
      vertex 17.8263 55.8226 13.9
      vertex 16.3335 55.6756 13.9
      vertex 16.3738 55.4037 13.9
    endloop
  endfacet
  facet normal 0 0 1
    outer loop
      vertex 17.82 55.95 13.9
      vertex 16.32 55.95 13.9
      vertex 16.3335 55.6756 13.9
    endloop
  endfacet
  facet normal -0.989194 0.146615 0
    outer loop
      vertex 16.3335 56.2244 2.4
      vertex 16.3738 56.4963 13.9
      vertex 16.3738 56.4963 2.4
    endloop
  endfacet
  facet normal -0.989194 0.146615 0
    outer loop
      vertex 16.3738 56.4963 13.9
      vertex 16.3335 56.2244 2.4
      vertex 16.3335 56.2244 13.9
    endloop
  endfacet
  facet normal -0.941618 0.336682 0
    outer loop
      vertex 16.4406 56.7628 2.4
      vertex 16.5331 57.0215 13.9
      vertex 16.5331 57.0215 2.4
    endloop
  endfacet
  facet normal -0.941618 0.336682 0
    outer loop
      vertex 16.5331 57.0215 13.9
      vertex 16.4406 56.7628 2.4
      vertex 16.4406 56.7628 13.9
    endloop
  endfacet
  facet normal -0.857686 0.514175 0
    outer loop
      vertex 16.6506 57.2699 2.4
      vertex 16.7919 57.5056 13.9
      vertex 16.7919 57.5056 2.4
    endloop
  endfacet
  facet normal -0.857686 0.514175 0
    outer loop
      vertex 16.7919 57.5056 13.9
      vertex 16.6506 57.2699 2.4
      vertex 16.6506 57.2699 13.9
    endloop
  endfacet
  facet normal -0.74101 0.671494 0
    outer loop
      vertex 16.9556 57.7263 2.4
      vertex 17.1401 57.9299 13.9
      vertex 17.1401 57.9299 2.4
    endloop
  endfacet
  facet normal -0.74101 0.671494 0
    outer loop
      vertex 17.1401 57.9299 13.9
      vertex 16.9556 57.7263 2.4
      vertex 16.9556 57.7263 13.9
    endloop
  endfacet
  facet normal -0.803177 0.595741 0
    outer loop
      vertex 16.7919 57.5056 2.4
      vertex 16.9556 57.7263 13.9
      vertex 16.9556 57.7263 2.4
    endloop
  endfacet
  facet normal -0.803177 0.595741 0
    outer loop
      vertex 16.9556 57.7263 13.9
      vertex 16.7919 57.5056 2.4
      vertex 16.7919 57.5056 13.9
    endloop
  endfacet
  facet normal 0.243135 0.969992 -0
    outer loop
      vertex 19.9328 58.6294 2.4
      vertex 19.6663 58.6962 13.9
      vertex 19.9328 58.6294 13.9
    endloop
  endfacet
  facet normal 0.243135 0.969992 0
    outer loop
      vertex 19.6663 58.6962 13.9
      vertex 19.9328 58.6294 2.4
      vertex 19.6663 58.6962 2.4
    endloop
  endfacet
  facet normal 0.74101 0.671494 0
    outer loop
      vertex 21.2844 57.7263 13.9
      vertex 21.0999 57.9299 2.4
      vertex 21.0999 57.9299 13.9
    endloop
  endfacet
  facet normal 0.74101 0.671494 0
    outer loop
      vertex 21.0999 57.9299 2.4
      vertex 21.2844 57.7263 13.9
      vertex 21.2844 57.7263 2.4
    endloop
  endfacet
  facet normal -0.243135 0.969992 0
    outer loop
      vertex 18.5737 58.6962 2.4
      vertex 18.3072 58.6294 13.9
      vertex 18.5737 58.6962 13.9
    endloop
  endfacet
  facet normal -0.243135 0.969992 0
    outer loop
      vertex 18.3072 58.6294 13.9
      vertex 18.5737 58.6962 2.4
      vertex 18.3072 58.6294 2.4
    endloop
  endfacet
  facet normal -0.427601 0.903967 0
    outer loop
      vertex 18.0485 58.5369 2.4
      vertex 17.8001 58.4194 13.9
      vertex 18.0485 58.5369 13.9
    endloop
  endfacet
  facet normal -0.427601 0.903967 0
    outer loop
      vertex 17.8001 58.4194 13.9
      vertex 18.0485 58.5369 2.4
      vertex 17.8001 58.4194 2.4
    endloop
  endfacet
  facet normal -0.146615 0.989194 0
    outer loop
      vertex 18.8456 58.7365 2.4
      vertex 18.5737 58.6962 13.9
      vertex 18.8456 58.7365 13.9
    endloop
  endfacet
  facet normal -0.146615 0.989194 0
    outer loop
      vertex 18.5737 58.6962 13.9
      vertex 18.8456 58.7365 2.4
      vertex 18.5737 58.6962 2.4
    endloop
  endfacet
  facet normal -0.337081 0.941476 0
    outer loop
      vertex 18.7426 57.194 13.9
      vertex 18.6225 57.151 16.1
      vertex 18.7426 57.194 16.1
    endloop
  endfacet
  facet normal -0.337081 0.941476 0
    outer loop
      vertex 18.6225 57.151 16.1
      vertex 18.7426 57.194 13.9
      vertex 18.6225 57.151 13.9
    endloop
  endfacet
  facet normal 0.514265 -0.857631 0
    outer loop
      vertex 19.7328 54.8035 13.9
      vertex 19.8422 54.8691 16.1
      vertex 19.7328 54.8035 16.1
    endloop
  endfacet
  facet normal 0.514265 -0.857631 0
    outer loop
      vertex 19.8422 54.8691 16.1
      vertex 19.7328 54.8035 13.9
      vertex 19.8422 54.8691 13.9
    endloop
  endfacet
  facet normal -0.337081 -0.941476 0
    outer loop
      vertex 18.6225 54.749 13.9
      vertex 18.7426 54.706 16.1
      vertex 18.6225 54.749 16.1
    endloop
  endfacet
  facet normal -0.337081 -0.941476 -0
    outer loop
      vertex 18.7426 54.706 16.1
      vertex 18.6225 54.749 13.9
      vertex 18.7426 54.706 13.9
    endloop
  endfacet
  facet normal -0.904089 -0.427345 0
    outer loop
      vertex 17.9735 55.3372 13.9
      vertex 17.919 55.4525 16.1
      vertex 17.919 55.4525 13.9
    endloop
  endfacet
  facet normal -0.904089 -0.427345 0
    outer loop
      vertex 17.919 55.4525 16.1
      vertex 17.9735 55.3372 13.9
      vertex 17.9735 55.3372 16.1
    endloop
  endfacet
  facet normal -0.904089 0.427345 0
    outer loop
      vertex 17.919 56.4475 13.9
      vertex 17.9735 56.5628 16.1
      vertex 17.9735 56.5628 13.9
    endloop
  endfacet
  facet normal -0.904089 0.427345 0
    outer loop
      vertex 17.9735 56.5628 16.1
      vertex 17.919 56.4475 13.9
      vertex 17.919 56.4475 16.1
    endloop
  endfacet
  facet normal 0.97005 -0.242904 0
    outer loop
      vertex 20.364 55.5726 16.1
      vertex 20.395 55.6964 13.9
      vertex 20.395 55.6964 16.1
    endloop
  endfacet
  facet normal 0.97005 -0.242904 0
    outer loop
      vertex 20.395 55.6964 13.9
      vertex 20.364 55.5726 16.1
      vertex 20.364 55.5726 13.9
    endloop
  endfacet
  facet normal 0.941476 -0.337081 0
    outer loop
      vertex 20.321 55.4525 16.1
      vertex 20.364 55.5726 13.9
      vertex 20.364 55.5726 16.1
    endloop
  endfacet
  facet normal 0.941476 -0.337081 0
    outer loop
      vertex 20.364 55.5726 13.9
      vertex 20.321 55.4525 16.1
      vertex 20.321 55.4525 13.9
    endloop
  endfacet
  facet normal 0.740755 -0.671775 0
    outer loop
      vertex 20.0392 55.0308 16.1
      vertex 20.1249 55.1253 13.9
      vertex 20.1249 55.1253 16.1
    endloop
  endfacet
  facet normal 0.740755 -0.671775 0
    outer loop
      vertex 20.1249 55.1253 13.9
      vertex 20.0392 55.0308 16.1
      vertex 20.0392 55.0308 13.9
    endloop
  endfacet
  facet normal 0.427345 -0.904089 0
    outer loop
      vertex 19.6175 54.749 13.9
      vertex 19.7328 54.8035 16.1
      vertex 19.6175 54.749 16.1
    endloop
  endfacet
  facet normal 0.427345 -0.904089 0
    outer loop
      vertex 19.7328 54.8035 16.1
      vertex 19.6175 54.749 13.9
      vertex 19.7328 54.8035 13.9
    endloop
  endfacet
  facet normal 0.242904 -0.97005 0
    outer loop
      vertex 19.3736 54.675 13.9
      vertex 19.4974 54.706 16.1
      vertex 19.3736 54.675 16.1
    endloop
  endfacet
  facet normal 0.242904 -0.97005 0
    outer loop
      vertex 19.4974 54.706 16.1
      vertex 19.3736 54.675 13.9
      vertex 19.4974 54.706 13.9
    endloop
  endfacet
  facet normal -0.595602 -0.803279 0
    outer loop
      vertex 18.2953 54.9451 13.9
      vertex 18.3978 54.8691 16.1
      vertex 18.2953 54.9451 16.1
    endloop
  endfacet
  facet normal -0.595602 -0.803279 -0
    outer loop
      vertex 18.3978 54.8691 16.1
      vertex 18.2953 54.9451 13.9
      vertex 18.3978 54.8691 13.9
    endloop
  endfacet
  facet normal 0.989199 0.146577 0
    outer loop
      vertex 20.4137 56.0774 16.1
      vertex 20.395 56.2036 13.9
      vertex 20.395 56.2036 16.1
    endloop
  endfacet
  facet normal 0.989199 0.146577 0
    outer loop
      vertex 20.395 56.2036 13.9
      vertex 20.4137 56.0774 16.1
      vertex 20.4137 56.0774 13.9
    endloop
  endfacet
  facet normal 0.941476 0.337081 0
    outer loop
      vertex 20.364 56.3274 16.1
      vertex 20.321 56.4475 13.9
      vertex 20.321 56.4475 16.1
    endloop
  endfacet
  facet normal 0.941476 0.337081 0
    outer loop
      vertex 20.321 56.4475 13.9
      vertex 20.364 56.3274 16.1
      vertex 20.364 56.3274 13.9
    endloop
  endfacet
  facet normal 0.242904 0.97005 -0
    outer loop
      vertex 19.4974 57.194 13.9
      vertex 19.3736 57.225 16.1
      vertex 19.4974 57.194 16.1
    endloop
  endfacet
  facet normal 0.242904 0.97005 0
    outer loop
      vertex 19.3736 57.225 16.1
      vertex 19.4974 57.194 13.9
      vertex 19.3736 57.225 13.9
    endloop
  endfacet
  facet normal 0.740755 0.671775 0
    outer loop
      vertex 20.1249 56.7747 16.1
      vertex 20.0392 56.8692 13.9
      vertex 20.0392 56.8692 16.1
    endloop
  endfacet
  facet normal 0.740755 0.671775 0
    outer loop
      vertex 20.0392 56.8692 13.9
      vertex 20.1249 56.7747 16.1
      vertex 20.1249 56.7747 13.9
    endloop
  endfacet
  facet normal 0.904089 -0.427345 0
    outer loop
      vertex 20.2665 55.3372 16.1
      vertex 20.321 55.4525 13.9
      vertex 20.321 55.4525 16.1
    endloop
  endfacet
  facet normal 0.904089 -0.427345 0
    outer loop
      vertex 20.321 55.4525 13.9
      vertex 20.2665 55.3372 16.1
      vertex 20.2665 55.3372 13.9
    endloop
  endfacet
  facet normal 0.857631 -0.514265 0
    outer loop
      vertex 20.2009 55.2278 16.1
      vertex 20.2665 55.3372 13.9
      vertex 20.2665 55.3372 16.1
    endloop
  endfacet
  facet normal 0.857631 -0.514265 0
    outer loop
      vertex 20.2665 55.3372 13.9
      vertex 20.2009 55.2278 16.1
      vertex 20.2009 55.2278 13.9
    endloop
  endfacet
  facet normal 0.803279 -0.595602 0
    outer loop
      vertex 20.1249 55.1253 16.1
      vertex 20.2009 55.2278 13.9
      vertex 20.2009 55.2278 16.1
    endloop
  endfacet
  facet normal 0.803279 -0.595602 0
    outer loop
      vertex 20.2009 55.2278 13.9
      vertex 20.1249 55.1253 16.1
      vertex 20.1249 55.1253 13.9
    endloop
  endfacet
  facet normal 0.671775 -0.740755 0
    outer loop
      vertex 19.9447 54.9451 13.9
      vertex 20.0392 55.0308 16.1
      vertex 19.9447 54.9451 16.1
    endloop
  endfacet
  facet normal 0.671775 -0.740755 0
    outer loop
      vertex 20.0392 55.0308 16.1
      vertex 19.9447 54.9451 13.9
      vertex 20.0392 55.0308 13.9
    endloop
  endfacet
  facet normal 0.0493902 -0.99878 0
    outer loop
      vertex 19.12 54.65 13.9
      vertex 19.2474 54.6563 16.1
      vertex 19.12 54.65 16.1
    endloop
  endfacet
  facet normal 0.0493902 -0.99878 0
    outer loop
      vertex 19.2474 54.6563 16.1
      vertex 19.12 54.65 13.9
      vertex 19.2474 54.6563 13.9
    endloop
  endfacet
  facet normal 0.337081 -0.941476 0
    outer loop
      vertex 19.4974 54.706 13.9
      vertex 19.6175 54.749 16.1
      vertex 19.4974 54.706 16.1
    endloop
  endfacet
  facet normal 0.337081 -0.941476 0
    outer loop
      vertex 19.6175 54.749 16.1
      vertex 19.4974 54.706 13.9
      vertex 19.6175 54.749 13.9
    endloop
  endfacet
  facet normal -0.99878 -0.0493902 0
    outer loop
      vertex 17.8263 55.8226 13.9
      vertex 17.82 55.95 16.1
      vertex 17.82 55.95 13.9
    endloop
  endfacet
  facet normal -0.99878 -0.0493902 0
    outer loop
      vertex 17.82 55.95 16.1
      vertex 17.8263 55.8226 13.9
      vertex 17.8263 55.8226 16.1
    endloop
  endfacet
  facet normal -0.97005 -0.242904 0
    outer loop
      vertex 17.876 55.5726 13.9
      vertex 17.845 55.6964 16.1
      vertex 17.845 55.6964 13.9
    endloop
  endfacet
  facet normal -0.97005 -0.242904 0
    outer loop
      vertex 17.845 55.6964 16.1
      vertex 17.876 55.5726 13.9
      vertex 17.876 55.5726 16.1
    endloop
  endfacet
  facet normal -0.740755 -0.671775 0
    outer loop
      vertex 18.2008 55.0308 13.9
      vertex 18.1151 55.1253 16.1
      vertex 18.1151 55.1253 13.9
    endloop
  endfacet
  facet normal -0.740755 -0.671775 0
    outer loop
      vertex 18.1151 55.1253 16.1
      vertex 18.2008 55.0308 13.9
      vertex 18.2008 55.0308 16.1
    endloop
  endfacet
  facet normal -0.803279 -0.595602 0
    outer loop
      vertex 18.1151 55.1253 13.9
      vertex 18.0391 55.2278 16.1
      vertex 18.0391 55.2278 13.9
    endloop
  endfacet
  facet normal -0.803279 -0.595602 0
    outer loop
      vertex 18.0391 55.2278 16.1
      vertex 18.1151 55.1253 13.9
      vertex 18.1151 55.1253 16.1
    endloop
  endfacet
  facet normal -0.0493902 -0.99878 0
    outer loop
      vertex 18.9926 54.6563 13.9
      vertex 19.12 54.65 16.1
      vertex 18.9926 54.6563 16.1
    endloop
  endfacet
  facet normal -0.0493902 -0.99878 -0
    outer loop
      vertex 19.12 54.65 16.1
      vertex 18.9926 54.6563 13.9
      vertex 19.12 54.65 13.9
    endloop
  endfacet
  facet normal -0.146577 -0.989199 0
    outer loop
      vertex 18.8664 54.675 13.9
      vertex 18.9926 54.6563 16.1
      vertex 18.8664 54.675 16.1
    endloop
  endfacet
  facet normal -0.146577 -0.989199 -0
    outer loop
      vertex 18.9926 54.6563 16.1
      vertex 18.8664 54.675 13.9
      vertex 18.9926 54.6563 13.9
    endloop
  endfacet
  facet normal -0.427345 -0.904089 0
    outer loop
      vertex 18.5072 54.8035 13.9
      vertex 18.6225 54.749 16.1
      vertex 18.5072 54.8035 16.1
    endloop
  endfacet
  facet normal -0.427345 -0.904089 -0
    outer loop
      vertex 18.6225 54.749 16.1
      vertex 18.5072 54.8035 13.9
      vertex 18.6225 54.749 13.9
    endloop
  endfacet
  facet normal -0.514265 -0.857631 0
    outer loop
      vertex 18.3978 54.8691 13.9
      vertex 18.5072 54.8035 16.1
      vertex 18.3978 54.8691 16.1
    endloop
  endfacet
  facet normal -0.514265 -0.857631 -0
    outer loop
      vertex 18.5072 54.8035 16.1
      vertex 18.3978 54.8691 13.9
      vertex 18.5072 54.8035 13.9
    endloop
  endfacet
  facet normal -0.671775 -0.740755 0
    outer loop
      vertex 18.2008 55.0308 13.9
      vertex 18.2953 54.9451 16.1
      vertex 18.2008 55.0308 16.1
    endloop
  endfacet
  facet normal -0.671775 -0.740755 -0
    outer loop
      vertex 18.2953 54.9451 16.1
      vertex 18.2008 55.0308 13.9
      vertex 18.2953 54.9451 13.9
    endloop
  endfacet
  facet normal 0.99878 -0.0493902 0
    outer loop
      vertex 20.4137 55.8226 16.1
      vertex 20.42 55.95 13.9
      vertex 20.42 55.95 16.1
    endloop
  endfacet
  facet normal 0.99878 -0.0493902 0
    outer loop
      vertex 20.42 55.95 13.9
      vertex 20.4137 55.8226 16.1
      vertex 20.4137 55.8226 13.9
    endloop
  endfacet
  facet normal 0.0493902 0.99878 -0
    outer loop
      vertex 19.2474 57.2437 13.9
      vertex 19.12 57.25 16.1
      vertex 19.2474 57.2437 16.1
    endloop
  endfacet
  facet normal 0.0493902 0.99878 0
    outer loop
      vertex 19.12 57.25 16.1
      vertex 19.2474 57.2437 13.9
      vertex 19.12 57.25 13.9
    endloop
  endfacet
  facet normal 0.99878 0.0493902 0
    outer loop
      vertex 20.42 55.95 16.1
      vertex 20.4137 56.0774 13.9
      vertex 20.4137 56.0774 16.1
    endloop
  endfacet
  facet normal 0.99878 0.0493902 0
    outer loop
      vertex 20.4137 56.0774 13.9
      vertex 20.42 55.95 16.1
      vertex 20.42 55.95 13.9
    endloop
  endfacet
  facet normal 0.97005 0.242904 0
    outer loop
      vertex 20.395 56.2036 16.1
      vertex 20.364 56.3274 13.9
      vertex 20.364 56.3274 16.1
    endloop
  endfacet
  facet normal 0.97005 0.242904 0
    outer loop
      vertex 20.364 56.3274 13.9
      vertex 20.395 56.2036 16.1
      vertex 20.395 56.2036 13.9
    endloop
  endfacet
  facet normal 0.146577 0.989199 -0
    outer loop
      vertex 19.3736 57.225 13.9
      vertex 19.2474 57.2437 16.1
      vertex 19.3736 57.225 16.1
    endloop
  endfacet
  facet normal 0.146577 0.989199 0
    outer loop
      vertex 19.2474 57.2437 16.1
      vertex 19.3736 57.225 13.9
      vertex 19.2474 57.2437 13.9
    endloop
  endfacet
  facet normal 0.671775 0.740755 -0
    outer loop
      vertex 20.0392 56.8692 13.9
      vertex 19.9447 56.9549 16.1
      vertex 20.0392 56.8692 16.1
    endloop
  endfacet
  facet normal 0.671775 0.740755 0
    outer loop
      vertex 19.9447 56.9549 16.1
      vertex 20.0392 56.8692 13.9
      vertex 19.9447 56.9549 13.9
    endloop
  endfacet
  facet normal 0.595602 0.803279 -0
    outer loop
      vertex 19.9447 56.9549 13.9
      vertex 19.8422 57.0309 16.1
      vertex 19.9447 56.9549 16.1
    endloop
  endfacet
  facet normal 0.595602 0.803279 0
    outer loop
      vertex 19.8422 57.0309 16.1
      vertex 19.9447 56.9549 13.9
      vertex 19.8422 57.0309 13.9
    endloop
  endfacet
  facet normal 0.803279 0.595602 0
    outer loop
      vertex 20.2009 56.6722 16.1
      vertex 20.1249 56.7747 13.9
      vertex 20.1249 56.7747 16.1
    endloop
  endfacet
  facet normal 0.803279 0.595602 0
    outer loop
      vertex 20.1249 56.7747 13.9
      vertex 20.2009 56.6722 16.1
      vertex 20.2009 56.6722 13.9
    endloop
  endfacet
  facet normal 0.904089 0.427345 0
    outer loop
      vertex 20.321 56.4475 16.1
      vertex 20.2665 56.5628 13.9
      vertex 20.2665 56.5628 16.1
    endloop
  endfacet
  facet normal 0.904089 0.427345 0
    outer loop
      vertex 20.2665 56.5628 13.9
      vertex 20.321 56.4475 16.1
      vertex 20.321 56.4475 13.9
    endloop
  endfacet
  facet normal 0.857631 0.514265 0
    outer loop
      vertex 20.2665 56.5628 16.1
      vertex 20.2009 56.6722 13.9
      vertex 20.2009 56.6722 16.1
    endloop
  endfacet
  facet normal 0.857631 0.514265 0
    outer loop
      vertex 20.2009 56.6722 13.9
      vertex 20.2665 56.5628 16.1
      vertex 20.2665 56.5628 13.9
    endloop
  endfacet
  facet normal -0.146577 0.989199 0
    outer loop
      vertex 18.9926 57.2437 13.9
      vertex 18.8664 57.225 16.1
      vertex 18.9926 57.2437 16.1
    endloop
  endfacet
  facet normal -0.146577 0.989199 0
    outer loop
      vertex 18.8664 57.225 16.1
      vertex 18.9926 57.2437 13.9
      vertex 18.8664 57.225 13.9
    endloop
  endfacet
  facet normal -0.0493902 0.99878 0
    outer loop
      vertex 19.12 57.25 13.9
      vertex 18.9926 57.2437 16.1
      vertex 19.12 57.25 16.1
    endloop
  endfacet
  facet normal -0.0493902 0.99878 0
    outer loop
      vertex 18.9926 57.2437 16.1
      vertex 19.12 57.25 13.9
      vertex 18.9926 57.2437 13.9
    endloop
  endfacet
  facet normal -0.514265 0.857631 0
    outer loop
      vertex 18.5072 57.0965 13.9
      vertex 18.3978 57.0309 16.1
      vertex 18.5072 57.0965 16.1
    endloop
  endfacet
  facet normal -0.514265 0.857631 0
    outer loop
      vertex 18.3978 57.0309 16.1
      vertex 18.5072 57.0965 13.9
      vertex 18.3978 57.0309 13.9
    endloop
  endfacet
  facet normal -0.671775 0.740755 0
    outer loop
      vertex 18.2953 56.9549 13.9
      vertex 18.2008 56.8692 16.1
      vertex 18.2953 56.9549 16.1
    endloop
  endfacet
  facet normal -0.671775 0.740755 0
    outer loop
      vertex 18.2008 56.8692 16.1
      vertex 18.2953 56.9549 13.9
      vertex 18.2008 56.8692 13.9
    endloop
  endfacet
  facet normal -0.427345 0.904089 0
    outer loop
      vertex 18.6225 57.151 13.9
      vertex 18.5072 57.0965 16.1
      vertex 18.6225 57.151 16.1
    endloop
  endfacet
  facet normal -0.427345 0.904089 0
    outer loop
      vertex 18.5072 57.0965 16.1
      vertex 18.6225 57.151 13.9
      vertex 18.5072 57.0965 13.9
    endloop
  endfacet
  facet normal -0.97005 0.242904 0
    outer loop
      vertex 17.845 56.2036 13.9
      vertex 17.876 56.3274 16.1
      vertex 17.876 56.3274 13.9
    endloop
  endfacet
  facet normal -0.97005 0.242904 0
    outer loop
      vertex 17.876 56.3274 16.1
      vertex 17.845 56.2036 13.9
      vertex 17.845 56.2036 16.1
    endloop
  endfacet
  facet normal -0.99878 0.0493902 0
    outer loop
      vertex 17.82 55.95 13.9
      vertex 17.8263 56.0774 16.1
      vertex 17.8263 56.0774 13.9
    endloop
  endfacet
  facet normal -0.99878 0.0493902 0
    outer loop
      vertex 17.8263 56.0774 16.1
      vertex 17.82 55.95 13.9
      vertex 17.82 55.95 16.1
    endloop
  endfacet
  facet normal 0 0 1
    outer loop
      vertex 20.4137 56.0774 16.1
      vertex 20.4137 55.8226 16.1
      vertex 20.42 55.95 16.1
    endloop
  endfacet
  facet normal 0 0 1
    outer loop
      vertex 20.395 56.2036 16.1
      vertex 20.4137 55.8226 16.1
      vertex 20.4137 56.0774 16.1
    endloop
  endfacet
  facet normal 0 0 1
    outer loop
      vertex 20.395 56.2036 16.1
      vertex 20.395 55.6964 16.1
      vertex 20.4137 55.8226 16.1
    endloop
  endfacet
  facet normal 0 0 1
    outer loop
      vertex 20.364 56.3274 16.1
      vertex 20.395 55.6964 16.1
      vertex 20.395 56.2036 16.1
    endloop
  endfacet
  facet normal 0 0 1
    outer loop
      vertex 20.364 56.3274 16.1
      vertex 20.364 55.5726 16.1
      vertex 20.395 55.6964 16.1
    endloop
  endfacet
  facet normal 0 0 1
    outer loop
      vertex 20.321 56.4475 16.1
      vertex 20.364 55.5726 16.1
      vertex 20.364 56.3274 16.1
    endloop
  endfacet
  facet normal 0 0 1
    outer loop
      vertex 20.321 56.4475 16.1
      vertex 20.321 55.4525 16.1
      vertex 20.364 55.5726 16.1
    endloop
  endfacet
  facet normal 0 0 1
    outer loop
      vertex 20.2665 56.5628 16.1
      vertex 20.321 55.4525 16.1
      vertex 20.321 56.4475 16.1
    endloop
  endfacet
  facet normal 0 0 1
    outer loop
      vertex 20.2665 56.5628 16.1
      vertex 20.2665 55.3372 16.1
      vertex 20.321 55.4525 16.1
    endloop
  endfacet
  facet normal 0 0 1
    outer loop
      vertex 20.2009 56.6722 16.1
      vertex 20.2665 55.3372 16.1
      vertex 20.2665 56.5628 16.1
    endloop
  endfacet
  facet normal 0 0 1
    outer loop
      vertex 20.2009 56.6722 16.1
      vertex 20.2009 55.2278 16.1
      vertex 20.2665 55.3372 16.1
    endloop
  endfacet
  facet normal 0 0 1
    outer loop
      vertex 20.1249 56.7747 16.1
      vertex 20.2009 55.2278 16.1
      vertex 20.2009 56.6722 16.1
    endloop
  endfacet
  facet normal 0 0 1
    outer loop
      vertex 20.1249 56.7747 16.1
      vertex 20.1249 55.1253 16.1
      vertex 20.2009 55.2278 16.1
    endloop
  endfacet
  facet normal 0 0 1
    outer loop
      vertex 20.0392 56.8692 16.1
      vertex 20.1249 55.1253 16.1
      vertex 20.1249 56.7747 16.1
    endloop
  endfacet
  facet normal 0 0 1
    outer loop
      vertex 20.0392 56.8692 16.1
      vertex 20.0392 55.0308 16.1
      vertex 20.1249 55.1253 16.1
    endloop
  endfacet
  facet normal 0 0 1
    outer loop
      vertex 19.9447 56.9549 16.1
      vertex 20.0392 55.0308 16.1
      vertex 20.0392 56.8692 16.1
    endloop
  endfacet
  facet normal 0 0 1
    outer loop
      vertex 19.9447 56.9549 16.1
      vertex 19.9447 54.9451 16.1
      vertex 20.0392 55.0308 16.1
    endloop
  endfacet
  facet normal 0 0 1
    outer loop
      vertex 19.8422 57.0309 16.1
      vertex 19.9447 54.9451 16.1
      vertex 19.9447 56.9549 16.1
    endloop
  endfacet
  facet normal 0 0 1
    outer loop
      vertex 19.8422 57.0309 16.1
      vertex 19.8422 54.8691 16.1
      vertex 19.9447 54.9451 16.1
    endloop
  endfacet
  facet normal 0 0 1
    outer loop
      vertex 19.7328 57.0965 16.1
      vertex 19.8422 54.8691 16.1
      vertex 19.8422 57.0309 16.1
    endloop
  endfacet
  facet normal 0 0 1
    outer loop
      vertex 19.7328 57.0965 16.1
      vertex 19.7328 54.8035 16.1
      vertex 19.8422 54.8691 16.1
    endloop
  endfacet
  facet normal 0 0 1
    outer loop
      vertex 19.6175 57.151 16.1
      vertex 19.7328 54.8035 16.1
      vertex 19.7328 57.0965 16.1
    endloop
  endfacet
  facet normal 0 0 1
    outer loop
      vertex 19.6175 57.151 16.1
      vertex 19.6175 54.749 16.1
      vertex 19.7328 54.8035 16.1
    endloop
  endfacet
  facet normal 0 0 1
    outer loop
      vertex 19.4974 57.194 16.1
      vertex 19.6175 54.749 16.1
      vertex 19.6175 57.151 16.1
    endloop
  endfacet
  facet normal 0 0 1
    outer loop
      vertex 19.4974 57.194 16.1
      vertex 19.4974 54.706 16.1
      vertex 19.6175 54.749 16.1
    endloop
  endfacet
  facet normal 0 0 1
    outer loop
      vertex 19.3736 57.225 16.1
      vertex 19.4974 54.706 16.1
      vertex 19.4974 57.194 16.1
    endloop
  endfacet
  facet normal 0 0 1
    outer loop
      vertex 19.3736 57.225 16.1
      vertex 19.3736 54.675 16.1
      vertex 19.4974 54.706 16.1
    endloop
  endfacet
  facet normal 0 0 1
    outer loop
      vertex 19.2474 57.2437 16.1
      vertex 19.3736 54.675 16.1
      vertex 19.3736 57.225 16.1
    endloop
  endfacet
  facet normal 0 0 1
    outer loop
      vertex 19.2474 57.2437 16.1
      vertex 19.2474 54.6563 16.1
      vertex 19.3736 54.675 16.1
    endloop
  endfacet
  facet normal 0 0 1
    outer loop
      vertex 19.12 57.25 16.1
      vertex 19.2474 54.6563 16.1
      vertex 19.2474 57.2437 16.1
    endloop
  endfacet
  facet normal 0 0 1
    outer loop
      vertex 19.12 57.25 16.1
      vertex 19.12 54.65 16.1
      vertex 19.2474 54.6563 16.1
    endloop
  endfacet
  facet normal -0 0 1
    outer loop
      vertex 18.9926 57.2437 16.1
      vertex 19.12 54.65 16.1
      vertex 19.12 57.25 16.1
    endloop
  endfacet
  facet normal 0 0 1
    outer loop
      vertex 18.9926 57.2437 16.1
      vertex 18.9926 54.6563 16.1
      vertex 19.12 54.65 16.1
    endloop
  endfacet
  facet normal -0 0 1
    outer loop
      vertex 18.8664 57.225 16.1
      vertex 18.9926 54.6563 16.1
      vertex 18.9926 57.2437 16.1
    endloop
  endfacet
  facet normal 0 0 1
    outer loop
      vertex 18.8664 57.225 16.1
      vertex 18.8664 54.675 16.1
      vertex 18.9926 54.6563 16.1
    endloop
  endfacet
  facet normal -0 0 1
    outer loop
      vertex 18.7426 57.194 16.1
      vertex 18.8664 54.675 16.1
      vertex 18.8664 57.225 16.1
    endloop
  endfacet
  facet normal 0 0 1
    outer loop
      vertex 18.7426 57.194 16.1
      vertex 18.7426 54.706 16.1
      vertex 18.8664 54.675 16.1
    endloop
  endfacet
  facet normal -0 0 1
    outer loop
      vertex 18.6225 57.151 16.1
      vertex 18.7426 54.706 16.1
      vertex 18.7426 57.194 16.1
    endloop
  endfacet
  facet normal 0 0 1
    outer loop
      vertex 18.6225 57.151 16.1
      vertex 18.6225 54.749 16.1
      vertex 18.7426 54.706 16.1
    endloop
  endfacet
  facet normal -0 0 1
    outer loop
      vertex 18.5072 57.0965 16.1
      vertex 18.6225 54.749 16.1
      vertex 18.6225 57.151 16.1
    endloop
  endfacet
  facet normal 0 0 1
    outer loop
      vertex 18.5072 57.0965 16.1
      vertex 18.5072 54.8035 16.1
      vertex 18.6225 54.749 16.1
    endloop
  endfacet
  facet normal -0 0 1
    outer loop
      vertex 18.3978 57.0309 16.1
      vertex 18.5072 54.8035 16.1
      vertex 18.5072 57.0965 16.1
    endloop
  endfacet
  facet normal 0 0 1
    outer loop
      vertex 18.3978 57.0309 16.1
      vertex 18.3978 54.8691 16.1
      vertex 18.5072 54.8035 16.1
    endloop
  endfacet
  facet normal -0 0 1
    outer loop
      vertex 18.2953 56.9549 16.1
      vertex 18.3978 54.8691 16.1
      vertex 18.3978 57.0309 16.1
    endloop
  endfacet
  facet normal 0 0 1
    outer loop
      vertex 18.2953 56.9549 16.1
      vertex 18.2953 54.9451 16.1
      vertex 18.3978 54.8691 16.1
    endloop
  endfacet
  facet normal -0 0 1
    outer loop
      vertex 18.2008 56.8692 16.1
      vertex 18.2953 54.9451 16.1
      vertex 18.2953 56.9549 16.1
    endloop
  endfacet
  facet normal 0 0 1
    outer loop
      vertex 18.2008 56.8692 16.1
      vertex 18.2008 55.0308 16.1
      vertex 18.2953 54.9451 16.1
    endloop
  endfacet
  facet normal -0 0 1
    outer loop
      vertex 18.1151 56.7747 16.1
      vertex 18.2008 55.0308 16.1
      vertex 18.2008 56.8692 16.1
    endloop
  endfacet
  facet normal 0 0 1
    outer loop
      vertex 18.1151 56.7747 16.1
      vertex 18.1151 55.1253 16.1
      vertex 18.2008 55.0308 16.1
    endloop
  endfacet
  facet normal -0 0 1
    outer loop
      vertex 18.0391 56.6722 16.1
      vertex 18.1151 55.1253 16.1
      vertex 18.1151 56.7747 16.1
    endloop
  endfacet
  facet normal 0 0 1
    outer loop
      vertex 18.0391 56.6722 16.1
      vertex 18.0391 55.2278 16.1
      vertex 18.1151 55.1253 16.1
    endloop
  endfacet
  facet normal -0 0 1
    outer loop
      vertex 17.9735 56.5628 16.1
      vertex 18.0391 55.2278 16.1
      vertex 18.0391 56.6722 16.1
    endloop
  endfacet
  facet normal 0 0 1
    outer loop
      vertex 17.9735 56.5628 16.1
      vertex 17.9735 55.3372 16.1
      vertex 18.0391 55.2278 16.1
    endloop
  endfacet
  facet normal -0 0 1
    outer loop
      vertex 17.919 56.4475 16.1
      vertex 17.9735 55.3372 16.1
      vertex 17.9735 56.5628 16.1
    endloop
  endfacet
  facet normal 0 0 1
    outer loop
      vertex 17.919 56.4475 16.1
      vertex 17.919 55.4525 16.1
      vertex 17.9735 55.3372 16.1
    endloop
  endfacet
  facet normal -0 0 1
    outer loop
      vertex 17.876 56.3274 16.1
      vertex 17.919 55.4525 16.1
      vertex 17.919 56.4475 16.1
    endloop
  endfacet
  facet normal 0 0 1
    outer loop
      vertex 17.876 56.3274 16.1
      vertex 17.876 55.5726 16.1
      vertex 17.919 55.4525 16.1
    endloop
  endfacet
  facet normal -0 0 1
    outer loop
      vertex 17.845 56.2036 16.1
      vertex 17.876 55.5726 16.1
      vertex 17.876 56.3274 16.1
    endloop
  endfacet
  facet normal 0 0 1
    outer loop
      vertex 17.845 56.2036 16.1
      vertex 17.845 55.6964 16.1
      vertex 17.876 55.5726 16.1
    endloop
  endfacet
  facet normal -0 0 1
    outer loop
      vertex 17.8263 56.0774 16.1
      vertex 17.845 55.6964 16.1
      vertex 17.845 56.2036 16.1
    endloop
  endfacet
  facet normal 0 0 1
    outer loop
      vertex 17.8263 56.0774 16.1
      vertex 17.8263 55.8226 16.1
      vertex 17.845 55.6964 16.1
    endloop
  endfacet
  facet normal 0 -0 1
    outer loop
      vertex 17.8263 55.8226 16.1
      vertex 17.8263 56.0774 16.1
      vertex 17.82 55.95 16.1
    endloop
  endfacet
  facet normal -0.740755 0.671775 0
    outer loop
      vertex 18.1151 56.7747 13.9
      vertex 18.2008 56.8692 16.1
      vertex 18.2008 56.8692 13.9
    endloop
  endfacet
  facet normal -0.740755 0.671775 0
    outer loop
      vertex 18.2008 56.8692 16.1
      vertex 18.1151 56.7747 13.9
      vertex 18.1151 56.7747 16.1
    endloop
  endfacet
  facet normal -0.803279 0.595602 0
    outer loop
      vertex 18.0391 56.6722 13.9
      vertex 18.1151 56.7747 16.1
      vertex 18.1151 56.7747 13.9
    endloop
  endfacet
  facet normal -0.803279 0.595602 0
    outer loop
      vertex 18.1151 56.7747 16.1
      vertex 18.0391 56.6722 13.9
      vertex 18.0391 56.6722 16.1
    endloop
  endfacet
  facet normal 0.989199 -0.146577 0
    outer loop
      vertex 20.395 55.6964 16.1
      vertex 20.4137 55.8226 13.9
      vertex 20.4137 55.8226 16.1
    endloop
  endfacet
  facet normal 0.989199 -0.146577 0
    outer loop
      vertex 20.4137 55.8226 13.9
      vertex 20.395 55.6964 16.1
      vertex 20.395 55.6964 13.9
    endloop
  endfacet
  facet normal 0.595602 -0.803279 0
    outer loop
      vertex 19.8422 54.8691 13.9
      vertex 19.9447 54.9451 16.1
      vertex 19.8422 54.8691 16.1
    endloop
  endfacet
  facet normal 0.595602 -0.803279 0
    outer loop
      vertex 19.9447 54.9451 16.1
      vertex 19.8422 54.8691 13.9
      vertex 19.9447 54.9451 13.9
    endloop
  endfacet
  facet normal 0.146577 -0.989199 0
    outer loop
      vertex 19.2474 54.6563 13.9
      vertex 19.3736 54.675 16.1
      vertex 19.2474 54.6563 16.1
    endloop
  endfacet
  facet normal 0.146577 -0.989199 0
    outer loop
      vertex 19.3736 54.675 16.1
      vertex 19.2474 54.6563 13.9
      vertex 19.3736 54.675 13.9
    endloop
  endfacet
  facet normal -0.989199 -0.146577 0
    outer loop
      vertex 17.845 55.6964 13.9
      vertex 17.8263 55.8226 16.1
      vertex 17.8263 55.8226 13.9
    endloop
  endfacet
  facet normal -0.989199 -0.146577 0
    outer loop
      vertex 17.8263 55.8226 16.1
      vertex 17.845 55.6964 13.9
      vertex 17.845 55.6964 16.1
    endloop
  endfacet
  facet normal -0.941476 -0.337081 0
    outer loop
      vertex 17.919 55.4525 13.9
      vertex 17.876 55.5726 16.1
      vertex 17.876 55.5726 13.9
    endloop
  endfacet
  facet normal -0.941476 -0.337081 0
    outer loop
      vertex 17.876 55.5726 16.1
      vertex 17.919 55.4525 13.9
      vertex 17.919 55.4525 16.1
    endloop
  endfacet
  facet normal -0.857631 -0.514265 0
    outer loop
      vertex 18.0391 55.2278 13.9
      vertex 17.9735 55.3372 16.1
      vertex 17.9735 55.3372 13.9
    endloop
  endfacet
  facet normal -0.857631 -0.514265 0
    outer loop
      vertex 17.9735 55.3372 16.1
      vertex 18.0391 55.2278 13.9
      vertex 18.0391 55.2278 16.1
    endloop
  endfacet
  facet normal -0.242904 -0.97005 0
    outer loop
      vertex 18.7426 54.706 13.9
      vertex 18.8664 54.675 16.1
      vertex 18.7426 54.706 16.1
    endloop
  endfacet
  facet normal -0.242904 -0.97005 -0
    outer loop
      vertex 18.8664 54.675 16.1
      vertex 18.7426 54.706 13.9
      vertex 18.8664 54.675 13.9
    endloop
  endfacet
  facet normal 0.337081 0.941476 -0
    outer loop
      vertex 19.6175 57.151 13.9
      vertex 19.4974 57.194 16.1
      vertex 19.6175 57.151 16.1
    endloop
  endfacet
  facet normal 0.337081 0.941476 0
    outer loop
      vertex 19.4974 57.194 16.1
      vertex 19.6175 57.151 13.9
      vertex 19.4974 57.194 13.9
    endloop
  endfacet
  facet normal 0.427345 0.904089 -0
    outer loop
      vertex 19.7328 57.0965 13.9
      vertex 19.6175 57.151 16.1
      vertex 19.7328 57.0965 16.1
    endloop
  endfacet
  facet normal 0.427345 0.904089 0
    outer loop
      vertex 19.6175 57.151 16.1
      vertex 19.7328 57.0965 13.9
      vertex 19.6175 57.151 13.9
    endloop
  endfacet
  facet normal -0.242904 0.97005 0
    outer loop
      vertex 18.8664 57.225 13.9
      vertex 18.7426 57.194 16.1
      vertex 18.8664 57.225 16.1
    endloop
  endfacet
  facet normal -0.242904 0.97005 0
    outer loop
      vertex 18.7426 57.194 16.1
      vertex 18.8664 57.225 13.9
      vertex 18.7426 57.194 13.9
    endloop
  endfacet
  facet normal -0.595602 0.803279 0
    outer loop
      vertex 18.3978 57.0309 13.9
      vertex 18.2953 56.9549 16.1
      vertex 18.3978 57.0309 16.1
    endloop
  endfacet
  facet normal -0.595602 0.803279 0
    outer loop
      vertex 18.2953 56.9549 16.1
      vertex 18.3978 57.0309 13.9
      vertex 18.2953 56.9549 13.9
    endloop
  endfacet
  facet normal -0.989199 0.146577 0
    outer loop
      vertex 17.8263 56.0774 13.9
      vertex 17.845 56.2036 16.1
      vertex 17.845 56.2036 13.9
    endloop
  endfacet
  facet normal -0.989199 0.146577 0
    outer loop
      vertex 17.845 56.2036 16.1
      vertex 17.8263 56.0774 13.9
      vertex 17.8263 56.0774 16.1
    endloop
  endfacet
  facet normal -0.941476 0.337081 0
    outer loop
      vertex 17.876 56.3274 13.9
      vertex 17.919 56.4475 16.1
      vertex 17.919 56.4475 13.9
    endloop
  endfacet
  facet normal -0.941476 0.337081 0
    outer loop
      vertex 17.919 56.4475 16.1
      vertex 17.876 56.3274 13.9
      vertex 17.876 56.3274 16.1
    endloop
  endfacet
  facet normal -0.857631 0.514265 0
    outer loop
      vertex 17.9735 56.5628 13.9
      vertex 18.0391 56.6722 16.1
      vertex 18.0391 56.6722 13.9
    endloop
  endfacet
  facet normal -0.857631 0.514265 0
    outer loop
      vertex 18.0391 56.6722 16.1
      vertex 17.9735 56.5628 13.9
      vertex 17.9735 56.5628 16.1
    endloop
  endfacet
  facet normal 0.514265 0.857631 -0
    outer loop
      vertex 19.8422 57.0309 13.9
      vertex 19.7328 57.0965 16.1
      vertex 19.8422 57.0309 16.1
    endloop
  endfacet
  facet normal 0.514265 0.857631 0
    outer loop
      vertex 19.7328 57.0965 16.1
      vertex 19.8422 57.0309 13.9
      vertex 19.7328 57.0965 13.9
    endloop
  endfacet
  facet normal 0.857686 -0.514175 0
    outer loop
      vertex 73.5181 49.3144 13.9
      vertex 73.6594 49.5501 2.4
      vertex 73.6594 49.5501 13.9
    endloop
  endfacet
  facet normal 0.857686 -0.514175 0
    outer loop
      vertex 73.6594 49.5501 2.4
      vertex 73.5181 49.3144 13.9
      vertex 73.5181 49.3144 2.4
    endloop
  endfacet
  facet normal 0.336682 -0.941618 0
    outer loop
      vertex 72.0028 48.1906 2.4
      vertex 72.2615 48.2831 13.9
      vertex 72.0028 48.1906 13.9
    endloop
  endfacet
  facet normal 0.336682 -0.941618 0
    outer loop
      vertex 72.2615 48.2831 13.9
      vertex 72.0028 48.1906 2.4
      vertex 72.2615 48.2831 2.4
    endloop
  endfacet
  facet normal -0.336682 -0.941618 0
    outer loop
      vertex 70.1185 48.2831 2.4
      vertex 70.3772 48.1906 13.9
      vertex 70.1185 48.2831 13.9
    endloop
  endfacet
  facet normal -0.336682 -0.941618 -0
    outer loop
      vertex 70.3772 48.1906 13.9
      vertex 70.1185 48.2831 2.4
      vertex 70.3772 48.1906 2.4
    endloop
  endfacet
  facet normal -0.903967 -0.427601 0
    outer loop
      vertex 68.7206 49.5501 2.4
      vertex 68.6031 49.7985 13.9
      vertex 68.6031 49.7985 2.4
    endloop
  endfacet
  facet normal -0.903967 -0.427601 0
    outer loop
      vertex 68.6031 49.7985 13.9
      vertex 68.7206 49.5501 2.4
      vertex 68.7206 49.5501 13.9
    endloop
  endfacet
  facet normal 0.998792 0.0491388 0
    outer loop
      vertex 73.99 50.87 13.9
      vertex 73.9765 51.1444 2.4
      vertex 73.9765 51.1444 13.9
    endloop
  endfacet
  facet normal 0.998792 0.0491388 0
    outer loop
      vertex 73.9765 51.1444 2.4
      vertex 73.99 50.87 13.9
      vertex 73.99 50.87 2.4
    endloop
  endfacet
  facet normal 0.0491388 -0.998792 0
    outer loop
      vertex 71.19 48.07 2.4
      vertex 71.4644 48.0835 13.9
      vertex 71.19 48.07 13.9
    endloop
  endfacet
  facet normal 0.0491388 -0.998792 0
    outer loop
      vertex 71.4644 48.0835 13.9
      vertex 71.19 48.07 2.4
      vertex 71.4644 48.0835 2.4
    endloop
  endfacet
  facet normal 0.514175 -0.857686 0
    outer loop
      vertex 72.5099 48.4006 2.4
      vertex 72.7456 48.5419 13.9
      vertex 72.5099 48.4006 13.9
    endloop
  endfacet
  facet normal 0.514175 -0.857686 0
    outer loop
      vertex 72.7456 48.5419 13.9
      vertex 72.5099 48.4006 2.4
      vertex 72.7456 48.5419 2.4
    endloop
  endfacet
  facet normal -0.989194 -0.146615 0
    outer loop
      vertex 68.4438 50.3237 2.4
      vertex 68.4035 50.5956 13.9
      vertex 68.4035 50.5956 2.4
    endloop
  endfacet
  facet normal -0.989194 -0.146615 0
    outer loop
      vertex 68.4035 50.5956 13.9
      vertex 68.4438 50.3237 2.4
      vertex 68.4438 50.3237 13.9
    endloop
  endfacet
  facet normal -0.74101 -0.671494 0
    outer loop
      vertex 69.2101 48.8901 2.4
      vertex 69.0256 49.0937 13.9
      vertex 69.0256 49.0937 2.4
    endloop
  endfacet
  facet normal -0.74101 -0.671494 0
    outer loop
      vertex 69.0256 49.0937 13.9
      vertex 69.2101 48.8901 2.4
      vertex 69.2101 48.8901 13.9
    endloop
  endfacet
  facet normal -0.243135 -0.969992 0
    outer loop
      vertex 70.3772 48.1906 2.4
      vertex 70.6437 48.1238 13.9
      vertex 70.3772 48.1906 13.9
    endloop
  endfacet
  facet normal -0.243135 -0.969992 -0
    outer loop
      vertex 70.6437 48.1238 13.9
      vertex 70.3772 48.1906 2.4
      vertex 70.6437 48.1238 2.4
    endloop
  endfacet
  facet normal -0.671494 0.74101 0
    outer loop
      vertex 69.4137 53.0344 2.4
      vertex 69.2101 52.8499 13.9
      vertex 69.4137 53.0344 13.9
    endloop
  endfacet
  facet normal -0.671494 0.74101 0
    outer loop
      vertex 69.2101 52.8499 13.9
      vertex 69.4137 53.0344 2.4
      vertex 69.2101 52.8499 2.4
    endloop
  endfacet
  facet normal 0.803177 -0.595741 0
    outer loop
      vertex 73.3544 49.0937 13.9
      vertex 73.5181 49.3144 2.4
      vertex 73.5181 49.3144 13.9
    endloop
  endfacet
  facet normal 0.803177 -0.595741 0
    outer loop
      vertex 73.5181 49.3144 2.4
      vertex 73.3544 49.0937 13.9
      vertex 73.3544 49.0937 2.4
    endloop
  endfacet
  facet normal 0.671494 -0.74101 0
    outer loop
      vertex 72.9663 48.7056 2.4
      vertex 73.1699 48.8901 13.9
      vertex 72.9663 48.7056 13.9
    endloop
  endfacet
  facet normal 0.671494 -0.74101 0
    outer loop
      vertex 73.1699 48.8901 13.9
      vertex 72.9663 48.7056 2.4
      vertex 73.1699 48.8901 2.4
    endloop
  endfacet
  facet normal 0.74101 -0.671494 0
    outer loop
      vertex 73.1699 48.8901 13.9
      vertex 73.3544 49.0937 2.4
      vertex 73.3544 49.0937 13.9
    endloop
  endfacet
  facet normal 0.74101 -0.671494 0
    outer loop
      vertex 73.3544 49.0937 2.4
      vertex 73.1699 48.8901 13.9
      vertex 73.1699 48.8901 2.4
    endloop
  endfacet
  facet normal -0.0491388 -0.998792 0
    outer loop
      vertex 70.9156 48.0835 2.4
      vertex 71.19 48.07 13.9
      vertex 70.9156 48.0835 13.9
    endloop
  endfacet
  facet normal -0.0491388 -0.998792 -0
    outer loop
      vertex 71.19 48.07 13.9
      vertex 70.9156 48.0835 2.4
      vertex 71.19 48.07 2.4
    endloop
  endfacet
  facet normal 0.243135 -0.969992 0
    outer loop
      vertex 71.7363 48.1238 2.4
      vertex 72.0028 48.1906 13.9
      vertex 71.7363 48.1238 13.9
    endloop
  endfacet
  facet normal 0.243135 -0.969992 0
    outer loop
      vertex 72.0028 48.1906 13.9
      vertex 71.7363 48.1238 2.4
      vertex 72.0028 48.1906 2.4
    endloop
  endfacet
  facet normal 0.146615 -0.989194 0
    outer loop
      vertex 71.4644 48.0835 2.4
      vertex 71.7363 48.1238 13.9
      vertex 71.4644 48.0835 13.9
    endloop
  endfacet
  facet normal 0.146615 -0.989194 0
    outer loop
      vertex 71.7363 48.1238 13.9
      vertex 71.4644 48.0835 2.4
      vertex 71.7363 48.1238 2.4
    endloop
  endfacet
  facet normal 0.427601 -0.903967 0
    outer loop
      vertex 72.2615 48.2831 2.4
      vertex 72.5099 48.4006 13.9
      vertex 72.2615 48.2831 13.9
    endloop
  endfacet
  facet normal 0.427601 -0.903967 0
    outer loop
      vertex 72.5099 48.4006 13.9
      vertex 72.2615 48.2831 2.4
      vertex 72.5099 48.4006 2.4
    endloop
  endfacet
  facet normal 0.595741 -0.803177 0
    outer loop
      vertex 72.7456 48.5419 2.4
      vertex 72.9663 48.7056 13.9
      vertex 72.7456 48.5419 13.9
    endloop
  endfacet
  facet normal 0.595741 -0.803177 0
    outer loop
      vertex 72.9663 48.7056 13.9
      vertex 72.7456 48.5419 2.4
      vertex 72.9663 48.7056 2.4
    endloop
  endfacet
  facet normal -0.998792 -0.0491388 0
    outer loop
      vertex 68.4035 50.5956 2.4
      vertex 68.39 50.87 13.9
      vertex 68.39 50.87 2.4
    endloop
  endfacet
  facet normal -0.998792 -0.0491388 0
    outer loop
      vertex 68.39 50.87 13.9
      vertex 68.4035 50.5956 2.4
      vertex 68.4035 50.5956 13.9
    endloop
  endfacet
  facet normal -0.941618 -0.336682 0
    outer loop
      vertex 68.6031 49.7985 2.4
      vertex 68.5106 50.0572 13.9
      vertex 68.5106 50.0572 2.4
    endloop
  endfacet
  facet normal -0.941618 -0.336682 0
    outer loop
      vertex 68.5106 50.0572 13.9
      vertex 68.6031 49.7985 2.4
      vertex 68.6031 49.7985 13.9
    endloop
  endfacet
  facet normal -0.969992 -0.243135 0
    outer loop
      vertex 68.5106 50.0572 2.4
      vertex 68.4438 50.3237 13.9
      vertex 68.4438 50.3237 2.4
    endloop
  endfacet
  facet normal -0.969992 -0.243135 0
    outer loop
      vertex 68.4438 50.3237 13.9
      vertex 68.5106 50.0572 2.4
      vertex 68.5106 50.0572 13.9
    endloop
  endfacet
  facet normal -0.857686 -0.514175 0
    outer loop
      vertex 68.8619 49.3144 2.4
      vertex 68.7206 49.5501 13.9
      vertex 68.7206 49.5501 2.4
    endloop
  endfacet
  facet normal -0.857686 -0.514175 0
    outer loop
      vertex 68.7206 49.5501 13.9
      vertex 68.8619 49.3144 2.4
      vertex 68.8619 49.3144 13.9
    endloop
  endfacet
  facet normal -0.803177 -0.595741 0
    outer loop
      vertex 69.0256 49.0937 2.4
      vertex 68.8619 49.3144 13.9
      vertex 68.8619 49.3144 2.4
    endloop
  endfacet
  facet normal -0.803177 -0.595741 0
    outer loop
      vertex 68.8619 49.3144 13.9
      vertex 69.0256 49.0937 2.4
      vertex 69.0256 49.0937 13.9
    endloop
  endfacet
  facet normal -0.146615 -0.989194 0
    outer loop
      vertex 70.6437 48.1238 2.4
      vertex 70.9156 48.0835 13.9
      vertex 70.6437 48.1238 13.9
    endloop
  endfacet
  facet normal -0.146615 -0.989194 -0
    outer loop
      vertex 70.9156 48.0835 13.9
      vertex 70.6437 48.1238 2.4
      vertex 70.9156 48.0835 2.4
    endloop
  endfacet
  facet normal -0.514175 -0.857686 0
    outer loop
      vertex 69.6344 48.5419 2.4
      vertex 69.8701 48.4006 13.9
      vertex 69.6344 48.5419 13.9
    endloop
  endfacet
  facet normal -0.514175 -0.857686 -0
    outer loop
      vertex 69.8701 48.4006 13.9
      vertex 69.6344 48.5419 2.4
      vertex 69.8701 48.4006 2.4
    endloop
  endfacet
  facet normal -0.595741 -0.803177 0
    outer loop
      vertex 69.4137 48.7056 2.4
      vertex 69.6344 48.5419 13.9
      vertex 69.4137 48.7056 13.9
    endloop
  endfacet
  facet normal -0.595741 -0.803177 -0
    outer loop
      vertex 69.6344 48.5419 13.9
      vertex 69.4137 48.7056 2.4
      vertex 69.6344 48.5419 2.4
    endloop
  endfacet
  facet normal -0.427601 -0.903967 0
    outer loop
      vertex 69.8701 48.4006 2.4
      vertex 70.1185 48.2831 13.9
      vertex 69.8701 48.4006 13.9
    endloop
  endfacet
  facet normal -0.427601 -0.903967 -0
    outer loop
      vertex 70.1185 48.2831 13.9
      vertex 69.8701 48.4006 2.4
      vertex 70.1185 48.2831 2.4
    endloop
  endfacet
  facet normal -0.671494 -0.74101 0
    outer loop
      vertex 69.2101 48.8901 2.4
      vertex 69.4137 48.7056 13.9
      vertex 69.2101 48.8901 13.9
    endloop
  endfacet
  facet normal -0.671494 -0.74101 -0
    outer loop
      vertex 69.4137 48.7056 13.9
      vertex 69.2101 48.8901 2.4
      vertex 69.4137 48.7056 2.4
    endloop
  endfacet
  facet normal 0.998792 -0.0491388 0
    outer loop
      vertex 73.9765 50.5956 13.9
      vertex 73.99 50.87 2.4
      vertex 73.99 50.87 13.9
    endloop
  endfacet
  facet normal 0.998792 -0.0491388 0
    outer loop
      vertex 73.99 50.87 2.4
      vertex 73.9765 50.5956 13.9
      vertex 73.9765 50.5956 2.4
    endloop
  endfacet
  facet normal 0.969992 0.243135 0
    outer loop
      vertex 73.9362 51.4163 13.9
      vertex 73.8694 51.6828 2.4
      vertex 73.8694 51.6828 13.9
    endloop
  endfacet
  facet normal 0.969992 0.243135 0
    outer loop
      vertex 73.8694 51.6828 2.4
      vertex 73.9362 51.4163 13.9
      vertex 73.9362 51.4163 2.4
    endloop
  endfacet
  facet normal -0.803177 0.595741 0
    outer loop
      vertex 68.8619 52.4256 2.4
      vertex 69.0256 52.6463 13.9
      vertex 69.0256 52.6463 2.4
    endloop
  endfacet
  facet normal -0.803177 0.595741 0
    outer loop
      vertex 69.0256 52.6463 13.9
      vertex 68.8619 52.4256 2.4
      vertex 68.8619 52.4256 13.9
    endloop
  endfacet
  facet normal 0.427601 0.903967 -0
    outer loop
      vertex 72.5099 53.3394 2.4
      vertex 72.2615 53.4569 13.9
      vertex 72.5099 53.3394 13.9
    endloop
  endfacet
  facet normal 0.427601 0.903967 0
    outer loop
      vertex 72.2615 53.4569 13.9
      vertex 72.5099 53.3394 2.4
      vertex 72.2615 53.4569 2.4
    endloop
  endfacet
  facet normal 0.903967 -0.427601 0
    outer loop
      vertex 73.6594 49.5501 13.9
      vertex 73.7769 49.7985 2.4
      vertex 73.7769 49.7985 13.9
    endloop
  endfacet
  facet normal 0.903967 -0.427601 0
    outer loop
      vertex 73.7769 49.7985 2.4
      vertex 73.6594 49.5501 13.9
      vertex 73.6594 49.5501 2.4
    endloop
  endfacet
  facet normal 0.941618 -0.336682 0
    outer loop
      vertex 73.7769 49.7985 13.9
      vertex 73.8694 50.0572 2.4
      vertex 73.8694 50.0572 13.9
    endloop
  endfacet
  facet normal 0.941618 -0.336682 0
    outer loop
      vertex 73.8694 50.0572 2.4
      vertex 73.7769 49.7985 13.9
      vertex 73.7769 49.7985 2.4
    endloop
  endfacet
  facet normal 0.969992 -0.243135 0
    outer loop
      vertex 73.8694 50.0572 13.9
      vertex 73.9362 50.3237 2.4
      vertex 73.9362 50.3237 13.9
    endloop
  endfacet
  facet normal 0.969992 -0.243135 0
    outer loop
      vertex 73.9362 50.3237 2.4
      vertex 73.8694 50.0572 13.9
      vertex 73.8694 50.0572 2.4
    endloop
  endfacet
  facet normal 0.989194 0.146615 0
    outer loop
      vertex 73.9765 51.1444 13.9
      vertex 73.9362 51.4163 2.4
      vertex 73.9362 51.4163 13.9
    endloop
  endfacet
  facet normal 0.989194 0.146615 0
    outer loop
      vertex 73.9362 51.4163 2.4
      vertex 73.9765 51.1444 13.9
      vertex 73.9765 51.1444 2.4
    endloop
  endfacet
  facet normal 0.671494 0.74101 -0
    outer loop
      vertex 73.1699 52.8499 2.4
      vertex 72.9663 53.0344 13.9
      vertex 73.1699 52.8499 13.9
    endloop
  endfacet
  facet normal 0.671494 0.74101 0
    outer loop
      vertex 72.9663 53.0344 13.9
      vertex 73.1699 52.8499 2.4
      vertex 72.9663 53.0344 2.4
    endloop
  endfacet
  facet normal 0.857686 0.514175 0
    outer loop
      vertex 73.6594 52.1899 13.9
      vertex 73.5181 52.4256 2.4
      vertex 73.5181 52.4256 13.9
    endloop
  endfacet
  facet normal 0.857686 0.514175 0
    outer loop
      vertex 73.5181 52.4256 2.4
      vertex 73.6594 52.1899 13.9
      vertex 73.6594 52.1899 2.4
    endloop
  endfacet
  facet normal 0.903967 0.427601 0
    outer loop
      vertex 73.7769 51.9415 13.9
      vertex 73.6594 52.1899 2.4
      vertex 73.6594 52.1899 13.9
    endloop
  endfacet
  facet normal 0.903967 0.427601 0
    outer loop
      vertex 73.6594 52.1899 2.4
      vertex 73.7769 51.9415 13.9
      vertex 73.7769 51.9415 2.4
    endloop
  endfacet
  facet normal 0.0491388 0.998792 -0
    outer loop
      vertex 71.4644 53.6565 2.4
      vertex 71.19 53.67 13.9
      vertex 71.4644 53.6565 13.9
    endloop
  endfacet
  facet normal 0.0491388 0.998792 0
    outer loop
      vertex 71.19 53.67 13.9
      vertex 71.4644 53.6565 2.4
      vertex 71.19 53.67 2.4
    endloop
  endfacet
  facet normal 0 0 1
    outer loop
      vertex 72.49 50.87 13.9
      vertex 73.99 50.87 13.9
      vertex 73.9765 51.1444 13.9
    endloop
  endfacet
  facet normal 0 0 1
    outer loop
      vertex 72.4837 50.9974 13.9
      vertex 73.9765 51.1444 13.9
      vertex 73.9362 51.4163 13.9
    endloop
  endfacet
  facet normal 0 0 1
    outer loop
      vertex 73.99 50.87 13.9
      vertex 72.49 50.87 13.9
      vertex 73.9765 50.5956 13.9
    endloop
  endfacet
  facet normal 0 0 1
    outer loop
      vertex 72.465 51.1236 13.9
      vertex 73.9362 51.4163 13.9
      vertex 73.8694 51.6828 13.9
    endloop
  endfacet
  facet normal -0 0 1
    outer loop
      vertex 72.4837 50.7426 13.9
      vertex 73.9765 50.5956 13.9
      vertex 72.49 50.87 13.9
    endloop
  endfacet
  facet normal 0 0 1
    outer loop
      vertex 72.434 51.2474 13.9
      vertex 73.8694 51.6828 13.9
      vertex 73.7769 51.9415 13.9
    endloop
  endfacet
  facet normal 0 0 1
    outer loop
      vertex 73.9765 50.5956 13.9
      vertex 72.4837 50.7426 13.9
      vertex 73.9362 50.3237 13.9
    endloop
  endfacet
  facet normal 0 0 1
    outer loop
      vertex 72.391 51.3675 13.9
      vertex 73.7769 51.9415 13.9
      vertex 73.6594 52.1899 13.9
    endloop
  endfacet
  facet normal -0 0 1
    outer loop
      vertex 72.465 50.6164 13.9
      vertex 73.9362 50.3237 13.9
      vertex 72.4837 50.7426 13.9
    endloop
  endfacet
  facet normal 0 0 1
    outer loop
      vertex 72.3365 51.4828 13.9
      vertex 73.6594 52.1899 13.9
      vertex 73.5181 52.4256 13.9
    endloop
  endfacet
  facet normal 0 0 1
    outer loop
      vertex 73.9362 50.3237 13.9
      vertex 72.465 50.6164 13.9
      vertex 73.8694 50.0572 13.9
    endloop
  endfacet
  facet normal 0 0 1
    outer loop
      vertex 72.2709 51.5922 13.9
      vertex 73.5181 52.4256 13.9
      vertex 73.3544 52.6463 13.9
    endloop
  endfacet
  facet normal -0 0 1
    outer loop
      vertex 72.434 50.4926 13.9
      vertex 73.8694 50.0572 13.9
      vertex 72.465 50.6164 13.9
    endloop
  endfacet
  facet normal 0 0 1
    outer loop
      vertex 72.1949 51.6947 13.9
      vertex 73.3544 52.6463 13.9
      vertex 73.1699 52.8499 13.9
    endloop
  endfacet
  facet normal 0 0 1
    outer loop
      vertex 73.8694 50.0572 13.9
      vertex 72.434 50.4926 13.9
      vertex 73.7769 49.7985 13.9
    endloop
  endfacet
  facet normal 0 0 1
    outer loop
      vertex 72.1092 51.7892 13.9
      vertex 73.1699 52.8499 13.9
      vertex 72.9663 53.0344 13.9
    endloop
  endfacet
  facet normal -0 0 1
    outer loop
      vertex 72.391 50.3725 13.9
      vertex 73.7769 49.7985 13.9
      vertex 72.434 50.4926 13.9
    endloop
  endfacet
  facet normal 0 0 1
    outer loop
      vertex 72.0147 51.8749 13.9
      vertex 72.9663 53.0344 13.9
      vertex 72.7456 53.1981 13.9
    endloop
  endfacet
  facet normal 0 0 1
    outer loop
      vertex 73.7769 49.7985 13.9
      vertex 72.391 50.3725 13.9
      vertex 73.6594 49.5501 13.9
    endloop
  endfacet
  facet normal 0 0 1
    outer loop
      vertex 71.9122 51.9509 13.9
      vertex 72.7456 53.1981 13.9
      vertex 72.5099 53.3394 13.9
    endloop
  endfacet
  facet normal -0 0 1
    outer loop
      vertex 72.3365 50.2572 13.9
      vertex 73.6594 49.5501 13.9
      vertex 72.391 50.3725 13.9
    endloop
  endfacet
  facet normal 0 0 1
    outer loop
      vertex 73.6594 49.5501 13.9
      vertex 72.3365 50.2572 13.9
      vertex 73.5181 49.3144 13.9
    endloop
  endfacet
  facet normal 0 0 1
    outer loop
      vertex 73.9765 51.1444 13.9
      vertex 72.4837 50.9974 13.9
      vertex 72.49 50.87 13.9
    endloop
  endfacet
  facet normal 0 0 1
    outer loop
      vertex 73.9362 51.4163 13.9
      vertex 72.465 51.1236 13.9
      vertex 72.4837 50.9974 13.9
    endloop
  endfacet
  facet normal 0 0 1
    outer loop
      vertex 73.8694 51.6828 13.9
      vertex 72.434 51.2474 13.9
      vertex 72.465 51.1236 13.9
    endloop
  endfacet
  facet normal 0 0 1
    outer loop
      vertex 73.7769 51.9415 13.9
      vertex 72.391 51.3675 13.9
      vertex 72.434 51.2474 13.9
    endloop
  endfacet
  facet normal 0 0 1
    outer loop
      vertex 73.6594 52.1899 13.9
      vertex 72.3365 51.4828 13.9
      vertex 72.391 51.3675 13.9
    endloop
  endfacet
  facet normal 0 0 1
    outer loop
      vertex 73.5181 52.4256 13.9
      vertex 72.2709 51.5922 13.9
      vertex 72.3365 51.4828 13.9
    endloop
  endfacet
  facet normal 0 0 1
    outer loop
      vertex 71.8028 52.0165 13.9
      vertex 72.5099 53.3394 13.9
      vertex 72.2615 53.4569 13.9
    endloop
  endfacet
  facet normal 0 0 1
    outer loop
      vertex 73.3544 52.6463 13.9
      vertex 72.1949 51.6947 13.9
      vertex 72.2709 51.5922 13.9
    endloop
  endfacet
  facet normal 0 0 1
    outer loop
      vertex 73.1699 52.8499 13.9
      vertex 72.1092 51.7892 13.9
      vertex 72.1949 51.6947 13.9
    endloop
  endfacet
  facet normal 0 0 1
    outer loop
      vertex 72.9663 53.0344 13.9
      vertex 72.0147 51.8749 13.9
      vertex 72.1092 51.7892 13.9
    endloop
  endfacet
  facet normal 0 0 1
    outer loop
      vertex 71.6875 52.071 13.9
      vertex 72.2615 53.4569 13.9
      vertex 72.0028 53.5494 13.9
    endloop
  endfacet
  facet normal 0 0 1
    outer loop
      vertex 72.7456 53.1981 13.9
      vertex 71.9122 51.9509 13.9
      vertex 72.0147 51.8749 13.9
    endloop
  endfacet
  facet normal 0 0 1
    outer loop
      vertex 72.5099 53.3394 13.9
      vertex 71.8028 52.0165 13.9
      vertex 71.9122 51.9509 13.9
    endloop
  endfacet
  facet normal 0 0 1
    outer loop
      vertex 71.5674 52.114 13.9
      vertex 72.0028 53.5494 13.9
      vertex 71.7363 53.6162 13.9
    endloop
  endfacet
  facet normal 0 0 1
    outer loop
      vertex 72.2615 53.4569 13.9
      vertex 71.6875 52.071 13.9
      vertex 71.8028 52.0165 13.9
    endloop
  endfacet
  facet normal 0 0 1
    outer loop
      vertex 72.0028 53.5494 13.9
      vertex 71.5674 52.114 13.9
      vertex 71.6875 52.071 13.9
    endloop
  endfacet
  facet normal 0 0 1
    outer loop
      vertex 71.4436 52.145 13.9
      vertex 71.7363 53.6162 13.9
      vertex 71.4644 53.6565 13.9
    endloop
  endfacet
  facet normal 0 0 1
    outer loop
      vertex 71.7363 53.6162 13.9
      vertex 71.4436 52.145 13.9
      vertex 71.5674 52.114 13.9
    endloop
  endfacet
  facet normal 0 0 1
    outer loop
      vertex 71.4644 53.6565 13.9
      vertex 71.3174 52.1637 13.9
      vertex 71.4436 52.145 13.9
    endloop
  endfacet
  facet normal 0 0 1
    outer loop
      vertex 71.19 53.67 13.9
      vertex 71.3174 52.1637 13.9
      vertex 71.4644 53.6565 13.9
    endloop
  endfacet
  facet normal 0 0 1
    outer loop
      vertex 71.19 53.67 13.9
      vertex 71.19 52.17 13.9
      vertex 71.3174 52.1637 13.9
    endloop
  endfacet
  facet normal 0 0 1
    outer loop
      vertex 71.19 53.67 13.9
      vertex 71.0626 52.1637 13.9
      vertex 71.19 52.17 13.9
    endloop
  endfacet
  facet normal -0 0 1
    outer loop
      vertex 70.9156 53.6565 13.9
      vertex 71.0626 52.1637 13.9
      vertex 71.19 53.67 13.9
    endloop
  endfacet
  facet normal 0 0 1
    outer loop
      vertex 71.0626 52.1637 13.9
      vertex 70.9156 53.6565 13.9
      vertex 70.9364 52.145 13.9
    endloop
  endfacet
  facet normal -0 0 1
    outer loop
      vertex 70.6437 53.6162 13.9
      vertex 70.9364 52.145 13.9
      vertex 70.9156 53.6565 13.9
    endloop
  endfacet
  facet normal 0 0 1
    outer loop
      vertex 70.9364 52.145 13.9
      vertex 70.6437 53.6162 13.9
      vertex 70.8126 52.114 13.9
    endloop
  endfacet
  facet normal -0 0 1
    outer loop
      vertex 70.3772 53.5494 13.9
      vertex 70.8126 52.114 13.9
      vertex 70.6437 53.6162 13.9
    endloop
  endfacet
  facet normal 0 0 1
    outer loop
      vertex 70.8126 52.114 13.9
      vertex 70.3772 53.5494 13.9
      vertex 70.6925 52.071 13.9
    endloop
  endfacet
  facet normal -0 0 1
    outer loop
      vertex 70.1185 53.4569 13.9
      vertex 70.6925 52.071 13.9
      vertex 70.3772 53.5494 13.9
    endloop
  endfacet
  facet normal 0 0 1
    outer loop
      vertex 70.6925 52.071 13.9
      vertex 70.1185 53.4569 13.9
      vertex 70.5772 52.0165 13.9
    endloop
  endfacet
  facet normal -0 0 1
    outer loop
      vertex 69.8701 53.3394 13.9
      vertex 70.5772 52.0165 13.9
      vertex 70.1185 53.4569 13.9
    endloop
  endfacet
  facet normal 0 0 1
    outer loop
      vertex 70.5772 52.0165 13.9
      vertex 69.8701 53.3394 13.9
      vertex 70.4678 51.9509 13.9
    endloop
  endfacet
  facet normal -0 0 1
    outer loop
      vertex 69.6344 53.1981 13.9
      vertex 70.4678 51.9509 13.9
      vertex 69.8701 53.3394 13.9
    endloop
  endfacet
  facet normal 0 0 1
    outer loop
      vertex 70.4678 51.9509 13.9
      vertex 69.6344 53.1981 13.9
      vertex 70.3653 51.8749 13.9
    endloop
  endfacet
  facet normal -0 0 1
    outer loop
      vertex 69.4137 53.0344 13.9
      vertex 70.3653 51.8749 13.9
      vertex 69.6344 53.1981 13.9
    endloop
  endfacet
  facet normal 0 0 1
    outer loop
      vertex 70.3653 51.8749 13.9
      vertex 69.4137 53.0344 13.9
      vertex 70.2708 51.7892 13.9
    endloop
  endfacet
  facet normal -0 0 1
    outer loop
      vertex 69.2101 52.8499 13.9
      vertex 70.2708 51.7892 13.9
      vertex 69.4137 53.0344 13.9
    endloop
  endfacet
  facet normal 0 0 1
    outer loop
      vertex 70.2708 51.7892 13.9
      vertex 69.2101 52.8499 13.9
      vertex 70.1851 51.6947 13.9
    endloop
  endfacet
  facet normal -0 0 1
    outer loop
      vertex 69.0256 52.6463 13.9
      vertex 70.1851 51.6947 13.9
      vertex 69.2101 52.8499 13.9
    endloop
  endfacet
  facet normal 0 0 1
    outer loop
      vertex 70.1851 51.6947 13.9
      vertex 69.0256 52.6463 13.9
      vertex 70.1091 51.5922 13.9
    endloop
  endfacet
  facet normal 0 0 1
    outer loop
      vertex 70.1091 51.5922 13.9
      vertex 68.8619 52.4256 13.9
      vertex 70.0435 51.4828 13.9
    endloop
  endfacet
  facet normal -0 0 1
    outer loop
      vertex 68.8619 52.4256 13.9
      vertex 70.1091 51.5922 13.9
      vertex 69.0256 52.6463 13.9
    endloop
  endfacet
  facet normal -0 0 1
    outer loop
      vertex 72.2709 50.1478 13.9
      vertex 73.5181 49.3144 13.9
      vertex 72.3365 50.2572 13.9
    endloop
  endfacet
  facet normal 0 0 1
    outer loop
      vertex 73.5181 49.3144 13.9
      vertex 72.2709 50.1478 13.9
      vertex 73.3544 49.0937 13.9
    endloop
  endfacet
  facet normal -0 0 1
    outer loop
      vertex 72.1949 50.0453 13.9
      vertex 73.3544 49.0937 13.9
      vertex 72.2709 50.1478 13.9
    endloop
  endfacet
  facet normal 0 0 1
    outer loop
      vertex 73.3544 49.0937 13.9
      vertex 72.1949 50.0453 13.9
      vertex 73.1699 48.8901 13.9
    endloop
  endfacet
  facet normal -0 0 1
    outer loop
      vertex 72.1092 49.9508 13.9
      vertex 73.1699 48.8901 13.9
      vertex 72.1949 50.0453 13.9
    endloop
  endfacet
  facet normal 0 0 1
    outer loop
      vertex 73.1699 48.8901 13.9
      vertex 72.1092 49.9508 13.9
      vertex 72.9663 48.7056 13.9
    endloop
  endfacet
  facet normal -0 0 1
    outer loop
      vertex 72.0147 49.8651 13.9
      vertex 72.9663 48.7056 13.9
      vertex 72.1092 49.9508 13.9
    endloop
  endfacet
  facet normal 0 0 1
    outer loop
      vertex 72.9663 48.7056 13.9
      vertex 72.0147 49.8651 13.9
      vertex 72.7456 48.5419 13.9
    endloop
  endfacet
  facet normal -0 0 1
    outer loop
      vertex 71.9122 49.7891 13.9
      vertex 72.7456 48.5419 13.9
      vertex 72.0147 49.8651 13.9
    endloop
  endfacet
  facet normal 0 0 1
    outer loop
      vertex 72.7456 48.5419 13.9
      vertex 71.9122 49.7891 13.9
      vertex 72.5099 48.4006 13.9
    endloop
  endfacet
  facet normal -0 0 1
    outer loop
      vertex 71.8028 49.7235 13.9
      vertex 72.5099 48.4006 13.9
      vertex 71.9122 49.7891 13.9
    endloop
  endfacet
  facet normal 0 0 1
    outer loop
      vertex 72.5099 48.4006 13.9
      vertex 71.8028 49.7235 13.9
      vertex 72.2615 48.2831 13.9
    endloop
  endfacet
  facet normal -0 0 1
    outer loop
      vertex 71.6875 49.669 13.9
      vertex 72.2615 48.2831 13.9
      vertex 71.8028 49.7235 13.9
    endloop
  endfacet
  facet normal 0 0 1
    outer loop
      vertex 72.2615 48.2831 13.9
      vertex 71.6875 49.669 13.9
      vertex 72.0028 48.1906 13.9
    endloop
  endfacet
  facet normal -0 0 1
    outer loop
      vertex 71.5674 49.626 13.9
      vertex 72.0028 48.1906 13.9
      vertex 71.6875 49.669 13.9
    endloop
  endfacet
  facet normal 0 0 1
    outer loop
      vertex 72.0028 48.1906 13.9
      vertex 71.5674 49.626 13.9
      vertex 71.7363 48.1238 13.9
    endloop
  endfacet
  facet normal -0 0 1
    outer loop
      vertex 71.4436 49.595 13.9
      vertex 71.7363 48.1238 13.9
      vertex 71.5674 49.626 13.9
    endloop
  endfacet
  facet normal 0 0 1
    outer loop
      vertex 71.7363 48.1238 13.9
      vertex 71.4436 49.595 13.9
      vertex 71.4644 48.0835 13.9
    endloop
  endfacet
  facet normal -0 0 1
    outer loop
      vertex 71.3174 49.5763 13.9
      vertex 71.4644 48.0835 13.9
      vertex 71.4436 49.595 13.9
    endloop
  endfacet
  facet normal -0 0 1
    outer loop
      vertex 71.19 49.57 13.9
      vertex 71.4644 48.0835 13.9
      vertex 71.3174 49.5763 13.9
    endloop
  endfacet
  facet normal 0 0 1
    outer loop
      vertex 71.19 49.57 13.9
      vertex 71.19 48.07 13.9
      vertex 71.4644 48.0835 13.9
    endloop
  endfacet
  facet normal 0 0 1
    outer loop
      vertex 71.0626 49.5763 13.9
      vertex 71.19 48.07 13.9
      vertex 71.19 49.57 13.9
    endloop
  endfacet
  facet normal 0 0 1
    outer loop
      vertex 70.9156 48.0835 13.9
      vertex 71.0626 49.5763 13.9
      vertex 70.9364 49.595 13.9
    endloop
  endfacet
  facet normal 0 0 1
    outer loop
      vertex 71.0626 49.5763 13.9
      vertex 70.9156 48.0835 13.9
      vertex 71.19 48.07 13.9
    endloop
  endfacet
  facet normal 0 0 1
    outer loop
      vertex 70.6437 48.1238 13.9
      vertex 70.9364 49.595 13.9
      vertex 70.8126 49.626 13.9
    endloop
  endfacet
  facet normal 0 0 1
    outer loop
      vertex 70.3772 48.1906 13.9
      vertex 70.8126 49.626 13.9
      vertex 70.6925 49.669 13.9
    endloop
  endfacet
  facet normal 0 0 1
    outer loop
      vertex 70.9364 49.595 13.9
      vertex 70.6437 48.1238 13.9
      vertex 70.9156 48.0835 13.9
    endloop
  endfacet
  facet normal 0 0 1
    outer loop
      vertex 70.1185 48.2831 13.9
      vertex 70.6925 49.669 13.9
      vertex 70.5772 49.7235 13.9
    endloop
  endfacet
  facet normal 0 0 1
    outer loop
      vertex 69.8701 48.4006 13.9
      vertex 70.5772 49.7235 13.9
      vertex 70.4678 49.7891 13.9
    endloop
  endfacet
  facet normal 0 0 1
    outer loop
      vertex 70.8126 49.626 13.9
      vertex 70.3772 48.1906 13.9
      vertex 70.6437 48.1238 13.9
    endloop
  endfacet
  facet normal 0 0 1
    outer loop
      vertex 69.6344 48.5419 13.9
      vertex 70.4678 49.7891 13.9
      vertex 70.3653 49.8651 13.9
    endloop
  endfacet
  facet normal 0 0 1
    outer loop
      vertex 69.4137 48.7056 13.9
      vertex 70.3653 49.8651 13.9
      vertex 70.2708 49.9508 13.9
    endloop
  endfacet
  facet normal 0 0 1
    outer loop
      vertex 69.2101 48.8901 13.9
      vertex 70.2708 49.9508 13.9
      vertex 70.1851 50.0453 13.9
    endloop
  endfacet
  facet normal 0 0 1
    outer loop
      vertex 70.6925 49.669 13.9
      vertex 70.1185 48.2831 13.9
      vertex 70.3772 48.1906 13.9
    endloop
  endfacet
  facet normal 0 0 1
    outer loop
      vertex 69.0256 49.0937 13.9
      vertex 70.1851 50.0453 13.9
      vertex 70.1091 50.1478 13.9
    endloop
  endfacet
  facet normal 0 0 1
    outer loop
      vertex 68.8619 49.3144 13.9
      vertex 70.1091 50.1478 13.9
      vertex 70.0435 50.2572 13.9
    endloop
  endfacet
  facet normal 0 0 1
    outer loop
      vertex 68.7206 49.5501 13.9
      vertex 70.0435 50.2572 13.9
      vertex 69.989 50.3725 13.9
    endloop
  endfacet
  facet normal 0 0 1
    outer loop
      vertex 68.6031 49.7985 13.9
      vertex 69.989 50.3725 13.9
      vertex 69.946 50.4926 13.9
    endloop
  endfacet
  facet normal 0 0 1
    outer loop
      vertex 68.5106 50.0572 13.9
      vertex 69.946 50.4926 13.9
      vertex 69.915 50.6164 13.9
    endloop
  endfacet
  facet normal 0 0 1
    outer loop
      vertex 68.4438 50.3237 13.9
      vertex 69.915 50.6164 13.9
      vertex 69.8963 50.7426 13.9
    endloop
  endfacet
  facet normal 0 0 1
    outer loop
      vertex 70.5772 49.7235 13.9
      vertex 69.8701 48.4006 13.9
      vertex 70.1185 48.2831 13.9
    endloop
  endfacet
  facet normal 0 0 1
    outer loop
      vertex 68.4035 50.5956 13.9
      vertex 69.8963 50.7426 13.9
      vertex 69.89 50.87 13.9
    endloop
  endfacet
  facet normal -0 0 1
    outer loop
      vertex 68.7206 52.1899 13.9
      vertex 70.0435 51.4828 13.9
      vertex 68.8619 52.4256 13.9
    endloop
  endfacet
  facet normal 0 0 1
    outer loop
      vertex 70.0435 51.4828 13.9
      vertex 68.7206 52.1899 13.9
      vertex 69.989 51.3675 13.9
    endloop
  endfacet
  facet normal 0 0 1
    outer loop
      vertex 70.4678 49.7891 13.9
      vertex 69.6344 48.5419 13.9
      vertex 69.8701 48.4006 13.9
    endloop
  endfacet
  facet normal -0 0 1
    outer loop
      vertex 68.6031 51.9415 13.9
      vertex 69.989 51.3675 13.9
      vertex 68.7206 52.1899 13.9
    endloop
  endfacet
  facet normal 0 0 1
    outer loop
      vertex 70.3653 49.8651 13.9
      vertex 69.4137 48.7056 13.9
      vertex 69.6344 48.5419 13.9
    endloop
  endfacet
  facet normal 0 0 1
    outer loop
      vertex 69.989 51.3675 13.9
      vertex 68.6031 51.9415 13.9
      vertex 69.946 51.2474 13.9
    endloop
  endfacet
  facet normal 0 0 1
    outer loop
      vertex 70.2708 49.9508 13.9
      vertex 69.2101 48.8901 13.9
      vertex 69.4137 48.7056 13.9
    endloop
  endfacet
  facet normal -0 0 1
    outer loop
      vertex 68.5106 51.6828 13.9
      vertex 69.946 51.2474 13.9
      vertex 68.6031 51.9415 13.9
    endloop
  endfacet
  facet normal 0 0 1
    outer loop
      vertex 70.1851 50.0453 13.9
      vertex 69.0256 49.0937 13.9
      vertex 69.2101 48.8901 13.9
    endloop
  endfacet
  facet normal 0 0 1
    outer loop
      vertex 69.946 51.2474 13.9
      vertex 68.5106 51.6828 13.9
      vertex 69.915 51.1236 13.9
    endloop
  endfacet
  facet normal 0 0 1
    outer loop
      vertex 70.1091 50.1478 13.9
      vertex 68.8619 49.3144 13.9
      vertex 69.0256 49.0937 13.9
    endloop
  endfacet
  facet normal -0 0 1
    outer loop
      vertex 68.4438 51.4163 13.9
      vertex 69.915 51.1236 13.9
      vertex 68.5106 51.6828 13.9
    endloop
  endfacet
  facet normal 0 0 1
    outer loop
      vertex 70.0435 50.2572 13.9
      vertex 68.7206 49.5501 13.9
      vertex 68.8619 49.3144 13.9
    endloop
  endfacet
  facet normal 0 0 1
    outer loop
      vertex 69.915 51.1236 13.9
      vertex 68.4438 51.4163 13.9
      vertex 69.8963 50.9974 13.9
    endloop
  endfacet
  facet normal 0 0 1
    outer loop
      vertex 69.989 50.3725 13.9
      vertex 68.6031 49.7985 13.9
      vertex 68.7206 49.5501 13.9
    endloop
  endfacet
  facet normal -0 0 1
    outer loop
      vertex 68.4035 51.1444 13.9
      vertex 69.8963 50.9974 13.9
      vertex 68.4438 51.4163 13.9
    endloop
  endfacet
  facet normal 0 0 1
    outer loop
      vertex 69.946 50.4926 13.9
      vertex 68.5106 50.0572 13.9
      vertex 68.6031 49.7985 13.9
    endloop
  endfacet
  facet normal 0 0 1
    outer loop
      vertex 69.8963 50.9974 13.9
      vertex 68.4035 51.1444 13.9
      vertex 69.89 50.87 13.9
    endloop
  endfacet
  facet normal 0 0 1
    outer loop
      vertex 69.915 50.6164 13.9
      vertex 68.4438 50.3237 13.9
      vertex 68.5106 50.0572 13.9
    endloop
  endfacet
  facet normal 0 0 1
    outer loop
      vertex 68.39 50.87 13.9
      vertex 69.89 50.87 13.9
      vertex 68.4035 51.1444 13.9
    endloop
  endfacet
  facet normal 0 0 1
    outer loop
      vertex 69.8963 50.7426 13.9
      vertex 68.4035 50.5956 13.9
      vertex 68.4438 50.3237 13.9
    endloop
  endfacet
  facet normal 0 0 1
    outer loop
      vertex 69.89 50.87 13.9
      vertex 68.39 50.87 13.9
      vertex 68.4035 50.5956 13.9
    endloop
  endfacet
  facet normal -0.941618 0.336682 0
    outer loop
      vertex 68.5106 51.6828 2.4
      vertex 68.6031 51.9415 13.9
      vertex 68.6031 51.9415 2.4
    endloop
  endfacet
  facet normal -0.941618 0.336682 0
    outer loop
      vertex 68.6031 51.9415 13.9
      vertex 68.5106 51.6828 2.4
      vertex 68.5106 51.6828 13.9
    endloop
  endfacet
  facet normal -0.969992 0.243135 0
    outer loop
      vertex 68.4438 51.4163 2.4
      vertex 68.5106 51.6828 13.9
      vertex 68.5106 51.6828 2.4
    endloop
  endfacet
  facet normal -0.969992 0.243135 0
    outer loop
      vertex 68.5106 51.6828 13.9
      vertex 68.4438 51.4163 2.4
      vertex 68.4438 51.4163 13.9
    endloop
  endfacet
  facet normal -0.74101 0.671494 0
    outer loop
      vertex 69.0256 52.6463 2.4
      vertex 69.2101 52.8499 13.9
      vertex 69.2101 52.8499 2.4
    endloop
  endfacet
  facet normal -0.74101 0.671494 0
    outer loop
      vertex 69.2101 52.8499 13.9
      vertex 69.0256 52.6463 2.4
      vertex 69.0256 52.6463 13.9
    endloop
  endfacet
  facet normal 0.336682 0.941618 -0
    outer loop
      vertex 72.2615 53.4569 2.4
      vertex 72.0028 53.5494 13.9
      vertex 72.2615 53.4569 13.9
    endloop
  endfacet
  facet normal 0.336682 0.941618 0
    outer loop
      vertex 72.0028 53.5494 13.9
      vertex 72.2615 53.4569 2.4
      vertex 72.0028 53.5494 2.4
    endloop
  endfacet
  facet normal 0.989194 -0.146615 0
    outer loop
      vertex 73.9362 50.3237 13.9
      vertex 73.9765 50.5956 2.4
      vertex 73.9765 50.5956 13.9
    endloop
  endfacet
  facet normal 0.989194 -0.146615 0
    outer loop
      vertex 73.9765 50.5956 2.4
      vertex 73.9362 50.3237 13.9
      vertex 73.9362 50.3237 2.4
    endloop
  endfacet
  facet normal 0.803177 0.595741 0
    outer loop
      vertex 73.5181 52.4256 13.9
      vertex 73.3544 52.6463 2.4
      vertex 73.3544 52.6463 13.9
    endloop
  endfacet
  facet normal 0.803177 0.595741 0
    outer loop
      vertex 73.3544 52.6463 2.4
      vertex 73.5181 52.4256 13.9
      vertex 73.5181 52.4256 2.4
    endloop
  endfacet
  facet normal 0.941618 0.336682 0
    outer loop
      vertex 73.8694 51.6828 13.9
      vertex 73.7769 51.9415 2.4
      vertex 73.7769 51.9415 13.9
    endloop
  endfacet
  facet normal 0.941618 0.336682 0
    outer loop
      vertex 73.7769 51.9415 2.4
      vertex 73.8694 51.6828 13.9
      vertex 73.8694 51.6828 2.4
    endloop
  endfacet
  facet normal -0.0491388 0.998792 0
    outer loop
      vertex 71.19 53.67 2.4
      vertex 70.9156 53.6565 13.9
      vertex 71.19 53.67 13.9
    endloop
  endfacet
  facet normal -0.0491073 0.998794 7.52714e-07
    outer loop
      vertex 70.95 53.6582 2.4
      vertex 70.9156 53.6565 13.9
      vertex 71.19 53.67 2.4
    endloop
  endfacet
  facet normal -0.0493584 0.998781 0
    outer loop
      vertex 70.9156 53.6565 13.9
      vertex 70.95 53.6582 2.4
      vertex 70.9156 53.6565 2.4
    endloop
  endfacet
  facet normal -0.514175 0.857686 0
    outer loop
      vertex 69.8701 53.3394 2.4
      vertex 69.6344 53.1981 13.9
      vertex 69.8701 53.3394 13.9
    endloop
  endfacet
  facet normal -0.514175 0.857686 0
    outer loop
      vertex 69.6344 53.1981 13.9
      vertex 69.8701 53.3394 2.4
      vertex 69.6344 53.1981 2.4
    endloop
  endfacet
  facet normal -0.336682 0.941618 0
    outer loop
      vertex 70.3772 53.5494 2.4
      vertex 70.1185 53.4569 13.9
      vertex 70.3772 53.5494 13.9
    endloop
  endfacet
  facet normal -0.336682 0.941618 0
    outer loop
      vertex 70.1185 53.4569 13.9
      vertex 70.3772 53.5494 2.4
      vertex 70.1185 53.4569 2.4
    endloop
  endfacet
  facet normal -0.989194 0.146615 0
    outer loop
      vertex 68.4035 51.1444 2.4
      vertex 68.4438 51.4163 13.9
      vertex 68.4438 51.4163 2.4
    endloop
  endfacet
  facet normal -0.989194 0.146615 0
    outer loop
      vertex 68.4438 51.4163 13.9
      vertex 68.4035 51.1444 2.4
      vertex 68.4035 51.1444 13.9
    endloop
  endfacet
  facet normal -0.998792 0.0491388 0
    outer loop
      vertex 68.39 50.87 2.4
      vertex 68.4035 51.1444 13.9
      vertex 68.4035 51.1444 2.4
    endloop
  endfacet
  facet normal -0.998792 0.0491388 0
    outer loop
      vertex 68.4035 51.1444 13.9
      vertex 68.39 50.87 2.4
      vertex 68.39 50.87 13.9
    endloop
  endfacet
  facet normal -0.857686 0.514175 0
    outer loop
      vertex 68.7206 52.1899 2.4
      vertex 68.8619 52.4256 13.9
      vertex 68.8619 52.4256 2.4
    endloop
  endfacet
  facet normal -0.857686 0.514175 0
    outer loop
      vertex 68.8619 52.4256 13.9
      vertex 68.7206 52.1899 2.4
      vertex 68.7206 52.1899 13.9
    endloop
  endfacet
  facet normal -0.904069 0.427386 0
    outer loop
      vertex 68.6261 51.99 2.4
      vertex 68.7206 52.1899 13.9
      vertex 68.7206 52.1899 2.4
    endloop
  endfacet
  facet normal -0.903548 0.428487 0
    outer loop
      vertex 68.6031 51.9415 13.9
      vertex 68.6261 51.99 2.4
      vertex 68.6031 51.9415 2.4
    endloop
  endfacet
  facet normal -0.903967 0.427601 -4.57268e-06
    outer loop
      vertex 68.6261 51.99 2.4
      vertex 68.6031 51.9415 13.9
      vertex 68.7206 52.1899 13.9
    endloop
  endfacet
  facet normal 0.243135 0.969992 -0
    outer loop
      vertex 72.0028 53.5494 2.4
      vertex 71.7363 53.6162 13.9
      vertex 72.0028 53.5494 13.9
    endloop
  endfacet
  facet normal 0.243135 0.969992 0
    outer loop
      vertex 71.7363 53.6162 13.9
      vertex 72.0028 53.5494 2.4
      vertex 71.7363 53.6162 2.4
    endloop
  endfacet
  facet normal 0.146615 0.989194 -0
    outer loop
      vertex 71.7363 53.6162 2.4
      vertex 71.4644 53.6565 13.9
      vertex 71.7363 53.6162 13.9
    endloop
  endfacet
  facet normal 0.146615 0.989194 0
    outer loop
      vertex 71.4644 53.6565 13.9
      vertex 71.7363 53.6162 2.4
      vertex 71.4644 53.6565 2.4
    endloop
  endfacet
  facet normal 0.74101 0.671494 0
    outer loop
      vertex 73.3544 52.6463 13.9
      vertex 73.1699 52.8499 2.4
      vertex 73.1699 52.8499 13.9
    endloop
  endfacet
  facet normal 0.74101 0.671494 0
    outer loop
      vertex 73.1699 52.8499 2.4
      vertex 73.3544 52.6463 13.9
      vertex 73.3544 52.6463 2.4
    endloop
  endfacet
  facet normal 0.595741 0.803177 -0
    outer loop
      vertex 72.9663 53.0344 2.4
      vertex 72.7456 53.1981 13.9
      vertex 72.9663 53.0344 13.9
    endloop
  endfacet
  facet normal 0.595741 0.803177 0
    outer loop
      vertex 72.7456 53.1981 13.9
      vertex 72.9663 53.0344 2.4
      vertex 72.7456 53.1981 2.4
    endloop
  endfacet
  facet normal 0.514175 0.857686 -0
    outer loop
      vertex 72.7456 53.1981 2.4
      vertex 72.5099 53.3394 13.9
      vertex 72.7456 53.1981 13.9
    endloop
  endfacet
  facet normal 0.514175 0.857686 0
    outer loop
      vertex 72.5099 53.3394 13.9
      vertex 72.7456 53.1981 2.4
      vertex 72.5099 53.3394 2.4
    endloop
  endfacet
  facet normal -0.595741 0.803177 0
    outer loop
      vertex 69.6344 53.1981 2.4
      vertex 69.4137 53.0344 13.9
      vertex 69.6344 53.1981 13.9
    endloop
  endfacet
  facet normal -0.595741 0.803177 0
    outer loop
      vertex 69.4137 53.0344 13.9
      vertex 69.6344 53.1981 2.4
      vertex 69.4137 53.0344 2.4
    endloop
  endfacet
  facet normal -0.427601 0.903967 0
    outer loop
      vertex 70.1185 53.4569 2.4
      vertex 69.8701 53.3394 13.9
      vertex 70.1185 53.4569 13.9
    endloop
  endfacet
  facet normal -0.427601 0.903967 0
    outer loop
      vertex 69.8701 53.3394 13.9
      vertex 70.1185 53.4569 2.4
      vertex 69.8701 53.3394 2.4
    endloop
  endfacet
  facet normal -0.243135 0.969992 0
    outer loop
      vertex 70.6437 53.6162 2.4
      vertex 70.3772 53.5494 13.9
      vertex 70.6437 53.6162 13.9
    endloop
  endfacet
  facet normal -0.243135 0.969992 0
    outer loop
      vertex 70.3772 53.5494 13.9
      vertex 70.6437 53.6162 2.4
      vertex 70.3772 53.5494 2.4
    endloop
  endfacet
  facet normal -0.146615 0.989194 0
    outer loop
      vertex 70.9156 53.6565 2.4
      vertex 70.6437 53.6162 13.9
      vertex 70.9156 53.6565 13.9
    endloop
  endfacet
  facet normal -0.146615 0.989194 0
    outer loop
      vertex 70.6437 53.6162 13.9
      vertex 70.9156 53.6565 2.4
      vertex 70.6437 53.6162 2.4
    endloop
  endfacet
  facet normal -0.337081 0.941476 0
    outer loop
      vertex 70.8126 52.114 13.9
      vertex 70.6925 52.071 16.1
      vertex 70.8126 52.114 16.1
    endloop
  endfacet
  facet normal -0.337081 0.941476 0
    outer loop
      vertex 70.6925 52.071 16.1
      vertex 70.8126 52.114 13.9
      vertex 70.6925 52.071 13.9
    endloop
  endfacet
  facet normal 0.514265 -0.857631 0
    outer loop
      vertex 71.8028 49.7235 13.9
      vertex 71.9122 49.7891 16.1
      vertex 71.8028 49.7235 16.1
    endloop
  endfacet
  facet normal 0.514265 -0.857631 0
    outer loop
      vertex 71.9122 49.7891 16.1
      vertex 71.8028 49.7235 13.9
      vertex 71.9122 49.7891 13.9
    endloop
  endfacet
  facet normal -0.337081 -0.941476 0
    outer loop
      vertex 70.6925 49.669 13.9
      vertex 70.8126 49.626 16.1
      vertex 70.6925 49.669 16.1
    endloop
  endfacet
  facet normal -0.337081 -0.941476 -0
    outer loop
      vertex 70.8126 49.626 16.1
      vertex 70.6925 49.669 13.9
      vertex 70.8126 49.626 13.9
    endloop
  endfacet
  facet normal -0.904089 -0.427345 0
    outer loop
      vertex 70.0435 50.2572 13.9
      vertex 69.989 50.3725 16.1
      vertex 69.989 50.3725 13.9
    endloop
  endfacet
  facet normal -0.904089 -0.427345 0
    outer loop
      vertex 69.989 50.3725 16.1
      vertex 70.0435 50.2572 13.9
      vertex 70.0435 50.2572 16.1
    endloop
  endfacet
  facet normal -0.904089 0.427345 0
    outer loop
      vertex 69.989 51.3675 13.9
      vertex 70.0435 51.4828 16.1
      vertex 70.0435 51.4828 13.9
    endloop
  endfacet
  facet normal -0.904089 0.427345 0
    outer loop
      vertex 70.0435 51.4828 16.1
      vertex 69.989 51.3675 13.9
      vertex 69.989 51.3675 16.1
    endloop
  endfacet
  facet normal 0.97005 -0.242904 0
    outer loop
      vertex 72.434 50.4926 16.1
      vertex 72.465 50.6164 13.9
      vertex 72.465 50.6164 16.1
    endloop
  endfacet
  facet normal 0.97005 -0.242904 0
    outer loop
      vertex 72.465 50.6164 13.9
      vertex 72.434 50.4926 16.1
      vertex 72.434 50.4926 13.9
    endloop
  endfacet
  facet normal 0.941476 -0.337081 0
    outer loop
      vertex 72.391 50.3725 16.1
      vertex 72.434 50.4926 13.9
      vertex 72.434 50.4926 16.1
    endloop
  endfacet
  facet normal 0.941476 -0.337081 0
    outer loop
      vertex 72.434 50.4926 13.9
      vertex 72.391 50.3725 16.1
      vertex 72.391 50.3725 13.9
    endloop
  endfacet
  facet normal 0.740755 -0.671775 0
    outer loop
      vertex 72.1092 49.9508 16.1
      vertex 72.1949 50.0453 13.9
      vertex 72.1949 50.0453 16.1
    endloop
  endfacet
  facet normal 0.740755 -0.671775 0
    outer loop
      vertex 72.1949 50.0453 13.9
      vertex 72.1092 49.9508 16.1
      vertex 72.1092 49.9508 13.9
    endloop
  endfacet
  facet normal 0.427345 -0.904089 0
    outer loop
      vertex 71.6875 49.669 13.9
      vertex 71.8028 49.7235 16.1
      vertex 71.6875 49.669 16.1
    endloop
  endfacet
  facet normal 0.427345 -0.904089 0
    outer loop
      vertex 71.8028 49.7235 16.1
      vertex 71.6875 49.669 13.9
      vertex 71.8028 49.7235 13.9
    endloop
  endfacet
  facet normal 0.242904 -0.97005 0
    outer loop
      vertex 71.4436 49.595 13.9
      vertex 71.5674 49.626 16.1
      vertex 71.4436 49.595 16.1
    endloop
  endfacet
  facet normal 0.242904 -0.97005 0
    outer loop
      vertex 71.5674 49.626 16.1
      vertex 71.4436 49.595 13.9
      vertex 71.5674 49.626 13.9
    endloop
  endfacet
  facet normal -0.595602 -0.803279 0
    outer loop
      vertex 70.3653 49.8651 13.9
      vertex 70.4678 49.7891 16.1
      vertex 70.3653 49.8651 16.1
    endloop
  endfacet
  facet normal -0.595602 -0.803279 -0
    outer loop
      vertex 70.4678 49.7891 16.1
      vertex 70.3653 49.8651 13.9
      vertex 70.4678 49.7891 13.9
    endloop
  endfacet
  facet normal 0.989199 0.146577 0
    outer loop
      vertex 72.4837 50.9974 16.1
      vertex 72.465 51.1236 13.9
      vertex 72.465 51.1236 16.1
    endloop
  endfacet
  facet normal 0.989199 0.146577 0
    outer loop
      vertex 72.465 51.1236 13.9
      vertex 72.4837 50.9974 16.1
      vertex 72.4837 50.9974 13.9
    endloop
  endfacet
  facet normal 0.941476 0.337081 0
    outer loop
      vertex 72.434 51.2474 16.1
      vertex 72.391 51.3675 13.9
      vertex 72.391 51.3675 16.1
    endloop
  endfacet
  facet normal 0.941476 0.337081 0
    outer loop
      vertex 72.391 51.3675 13.9
      vertex 72.434 51.2474 16.1
      vertex 72.434 51.2474 13.9
    endloop
  endfacet
  facet normal 0.242904 0.97005 -0
    outer loop
      vertex 71.5674 52.114 13.9
      vertex 71.4436 52.145 16.1
      vertex 71.5674 52.114 16.1
    endloop
  endfacet
  facet normal 0.242904 0.97005 0
    outer loop
      vertex 71.4436 52.145 16.1
      vertex 71.5674 52.114 13.9
      vertex 71.4436 52.145 13.9
    endloop
  endfacet
  facet normal 0.740755 0.671775 0
    outer loop
      vertex 72.1949 51.6947 16.1
      vertex 72.1092 51.7892 13.9
      vertex 72.1092 51.7892 16.1
    endloop
  endfacet
  facet normal 0.740755 0.671775 0
    outer loop
      vertex 72.1092 51.7892 13.9
      vertex 72.1949 51.6947 16.1
      vertex 72.1949 51.6947 13.9
    endloop
  endfacet
  facet normal 0.989199 -0.146577 0
    outer loop
      vertex 72.465 50.6164 16.1
      vertex 72.4837 50.7426 13.9
      vertex 72.4837 50.7426 16.1
    endloop
  endfacet
  facet normal 0.989199 -0.146577 0
    outer loop
      vertex 72.4837 50.7426 13.9
      vertex 72.465 50.6164 16.1
      vertex 72.465 50.6164 13.9
    endloop
  endfacet
  facet normal 0.904089 -0.427345 0
    outer loop
      vertex 72.3365 50.2572 16.1
      vertex 72.391 50.3725 13.9
      vertex 72.391 50.3725 16.1
    endloop
  endfacet
  facet normal 0.904089 -0.427345 0
    outer loop
      vertex 72.391 50.3725 13.9
      vertex 72.3365 50.2572 16.1
      vertex 72.3365 50.2572 13.9
    endloop
  endfacet
  facet normal 0.857631 -0.514265 0
    outer loop
      vertex 72.2709 50.1478 16.1
      vertex 72.3365 50.2572 13.9
      vertex 72.3365 50.2572 16.1
    endloop
  endfacet
  facet normal 0.857631 -0.514265 0
    outer loop
      vertex 72.3365 50.2572 13.9
      vertex 72.2709 50.1478 16.1
      vertex 72.2709 50.1478 13.9
    endloop
  endfacet
  facet normal 0.803279 -0.595602 0
    outer loop
      vertex 72.1949 50.0453 16.1
      vertex 72.2709 50.1478 13.9
      vertex 72.2709 50.1478 16.1
    endloop
  endfacet
  facet normal 0.803279 -0.595602 0
    outer loop
      vertex 72.2709 50.1478 13.9
      vertex 72.1949 50.0453 16.1
      vertex 72.1949 50.0453 13.9
    endloop
  endfacet
  facet normal 0.671775 -0.740755 0
    outer loop
      vertex 72.0147 49.8651 13.9
      vertex 72.1092 49.9508 16.1
      vertex 72.0147 49.8651 16.1
    endloop
  endfacet
  facet normal 0.671775 -0.740755 0
    outer loop
      vertex 72.1092 49.9508 16.1
      vertex 72.0147 49.8651 13.9
      vertex 72.1092 49.9508 13.9
    endloop
  endfacet
  facet normal 0.0493902 -0.99878 0
    outer loop
      vertex 71.19 49.57 13.9
      vertex 71.3174 49.5763 16.1
      vertex 71.19 49.57 16.1
    endloop
  endfacet
  facet normal 0.0493902 -0.99878 0
    outer loop
      vertex 71.3174 49.5763 16.1
      vertex 71.19 49.57 13.9
      vertex 71.3174 49.5763 13.9
    endloop
  endfacet
  facet normal 0.337081 -0.941476 0
    outer loop
      vertex 71.5674 49.626 13.9
      vertex 71.6875 49.669 16.1
      vertex 71.5674 49.626 16.1
    endloop
  endfacet
  facet normal 0.337081 -0.941476 0
    outer loop
      vertex 71.6875 49.669 16.1
      vertex 71.5674 49.626 13.9
      vertex 71.6875 49.669 13.9
    endloop
  endfacet
  facet normal -0.99878 -0.0493902 0
    outer loop
      vertex 69.8963 50.7426 13.9
      vertex 69.89 50.87 16.1
      vertex 69.89 50.87 13.9
    endloop
  endfacet
  facet normal -0.99878 -0.0493902 0
    outer loop
      vertex 69.89 50.87 16.1
      vertex 69.8963 50.7426 13.9
      vertex 69.8963 50.7426 16.1
    endloop
  endfacet
  facet normal -0.97005 -0.242904 0
    outer loop
      vertex 69.946 50.4926 13.9
      vertex 69.915 50.6164 16.1
      vertex 69.915 50.6164 13.9
    endloop
  endfacet
  facet normal -0.97005 -0.242904 0
    outer loop
      vertex 69.915 50.6164 16.1
      vertex 69.946 50.4926 13.9
      vertex 69.946 50.4926 16.1
    endloop
  endfacet
  facet normal -0.989199 -0.146577 0
    outer loop
      vertex 69.915 50.6164 13.9
      vertex 69.8963 50.7426 16.1
      vertex 69.8963 50.7426 13.9
    endloop
  endfacet
  facet normal -0.989199 -0.146577 0
    outer loop
      vertex 69.8963 50.7426 16.1
      vertex 69.915 50.6164 13.9
      vertex 69.915 50.6164 16.1
    endloop
  endfacet
  facet normal -0.740755 -0.671775 0
    outer loop
      vertex 70.2708 49.9508 13.9
      vertex 70.1851 50.0453 16.1
      vertex 70.1851 50.0453 13.9
    endloop
  endfacet
  facet normal -0.740755 -0.671775 0
    outer loop
      vertex 70.1851 50.0453 16.1
      vertex 70.2708 49.9508 13.9
      vertex 70.2708 49.9508 16.1
    endloop
  endfacet
  facet normal -0.803279 -0.595602 0
    outer loop
      vertex 70.1851 50.0453 13.9
      vertex 70.1091 50.1478 16.1
      vertex 70.1091 50.1478 13.9
    endloop
  endfacet
  facet normal -0.803279 -0.595602 0
    outer loop
      vertex 70.1091 50.1478 16.1
      vertex 70.1851 50.0453 13.9
      vertex 70.1851 50.0453 16.1
    endloop
  endfacet
  facet normal -0.0493902 -0.99878 0
    outer loop
      vertex 71.0626 49.5763 13.9
      vertex 71.19 49.57 16.1
      vertex 71.0626 49.5763 16.1
    endloop
  endfacet
  facet normal -0.0493902 -0.99878 -0
    outer loop
      vertex 71.19 49.57 16.1
      vertex 71.0626 49.5763 13.9
      vertex 71.19 49.57 13.9
    endloop
  endfacet
  facet normal -0.146577 -0.989199 0
    outer loop
      vertex 70.9364 49.595 13.9
      vertex 71.0626 49.5763 16.1
      vertex 70.9364 49.595 16.1
    endloop
  endfacet
  facet normal -0.146577 -0.989199 -0
    outer loop
      vertex 71.0626 49.5763 16.1
      vertex 70.9364 49.595 13.9
      vertex 71.0626 49.5763 13.9
    endloop
  endfacet
  facet normal -0.427345 -0.904089 0
    outer loop
      vertex 70.5772 49.7235 13.9
      vertex 70.6925 49.669 16.1
      vertex 70.5772 49.7235 16.1
    endloop
  endfacet
  facet normal -0.427345 -0.904089 -0
    outer loop
      vertex 70.6925 49.669 16.1
      vertex 70.5772 49.7235 13.9
      vertex 70.6925 49.669 13.9
    endloop
  endfacet
  facet normal -0.514265 -0.857631 0
    outer loop
      vertex 70.4678 49.7891 13.9
      vertex 70.5772 49.7235 16.1
      vertex 70.4678 49.7891 16.1
    endloop
  endfacet
  facet normal -0.514265 -0.857631 -0
    outer loop
      vertex 70.5772 49.7235 16.1
      vertex 70.4678 49.7891 13.9
      vertex 70.5772 49.7235 13.9
    endloop
  endfacet
  facet normal -0.671775 -0.740755 0
    outer loop
      vertex 70.2708 49.9508 13.9
      vertex 70.3653 49.8651 16.1
      vertex 70.2708 49.9508 16.1
    endloop
  endfacet
  facet normal -0.671775 -0.740755 -0
    outer loop
      vertex 70.3653 49.8651 16.1
      vertex 70.2708 49.9508 13.9
      vertex 70.3653 49.8651 13.9
    endloop
  endfacet
  facet normal 0.99878 -0.0493902 0
    outer loop
      vertex 72.4837 50.7426 16.1
      vertex 72.49 50.87 13.9
      vertex 72.49 50.87 16.1
    endloop
  endfacet
  facet normal 0.99878 -0.0493902 0
    outer loop
      vertex 72.49 50.87 13.9
      vertex 72.4837 50.7426 16.1
      vertex 72.4837 50.7426 13.9
    endloop
  endfacet
  facet normal 0.0493902 0.99878 -0
    outer loop
      vertex 71.3174 52.1637 13.9
      vertex 71.19 52.17 16.1
      vertex 71.3174 52.1637 16.1
    endloop
  endfacet
  facet normal 0.0493902 0.99878 0
    outer loop
      vertex 71.19 52.17 16.1
      vertex 71.3174 52.1637 13.9
      vertex 71.19 52.17 13.9
    endloop
  endfacet
  facet normal 0.99878 0.0493902 0
    outer loop
      vertex 72.49 50.87 16.1
      vertex 72.4837 50.9974 13.9
      vertex 72.4837 50.9974 16.1
    endloop
  endfacet
  facet normal 0.99878 0.0493902 0
    outer loop
      vertex 72.4837 50.9974 13.9
      vertex 72.49 50.87 16.1
      vertex 72.49 50.87 13.9
    endloop
  endfacet
  facet normal 0.97005 0.242904 0
    outer loop
      vertex 72.465 51.1236 16.1
      vertex 72.434 51.2474 13.9
      vertex 72.434 51.2474 16.1
    endloop
  endfacet
  facet normal 0.97005 0.242904 0
    outer loop
      vertex 72.434 51.2474 13.9
      vertex 72.465 51.1236 16.1
      vertex 72.465 51.1236 13.9
    endloop
  endfacet
  facet normal 0.146577 0.989199 -0
    outer loop
      vertex 71.4436 52.145 13.9
      vertex 71.3174 52.1637 16.1
      vertex 71.4436 52.145 16.1
    endloop
  endfacet
  facet normal 0.146577 0.989199 0
    outer loop
      vertex 71.3174 52.1637 16.1
      vertex 71.4436 52.145 13.9
      vertex 71.3174 52.1637 13.9
    endloop
  endfacet
  facet normal 0.671775 0.740755 -0
    outer loop
      vertex 72.1092 51.7892 13.9
      vertex 72.0147 51.8749 16.1
      vertex 72.1092 51.7892 16.1
    endloop
  endfacet
  facet normal 0.671775 0.740755 0
    outer loop
      vertex 72.0147 51.8749 16.1
      vertex 72.1092 51.7892 13.9
      vertex 72.0147 51.8749 13.9
    endloop
  endfacet
  facet normal 0.595602 0.803279 -0
    outer loop
      vertex 72.0147 51.8749 13.9
      vertex 71.9122 51.9509 16.1
      vertex 72.0147 51.8749 16.1
    endloop
  endfacet
  facet normal 0.595602 0.803279 0
    outer loop
      vertex 71.9122 51.9509 16.1
      vertex 72.0147 51.8749 13.9
      vertex 71.9122 51.9509 13.9
    endloop
  endfacet
  facet normal 0.803279 0.595602 0
    outer loop
      vertex 72.2709 51.5922 16.1
      vertex 72.1949 51.6947 13.9
      vertex 72.1949 51.6947 16.1
    endloop
  endfacet
  facet normal 0.803279 0.595602 0
    outer loop
      vertex 72.1949 51.6947 13.9
      vertex 72.2709 51.5922 16.1
      vertex 72.2709 51.5922 13.9
    endloop
  endfacet
  facet normal 0.904089 0.427345 0
    outer loop
      vertex 72.391 51.3675 16.1
      vertex 72.3365 51.4828 13.9
      vertex 72.3365 51.4828 16.1
    endloop
  endfacet
  facet normal 0.904089 0.427345 0
    outer loop
      vertex 72.3365 51.4828 13.9
      vertex 72.391 51.3675 16.1
      vertex 72.391 51.3675 13.9
    endloop
  endfacet
  facet normal 0.857631 0.514265 0
    outer loop
      vertex 72.3365 51.4828 16.1
      vertex 72.2709 51.5922 13.9
      vertex 72.2709 51.5922 16.1
    endloop
  endfacet
  facet normal 0.857631 0.514265 0
    outer loop
      vertex 72.2709 51.5922 13.9
      vertex 72.3365 51.4828 16.1
      vertex 72.3365 51.4828 13.9
    endloop
  endfacet
  facet normal -0.146577 0.989199 0
    outer loop
      vertex 71.0626 52.1637 13.9
      vertex 70.9364 52.145 16.1
      vertex 71.0626 52.1637 16.1
    endloop
  endfacet
  facet normal -0.146577 0.989199 0
    outer loop
      vertex 70.9364 52.145 16.1
      vertex 71.0626 52.1637 13.9
      vertex 70.9364 52.145 13.9
    endloop
  endfacet
  facet normal -0.0493902 0.99878 0
    outer loop
      vertex 71.19 52.17 13.9
      vertex 71.0626 52.1637 16.1
      vertex 71.19 52.17 16.1
    endloop
  endfacet
  facet normal -0.0493902 0.99878 0
    outer loop
      vertex 71.0626 52.1637 16.1
      vertex 71.19 52.17 13.9
      vertex 71.0626 52.1637 13.9
    endloop
  endfacet
  facet normal -0.514265 0.857631 0
    outer loop
      vertex 70.5772 52.0165 13.9
      vertex 70.4678 51.9509 16.1
      vertex 70.5772 52.0165 16.1
    endloop
  endfacet
  facet normal -0.514265 0.857631 0
    outer loop
      vertex 70.4678 51.9509 16.1
      vertex 70.5772 52.0165 13.9
      vertex 70.4678 51.9509 13.9
    endloop
  endfacet
  facet normal -0.671775 0.740755 0
    outer loop
      vertex 70.3653 51.8749 13.9
      vertex 70.2708 51.7892 16.1
      vertex 70.3653 51.8749 16.1
    endloop
  endfacet
  facet normal -0.671775 0.740755 0
    outer loop
      vertex 70.2708 51.7892 16.1
      vertex 70.3653 51.8749 13.9
      vertex 70.2708 51.7892 13.9
    endloop
  endfacet
  facet normal -0.427345 0.904089 0
    outer loop
      vertex 70.6925 52.071 13.9
      vertex 70.5772 52.0165 16.1
      vertex 70.6925 52.071 16.1
    endloop
  endfacet
  facet normal -0.427345 0.904089 0
    outer loop
      vertex 70.5772 52.0165 16.1
      vertex 70.6925 52.071 13.9
      vertex 70.5772 52.0165 13.9
    endloop
  endfacet
  facet normal -0.97005 0.242904 0
    outer loop
      vertex 69.915 51.1236 13.9
      vertex 69.946 51.2474 16.1
      vertex 69.946 51.2474 13.9
    endloop
  endfacet
  facet normal -0.97005 0.242904 0
    outer loop
      vertex 69.946 51.2474 16.1
      vertex 69.915 51.1236 13.9
      vertex 69.915 51.1236 16.1
    endloop
  endfacet
  facet normal -0.99878 0.0493902 0
    outer loop
      vertex 69.89 50.87 13.9
      vertex 69.8963 50.9974 16.1
      vertex 69.8963 50.9974 13.9
    endloop
  endfacet
  facet normal -0.99878 0.0493902 0
    outer loop
      vertex 69.8963 50.9974 16.1
      vertex 69.89 50.87 13.9
      vertex 69.89 50.87 16.1
    endloop
  endfacet
  facet normal 0 0 1
    outer loop
      vertex 72.4837 50.9974 16.1
      vertex 72.4837 50.7426 16.1
      vertex 72.49 50.87 16.1
    endloop
  endfacet
  facet normal 0 0 1
    outer loop
      vertex 72.465 51.1236 16.1
      vertex 72.4837 50.7426 16.1
      vertex 72.4837 50.9974 16.1
    endloop
  endfacet
  facet normal 0 0 1
    outer loop
      vertex 72.465 51.1236 16.1
      vertex 72.465 50.6164 16.1
      vertex 72.4837 50.7426 16.1
    endloop
  endfacet
  facet normal 0 0 1
    outer loop
      vertex 72.434 51.2474 16.1
      vertex 72.465 50.6164 16.1
      vertex 72.465 51.1236 16.1
    endloop
  endfacet
  facet normal 0 0 1
    outer loop
      vertex 72.434 51.2474 16.1
      vertex 72.434 50.4926 16.1
      vertex 72.465 50.6164 16.1
    endloop
  endfacet
  facet normal 0 0 1
    outer loop
      vertex 72.391 51.3675 16.1
      vertex 72.434 50.4926 16.1
      vertex 72.434 51.2474 16.1
    endloop
  endfacet
  facet normal 0 0 1
    outer loop
      vertex 72.391 51.3675 16.1
      vertex 72.391 50.3725 16.1
      vertex 72.434 50.4926 16.1
    endloop
  endfacet
  facet normal 0 0 1
    outer loop
      vertex 72.3365 51.4828 16.1
      vertex 72.391 50.3725 16.1
      vertex 72.391 51.3675 16.1
    endloop
  endfacet
  facet normal 0 0 1
    outer loop
      vertex 72.3365 51.4828 16.1
      vertex 72.3365 50.2572 16.1
      vertex 72.391 50.3725 16.1
    endloop
  endfacet
  facet normal 0 0 1
    outer loop
      vertex 72.2709 51.5922 16.1
      vertex 72.3365 50.2572 16.1
      vertex 72.3365 51.4828 16.1
    endloop
  endfacet
  facet normal 0 0 1
    outer loop
      vertex 72.2709 51.5922 16.1
      vertex 72.2709 50.1478 16.1
      vertex 72.3365 50.2572 16.1
    endloop
  endfacet
  facet normal 0 0 1
    outer loop
      vertex 72.1949 51.6947 16.1
      vertex 72.2709 50.1478 16.1
      vertex 72.2709 51.5922 16.1
    endloop
  endfacet
  facet normal 0 0 1
    outer loop
      vertex 72.1949 51.6947 16.1
      vertex 72.1949 50.0453 16.1
      vertex 72.2709 50.1478 16.1
    endloop
  endfacet
  facet normal 0 0 1
    outer loop
      vertex 72.1092 51.7892 16.1
      vertex 72.1949 50.0453 16.1
      vertex 72.1949 51.6947 16.1
    endloop
  endfacet
  facet normal 0 0 1
    outer loop
      vertex 72.1092 51.7892 16.1
      vertex 72.1092 49.9508 16.1
      vertex 72.1949 50.0453 16.1
    endloop
  endfacet
  facet normal 0 0 1
    outer loop
      vertex 72.0147 51.8749 16.1
      vertex 72.1092 49.9508 16.1
      vertex 72.1092 51.7892 16.1
    endloop
  endfacet
  facet normal 0 0 1
    outer loop
      vertex 72.0147 51.8749 16.1
      vertex 72.0147 49.8651 16.1
      vertex 72.1092 49.9508 16.1
    endloop
  endfacet
  facet normal 0 0 1
    outer loop
      vertex 71.9122 51.9509 16.1
      vertex 72.0147 49.8651 16.1
      vertex 72.0147 51.8749 16.1
    endloop
  endfacet
  facet normal 0 0 1
    outer loop
      vertex 71.9122 51.9509 16.1
      vertex 71.9122 49.7891 16.1
      vertex 72.0147 49.8651 16.1
    endloop
  endfacet
  facet normal 0 0 1
    outer loop
      vertex 71.8028 52.0165 16.1
      vertex 71.9122 49.7891 16.1
      vertex 71.9122 51.9509 16.1
    endloop
  endfacet
  facet normal 0 0 1
    outer loop
      vertex 71.8028 52.0165 16.1
      vertex 71.8028 49.7235 16.1
      vertex 71.9122 49.7891 16.1
    endloop
  endfacet
  facet normal 0 0 1
    outer loop
      vertex 71.6875 52.071 16.1
      vertex 71.8028 49.7235 16.1
      vertex 71.8028 52.0165 16.1
    endloop
  endfacet
  facet normal 0 0 1
    outer loop
      vertex 71.6875 52.071 16.1
      vertex 71.6875 49.669 16.1
      vertex 71.8028 49.7235 16.1
    endloop
  endfacet
  facet normal 0 0 1
    outer loop
      vertex 71.5674 52.114 16.1
      vertex 71.6875 49.669 16.1
      vertex 71.6875 52.071 16.1
    endloop
  endfacet
  facet normal 0 0 1
    outer loop
      vertex 71.5674 52.114 16.1
      vertex 71.5674 49.626 16.1
      vertex 71.6875 49.669 16.1
    endloop
  endfacet
  facet normal 0 0 1
    outer loop
      vertex 71.4436 52.145 16.1
      vertex 71.5674 49.626 16.1
      vertex 71.5674 52.114 16.1
    endloop
  endfacet
  facet normal 0 0 1
    outer loop
      vertex 71.4436 52.145 16.1
      vertex 71.4436 49.595 16.1
      vertex 71.5674 49.626 16.1
    endloop
  endfacet
  facet normal 0 0 1
    outer loop
      vertex 71.3174 52.1637 16.1
      vertex 71.4436 49.595 16.1
      vertex 71.4436 52.145 16.1
    endloop
  endfacet
  facet normal 0 0 1
    outer loop
      vertex 71.3174 52.1637 16.1
      vertex 71.3174 49.5763 16.1
      vertex 71.4436 49.595 16.1
    endloop
  endfacet
  facet normal 0 0 1
    outer loop
      vertex 71.19 52.17 16.1
      vertex 71.3174 49.5763 16.1
      vertex 71.3174 52.1637 16.1
    endloop
  endfacet
  facet normal 0 0 1
    outer loop
      vertex 71.19 52.17 16.1
      vertex 71.19 49.57 16.1
      vertex 71.3174 49.5763 16.1
    endloop
  endfacet
  facet normal -0 0 1
    outer loop
      vertex 71.0626 52.1637 16.1
      vertex 71.19 49.57 16.1
      vertex 71.19 52.17 16.1
    endloop
  endfacet
  facet normal 0 0 1
    outer loop
      vertex 71.0626 52.1637 16.1
      vertex 71.0626 49.5763 16.1
      vertex 71.19 49.57 16.1
    endloop
  endfacet
  facet normal -0 0 1
    outer loop
      vertex 70.9364 52.145 16.1
      vertex 71.0626 49.5763 16.1
      vertex 71.0626 52.1637 16.1
    endloop
  endfacet
  facet normal 0 0 1
    outer loop
      vertex 70.9364 52.145 16.1
      vertex 70.9364 49.595 16.1
      vertex 71.0626 49.5763 16.1
    endloop
  endfacet
  facet normal -0 0 1
    outer loop
      vertex 70.8126 52.114 16.1
      vertex 70.9364 49.595 16.1
      vertex 70.9364 52.145 16.1
    endloop
  endfacet
  facet normal 0 0 1
    outer loop
      vertex 70.8126 52.114 16.1
      vertex 70.8126 49.626 16.1
      vertex 70.9364 49.595 16.1
    endloop
  endfacet
  facet normal -0 0 1
    outer loop
      vertex 70.6925 52.071 16.1
      vertex 70.8126 49.626 16.1
      vertex 70.8126 52.114 16.1
    endloop
  endfacet
  facet normal 0 0 1
    outer loop
      vertex 70.6925 52.071 16.1
      vertex 70.6925 49.669 16.1
      vertex 70.8126 49.626 16.1
    endloop
  endfacet
  facet normal -0 0 1
    outer loop
      vertex 70.5772 52.0165 16.1
      vertex 70.6925 49.669 16.1
      vertex 70.6925 52.071 16.1
    endloop
  endfacet
  facet normal 0 0 1
    outer loop
      vertex 70.5772 52.0165 16.1
      vertex 70.5772 49.7235 16.1
      vertex 70.6925 49.669 16.1
    endloop
  endfacet
  facet normal -0 0 1
    outer loop
      vertex 70.4678 51.9509 16.1
      vertex 70.5772 49.7235 16.1
      vertex 70.5772 52.0165 16.1
    endloop
  endfacet
  facet normal 0 0 1
    outer loop
      vertex 70.4678 51.9509 16.1
      vertex 70.4678 49.7891 16.1
      vertex 70.5772 49.7235 16.1
    endloop
  endfacet
  facet normal -0 0 1
    outer loop
      vertex 70.3653 51.8749 16.1
      vertex 70.4678 49.7891 16.1
      vertex 70.4678 51.9509 16.1
    endloop
  endfacet
  facet normal 0 0 1
    outer loop
      vertex 70.3653 51.8749 16.1
      vertex 70.3653 49.8651 16.1
      vertex 70.4678 49.7891 16.1
    endloop
  endfacet
  facet normal -0 0 1
    outer loop
      vertex 70.2708 51.7892 16.1
      vertex 70.3653 49.8651 16.1
      vertex 70.3653 51.8749 16.1
    endloop
  endfacet
  facet normal 0 0 1
    outer loop
      vertex 70.2708 51.7892 16.1
      vertex 70.2708 49.9508 16.1
      vertex 70.3653 49.8651 16.1
    endloop
  endfacet
  facet normal -0 0 1
    outer loop
      vertex 70.1851 51.6947 16.1
      vertex 70.2708 49.9508 16.1
      vertex 70.2708 51.7892 16.1
    endloop
  endfacet
  facet normal 0 0 1
    outer loop
      vertex 70.1851 51.6947 16.1
      vertex 70.1851 50.0453 16.1
      vertex 70.2708 49.9508 16.1
    endloop
  endfacet
  facet normal -0 0 1
    outer loop
      vertex 70.1091 51.5922 16.1
      vertex 70.1851 50.0453 16.1
      vertex 70.1851 51.6947 16.1
    endloop
  endfacet
  facet normal 0 0 1
    outer loop
      vertex 70.1091 51.5922 16.1
      vertex 70.1091 50.1478 16.1
      vertex 70.1851 50.0453 16.1
    endloop
  endfacet
  facet normal -0 0 1
    outer loop
      vertex 70.0435 51.4828 16.1
      vertex 70.1091 50.1478 16.1
      vertex 70.1091 51.5922 16.1
    endloop
  endfacet
  facet normal 0 0 1
    outer loop
      vertex 70.0435 51.4828 16.1
      vertex 70.0435 50.2572 16.1
      vertex 70.1091 50.1478 16.1
    endloop
  endfacet
  facet normal -0 0 1
    outer loop
      vertex 69.989 51.3675 16.1
      vertex 70.0435 50.2572 16.1
      vertex 70.0435 51.4828 16.1
    endloop
  endfacet
  facet normal 0 0 1
    outer loop
      vertex 69.989 51.3675 16.1
      vertex 69.989 50.3725 16.1
      vertex 70.0435 50.2572 16.1
    endloop
  endfacet
  facet normal -0 0 1
    outer loop
      vertex 69.946 51.2474 16.1
      vertex 69.989 50.3725 16.1
      vertex 69.989 51.3675 16.1
    endloop
  endfacet
  facet normal 0 0 1
    outer loop
      vertex 69.946 51.2474 16.1
      vertex 69.946 50.4926 16.1
      vertex 69.989 50.3725 16.1
    endloop
  endfacet
  facet normal -0 0 1
    outer loop
      vertex 69.915 51.1236 16.1
      vertex 69.946 50.4926 16.1
      vertex 69.946 51.2474 16.1
    endloop
  endfacet
  facet normal 0 0 1
    outer loop
      vertex 69.915 51.1236 16.1
      vertex 69.915 50.6164 16.1
      vertex 69.946 50.4926 16.1
    endloop
  endfacet
  facet normal -0 0 1
    outer loop
      vertex 69.8963 50.9974 16.1
      vertex 69.915 50.6164 16.1
      vertex 69.915 51.1236 16.1
    endloop
  endfacet
  facet normal 0 0 1
    outer loop
      vertex 69.8963 50.9974 16.1
      vertex 69.8963 50.7426 16.1
      vertex 69.915 50.6164 16.1
    endloop
  endfacet
  facet normal 0 -0 1
    outer loop
      vertex 69.8963 50.7426 16.1
      vertex 69.8963 50.9974 16.1
      vertex 69.89 50.87 16.1
    endloop
  endfacet
  facet normal -0.740755 0.671775 0
    outer loop
      vertex 70.1851 51.6947 13.9
      vertex 70.2708 51.7892 16.1
      vertex 70.2708 51.7892 13.9
    endloop
  endfacet
  facet normal -0.740755 0.671775 0
    outer loop
      vertex 70.2708 51.7892 16.1
      vertex 70.1851 51.6947 13.9
      vertex 70.1851 51.6947 16.1
    endloop
  endfacet
  facet normal -0.803279 0.595602 0
    outer loop
      vertex 70.1091 51.5922 13.9
      vertex 70.1851 51.6947 16.1
      vertex 70.1851 51.6947 13.9
    endloop
  endfacet
  facet normal -0.803279 0.595602 0
    outer loop
      vertex 70.1851 51.6947 16.1
      vertex 70.1091 51.5922 13.9
      vertex 70.1091 51.5922 16.1
    endloop
  endfacet
  facet normal 0.595602 -0.803279 0
    outer loop
      vertex 71.9122 49.7891 13.9
      vertex 72.0147 49.8651 16.1
      vertex 71.9122 49.7891 16.1
    endloop
  endfacet
  facet normal 0.595602 -0.803279 0
    outer loop
      vertex 72.0147 49.8651 16.1
      vertex 71.9122 49.7891 13.9
      vertex 72.0147 49.8651 13.9
    endloop
  endfacet
  facet normal 0.146577 -0.989199 0
    outer loop
      vertex 71.3174 49.5763 13.9
      vertex 71.4436 49.595 16.1
      vertex 71.3174 49.5763 16.1
    endloop
  endfacet
  facet normal 0.146577 -0.989199 0
    outer loop
      vertex 71.4436 49.595 16.1
      vertex 71.3174 49.5763 13.9
      vertex 71.4436 49.595 13.9
    endloop
  endfacet
  facet normal -0.941476 -0.337081 0
    outer loop
      vertex 69.989 50.3725 13.9
      vertex 69.946 50.4926 16.1
      vertex 69.946 50.4926 13.9
    endloop
  endfacet
  facet normal -0.941476 -0.337081 0
    outer loop
      vertex 69.946 50.4926 16.1
      vertex 69.989 50.3725 13.9
      vertex 69.989 50.3725 16.1
    endloop
  endfacet
  facet normal -0.857631 -0.514265 0
    outer loop
      vertex 70.1091 50.1478 13.9
      vertex 70.0435 50.2572 16.1
      vertex 70.0435 50.2572 13.9
    endloop
  endfacet
  facet normal -0.857631 -0.514265 0
    outer loop
      vertex 70.0435 50.2572 16.1
      vertex 70.1091 50.1478 13.9
      vertex 70.1091 50.1478 16.1
    endloop
  endfacet
  facet normal -0.242904 -0.97005 0
    outer loop
      vertex 70.8126 49.626 13.9
      vertex 70.9364 49.595 16.1
      vertex 70.8126 49.626 16.1
    endloop
  endfacet
  facet normal -0.242904 -0.97005 -0
    outer loop
      vertex 70.9364 49.595 16.1
      vertex 70.8126 49.626 13.9
      vertex 70.9364 49.595 13.9
    endloop
  endfacet
  facet normal 0.337081 0.941476 -0
    outer loop
      vertex 71.6875 52.071 13.9
      vertex 71.5674 52.114 16.1
      vertex 71.6875 52.071 16.1
    endloop
  endfacet
  facet normal 0.337081 0.941476 0
    outer loop
      vertex 71.5674 52.114 16.1
      vertex 71.6875 52.071 13.9
      vertex 71.5674 52.114 13.9
    endloop
  endfacet
  facet normal 0.427345 0.904089 -0
    outer loop
      vertex 71.8028 52.0165 13.9
      vertex 71.6875 52.071 16.1
      vertex 71.8028 52.0165 16.1
    endloop
  endfacet
  facet normal 0.427345 0.904089 0
    outer loop
      vertex 71.6875 52.071 16.1
      vertex 71.8028 52.0165 13.9
      vertex 71.6875 52.071 13.9
    endloop
  endfacet
  facet normal -0.242904 0.97005 0
    outer loop
      vertex 70.9364 52.145 13.9
      vertex 70.8126 52.114 16.1
      vertex 70.9364 52.145 16.1
    endloop
  endfacet
  facet normal -0.242904 0.97005 0
    outer loop
      vertex 70.8126 52.114 16.1
      vertex 70.9364 52.145 13.9
      vertex 70.8126 52.114 13.9
    endloop
  endfacet
  facet normal -0.595602 0.803279 0
    outer loop
      vertex 70.4678 51.9509 13.9
      vertex 70.3653 51.8749 16.1
      vertex 70.4678 51.9509 16.1
    endloop
  endfacet
  facet normal -0.595602 0.803279 0
    outer loop
      vertex 70.3653 51.8749 16.1
      vertex 70.4678 51.9509 13.9
      vertex 70.3653 51.8749 13.9
    endloop
  endfacet
  facet normal -0.989199 0.146577 0
    outer loop
      vertex 69.8963 50.9974 13.9
      vertex 69.915 51.1236 16.1
      vertex 69.915 51.1236 13.9
    endloop
  endfacet
  facet normal -0.989199 0.146577 0
    outer loop
      vertex 69.915 51.1236 16.1
      vertex 69.8963 50.9974 13.9
      vertex 69.8963 50.9974 16.1
    endloop
  endfacet
  facet normal -0.941476 0.337081 0
    outer loop
      vertex 69.946 51.2474 13.9
      vertex 69.989 51.3675 16.1
      vertex 69.989 51.3675 13.9
    endloop
  endfacet
  facet normal -0.941476 0.337081 0
    outer loop
      vertex 69.989 51.3675 16.1
      vertex 69.946 51.2474 13.9
      vertex 69.946 51.2474 16.1
    endloop
  endfacet
  facet normal -0.857631 0.514265 0
    outer loop
      vertex 70.0435 51.4828 13.9
      vertex 70.1091 51.5922 16.1
      vertex 70.1091 51.5922 13.9
    endloop
  endfacet
  facet normal -0.857631 0.514265 0
    outer loop
      vertex 70.1091 51.5922 16.1
      vertex 70.0435 51.4828 13.9
      vertex 70.0435 51.4828 16.1
    endloop
  endfacet
  facet normal 0.514265 0.857631 -0
    outer loop
      vertex 71.9122 51.9509 13.9
      vertex 71.8028 52.0165 16.1
      vertex 71.9122 51.9509 16.1
    endloop
  endfacet
  facet normal 0.514265 0.857631 0
    outer loop
      vertex 71.8028 52.0165 16.1
      vertex 71.9122 51.9509 13.9
      vertex 71.8028 52.0165 13.9
    endloop
  endfacet
  facet normal 0.998792 -0.0491388 0
    outer loop
      vertex 73.9765 22.6556 13.9
      vertex 73.99 22.93 2.4
      vertex 73.99 22.93 13.9
    endloop
  endfacet
  facet normal 0.998792 -0.0491388 0
    outer loop
      vertex 73.99 22.93 2.4
      vertex 73.9765 22.6556 13.9
      vertex 73.9765 22.6556 2.4
    endloop
  endfacet
  facet normal -0.998792 -0.0491388 0
    outer loop
      vertex 68.4035 22.6556 2.4
      vertex 68.39 22.93 13.9
      vertex 68.39 22.93 2.4
    endloop
  endfacet
  facet normal -0.998792 -0.0491388 0
    outer loop
      vertex 68.39 22.93 13.9
      vertex 68.4035 22.6556 2.4
      vertex 68.4035 22.6556 13.9
    endloop
  endfacet
  facet normal -0.0491388 -0.998792 0
    outer loop
      vertex 70.9156 20.1435 2.4
      vertex 71.19 20.13 13.9
      vertex 70.9156 20.1435 13.9
    endloop
  endfacet
  facet normal -0.0491388 -0.998792 -0
    outer loop
      vertex 71.19 20.13 13.9
      vertex 70.9156 20.1435 2.4
      vertex 71.19 20.13 2.4
    endloop
  endfacet
  facet normal 0.671494 -0.74101 0
    outer loop
      vertex 72.9663 20.7656 2.4
      vertex 73.1699 20.9501 13.9
      vertex 72.9663 20.7656 13.9
    endloop
  endfacet
  facet normal 0.671494 -0.74101 0
    outer loop
      vertex 73.1699 20.9501 13.9
      vertex 72.9663 20.7656 2.4
      vertex 73.1699 20.9501 2.4
    endloop
  endfacet
  facet normal -0.671494 -0.74101 0
    outer loop
      vertex 69.2101 20.9501 2.4
      vertex 69.4137 20.7656 13.9
      vertex 69.2101 20.9501 13.9
    endloop
  endfacet
  facet normal -0.671494 -0.74101 -0
    outer loop
      vertex 69.4137 20.7656 13.9
      vertex 69.2101 20.9501 2.4
      vertex 69.4137 20.7656 2.4
    endloop
  endfacet
  facet normal -0.336682 -0.941618 0
    outer loop
      vertex 70.1185 20.3431 2.4
      vertex 70.3772 20.2506 13.9
      vertex 70.1185 20.3431 13.9
    endloop
  endfacet
  facet normal -0.336682 -0.941618 -0
    outer loop
      vertex 70.3772 20.2506 13.9
      vertex 70.1185 20.3431 2.4
      vertex 70.3772 20.2506 2.4
    endloop
  endfacet
  facet normal 0.803177 0.595741 0
    outer loop
      vertex 73.5181 24.4856 13.9
      vertex 73.3544 24.7063 2.4
      vertex 73.3544 24.7063 13.9
    endloop
  endfacet
  facet normal 0.803177 0.595741 0
    outer loop
      vertex 73.3544 24.7063 2.4
      vertex 73.5181 24.4856 13.9
      vertex 73.5181 24.4856 2.4
    endloop
  endfacet
  facet normal 0.903967 -0.427601 0
    outer loop
      vertex 73.6594 21.6101 13.9
      vertex 73.7769 21.8585 2.4
      vertex 73.7769 21.8585 13.9
    endloop
  endfacet
  facet normal 0.903967 -0.427601 0
    outer loop
      vertex 73.7769 21.8585 2.4
      vertex 73.6594 21.6101 13.9
      vertex 73.6594 21.6101 2.4
    endloop
  endfacet
  facet normal 0.336682 -0.941618 0
    outer loop
      vertex 72.0028 20.2506 2.4
      vertex 72.2615 20.3431 13.9
      vertex 72.0028 20.2506 13.9
    endloop
  endfacet
  facet normal 0.336682 -0.941618 0
    outer loop
      vertex 72.2615 20.3431 13.9
      vertex 72.0028 20.2506 2.4
      vertex 72.2615 20.3431 2.4
    endloop
  endfacet
  facet normal 0.514175 -0.857686 0
    outer loop
      vertex 72.5099 20.4606 2.4
      vertex 72.7456 20.6019 13.9
      vertex 72.5099 20.4606 13.9
    endloop
  endfacet
  facet normal 0.514175 -0.857686 0
    outer loop
      vertex 72.7456 20.6019 13.9
      vertex 72.5099 20.4606 2.4
      vertex 72.7456 20.6019 2.4
    endloop
  endfacet
  facet normal -0.903967 -0.427601 0
    outer loop
      vertex 68.7206 21.6101 2.4
      vertex 68.6031 21.8585 13.9
      vertex 68.6031 21.8585 2.4
    endloop
  endfacet
  facet normal -0.903967 -0.427601 0
    outer loop
      vertex 68.6031 21.8585 13.9
      vertex 68.7206 21.6101 2.4
      vertex 68.7206 21.6101 13.9
    endloop
  endfacet
  facet normal -0.243135 -0.969992 0
    outer loop
      vertex 70.3772 20.2506 2.4
      vertex 70.6437 20.1838 13.9
      vertex 70.3772 20.2506 13.9
    endloop
  endfacet
  facet normal -0.243135 -0.969992 -0
    outer loop
      vertex 70.6437 20.1838 13.9
      vertex 70.3772 20.2506 2.4
      vertex 70.6437 20.1838 2.4
    endloop
  endfacet
  facet normal 0.969992 0.243135 0
    outer loop
      vertex 73.9362 23.4763 13.9
      vertex 73.8694 23.7428 2.4
      vertex 73.8694 23.7428 13.9
    endloop
  endfacet
  facet normal 0.969992 0.243135 0
    outer loop
      vertex 73.8694 23.7428 2.4
      vertex 73.9362 23.4763 13.9
      vertex 73.9362 23.4763 2.4
    endloop
  endfacet
  facet normal -0.0491388 0.998792 0
    outer loop
      vertex 71.19 25.73 2.4
      vertex 70.9156 25.7165 13.9
      vertex 71.19 25.73 13.9
    endloop
  endfacet
  facet normal -0.0491388 0.998792 0
    outer loop
      vertex 70.9156 25.7165 13.9
      vertex 71.19 25.73 2.4
      vertex 70.9156 25.7165 2.4
    endloop
  endfacet
  facet normal 0 0 1
    outer loop
      vertex 72.49 22.93 13.9
      vertex 73.99 22.93 13.9
      vertex 73.9765 23.2044 13.9
    endloop
  endfacet
  facet normal 0 0 1
    outer loop
      vertex 72.4837 23.0574 13.9
      vertex 73.9765 23.2044 13.9
      vertex 73.9362 23.4763 13.9
    endloop
  endfacet
  facet normal 0 0 1
    outer loop
      vertex 73.99 22.93 13.9
      vertex 72.49 22.93 13.9
      vertex 73.9765 22.6556 13.9
    endloop
  endfacet
  facet normal 0 0 1
    outer loop
      vertex 72.465 23.1836 13.9
      vertex 73.9362 23.4763 13.9
      vertex 73.8694 23.7428 13.9
    endloop
  endfacet
  facet normal -0 0 1
    outer loop
      vertex 72.4837 22.8026 13.9
      vertex 73.9765 22.6556 13.9
      vertex 72.49 22.93 13.9
    endloop
  endfacet
  facet normal 0 0 1
    outer loop
      vertex 72.434 23.3074 13.9
      vertex 73.8694 23.7428 13.9
      vertex 73.7769 24.0015 13.9
    endloop
  endfacet
  facet normal 0 0 1
    outer loop
      vertex 73.9765 22.6556 13.9
      vertex 72.4837 22.8026 13.9
      vertex 73.9362 22.3837 13.9
    endloop
  endfacet
  facet normal 0 0 1
    outer loop
      vertex 72.391 23.4275 13.9
      vertex 73.7769 24.0015 13.9
      vertex 73.6594 24.2499 13.9
    endloop
  endfacet
  facet normal -0 0 1
    outer loop
      vertex 72.465 22.6764 13.9
      vertex 73.9362 22.3837 13.9
      vertex 72.4837 22.8026 13.9
    endloop
  endfacet
  facet normal 0 0 1
    outer loop
      vertex 72.3365 23.5428 13.9
      vertex 73.6594 24.2499 13.9
      vertex 73.5181 24.4856 13.9
    endloop
  endfacet
  facet normal 0 0 1
    outer loop
      vertex 73.9362 22.3837 13.9
      vertex 72.465 22.6764 13.9
      vertex 73.8694 22.1172 13.9
    endloop
  endfacet
  facet normal 0 0 1
    outer loop
      vertex 72.2709 23.6522 13.9
      vertex 73.5181 24.4856 13.9
      vertex 73.3544 24.7063 13.9
    endloop
  endfacet
  facet normal -0 0 1
    outer loop
      vertex 72.434 22.5526 13.9
      vertex 73.8694 22.1172 13.9
      vertex 72.465 22.6764 13.9
    endloop
  endfacet
  facet normal 0 0 1
    outer loop
      vertex 72.1949 23.7547 13.9
      vertex 73.3544 24.7063 13.9
      vertex 73.1699 24.9099 13.9
    endloop
  endfacet
  facet normal 0 0 1
    outer loop
      vertex 73.8694 22.1172 13.9
      vertex 72.434 22.5526 13.9
      vertex 73.7769 21.8585 13.9
    endloop
  endfacet
  facet normal 0 0 1
    outer loop
      vertex 72.1092 23.8492 13.9
      vertex 73.1699 24.9099 13.9
      vertex 72.9663 25.0944 13.9
    endloop
  endfacet
  facet normal -0 0 1
    outer loop
      vertex 72.391 22.4325 13.9
      vertex 73.7769 21.8585 13.9
      vertex 72.434 22.5526 13.9
    endloop
  endfacet
  facet normal 0 0 1
    outer loop
      vertex 72.0147 23.9349 13.9
      vertex 72.9663 25.0944 13.9
      vertex 72.7456 25.2581 13.9
    endloop
  endfacet
  facet normal 0 0 1
    outer loop
      vertex 73.7769 21.8585 13.9
      vertex 72.391 22.4325 13.9
      vertex 73.6594 21.6101 13.9
    endloop
  endfacet
  facet normal 0 0 1
    outer loop
      vertex 71.9122 24.0109 13.9
      vertex 72.7456 25.2581 13.9
      vertex 72.5099 25.3994 13.9
    endloop
  endfacet
  facet normal -0 0 1
    outer loop
      vertex 72.3365 22.3172 13.9
      vertex 73.6594 21.6101 13.9
      vertex 72.391 22.4325 13.9
    endloop
  endfacet
  facet normal 0 0 1
    outer loop
      vertex 73.6594 21.6101 13.9
      vertex 72.3365 22.3172 13.9
      vertex 73.5181 21.3744 13.9
    endloop
  endfacet
  facet normal 0 0 1
    outer loop
      vertex 73.9765 23.2044 13.9
      vertex 72.4837 23.0574 13.9
      vertex 72.49 22.93 13.9
    endloop
  endfacet
  facet normal 0 0 1
    outer loop
      vertex 73.9362 23.4763 13.9
      vertex 72.465 23.1836 13.9
      vertex 72.4837 23.0574 13.9
    endloop
  endfacet
  facet normal 0 0 1
    outer loop
      vertex 73.8694 23.7428 13.9
      vertex 72.434 23.3074 13.9
      vertex 72.465 23.1836 13.9
    endloop
  endfacet
  facet normal 0 0 1
    outer loop
      vertex 73.7769 24.0015 13.9
      vertex 72.391 23.4275 13.9
      vertex 72.434 23.3074 13.9
    endloop
  endfacet
  facet normal 0 0 1
    outer loop
      vertex 73.6594 24.2499 13.9
      vertex 72.3365 23.5428 13.9
      vertex 72.391 23.4275 13.9
    endloop
  endfacet
  facet normal 0 0 1
    outer loop
      vertex 73.5181 24.4856 13.9
      vertex 72.2709 23.6522 13.9
      vertex 72.3365 23.5428 13.9
    endloop
  endfacet
  facet normal 0 0 1
    outer loop
      vertex 71.8028 24.0765 13.9
      vertex 72.5099 25.3994 13.9
      vertex 72.2615 25.5169 13.9
    endloop
  endfacet
  facet normal 0 0 1
    outer loop
      vertex 73.3544 24.7063 13.9
      vertex 72.1949 23.7547 13.9
      vertex 72.2709 23.6522 13.9
    endloop
  endfacet
  facet normal 0 0 1
    outer loop
      vertex 73.1699 24.9099 13.9
      vertex 72.1092 23.8492 13.9
      vertex 72.1949 23.7547 13.9
    endloop
  endfacet
  facet normal 0 0 1
    outer loop
      vertex 72.9663 25.0944 13.9
      vertex 72.0147 23.9349 13.9
      vertex 72.1092 23.8492 13.9
    endloop
  endfacet
  facet normal 0 0 1
    outer loop
      vertex 71.6875 24.131 13.9
      vertex 72.2615 25.5169 13.9
      vertex 72.0028 25.6094 13.9
    endloop
  endfacet
  facet normal 0 0 1
    outer loop
      vertex 72.7456 25.2581 13.9
      vertex 71.9122 24.0109 13.9
      vertex 72.0147 23.9349 13.9
    endloop
  endfacet
  facet normal 0 0 1
    outer loop
      vertex 72.5099 25.3994 13.9
      vertex 71.8028 24.0765 13.9
      vertex 71.9122 24.0109 13.9
    endloop
  endfacet
  facet normal 0 0 1
    outer loop
      vertex 71.5674 24.174 13.9
      vertex 72.0028 25.6094 13.9
      vertex 71.7363 25.6762 13.9
    endloop
  endfacet
  facet normal 0 0 1
    outer loop
      vertex 72.2615 25.5169 13.9
      vertex 71.6875 24.131 13.9
      vertex 71.8028 24.0765 13.9
    endloop
  endfacet
  facet normal 0 0 1
    outer loop
      vertex 72.0028 25.6094 13.9
      vertex 71.5674 24.174 13.9
      vertex 71.6875 24.131 13.9
    endloop
  endfacet
  facet normal 0 0 1
    outer loop
      vertex 71.4436 24.205 13.9
      vertex 71.7363 25.6762 13.9
      vertex 71.4644 25.7165 13.9
    endloop
  endfacet
  facet normal 0 0 1
    outer loop
      vertex 71.7363 25.6762 13.9
      vertex 71.4436 24.205 13.9
      vertex 71.5674 24.174 13.9
    endloop
  endfacet
  facet normal 0 0 1
    outer loop
      vertex 71.4644 25.7165 13.9
      vertex 71.3174 24.2237 13.9
      vertex 71.4436 24.205 13.9
    endloop
  endfacet
  facet normal 0 0 1
    outer loop
      vertex 71.19 25.73 13.9
      vertex 71.3174 24.2237 13.9
      vertex 71.4644 25.7165 13.9
    endloop
  endfacet
  facet normal 0 0 1
    outer loop
      vertex 71.19 25.73 13.9
      vertex 71.19 24.23 13.9
      vertex 71.3174 24.2237 13.9
    endloop
  endfacet
  facet normal 0 0 1
    outer loop
      vertex 71.19 25.73 13.9
      vertex 71.0626 24.2237 13.9
      vertex 71.19 24.23 13.9
    endloop
  endfacet
  facet normal -0 0 1
    outer loop
      vertex 70.9156 25.7165 13.9
      vertex 71.0626 24.2237 13.9
      vertex 71.19 25.73 13.9
    endloop
  endfacet
  facet normal 0 0 1
    outer loop
      vertex 71.0626 24.2237 13.9
      vertex 70.9156 25.7165 13.9
      vertex 70.9364 24.205 13.9
    endloop
  endfacet
  facet normal -0 0 1
    outer loop
      vertex 70.6437 25.6762 13.9
      vertex 70.9364 24.205 13.9
      vertex 70.9156 25.7165 13.9
    endloop
  endfacet
  facet normal 0 0 1
    outer loop
      vertex 70.9364 24.205 13.9
      vertex 70.6437 25.6762 13.9
      vertex 70.8126 24.174 13.9
    endloop
  endfacet
  facet normal -0 0 1
    outer loop
      vertex 70.3772 25.6094 13.9
      vertex 70.8126 24.174 13.9
      vertex 70.6437 25.6762 13.9
    endloop
  endfacet
  facet normal 0 0 1
    outer loop
      vertex 70.8126 24.174 13.9
      vertex 70.3772 25.6094 13.9
      vertex 70.6925 24.131 13.9
    endloop
  endfacet
  facet normal -0 0 1
    outer loop
      vertex 70.1185 25.5169 13.9
      vertex 70.6925 24.131 13.9
      vertex 70.3772 25.6094 13.9
    endloop
  endfacet
  facet normal 0 0 1
    outer loop
      vertex 70.6925 24.131 13.9
      vertex 70.1185 25.5169 13.9
      vertex 70.5772 24.0765 13.9
    endloop
  endfacet
  facet normal -0 0 1
    outer loop
      vertex 69.8701 25.3994 13.9
      vertex 70.5772 24.0765 13.9
      vertex 70.1185 25.5169 13.9
    endloop
  endfacet
  facet normal 0 0 1
    outer loop
      vertex 70.5772 24.0765 13.9
      vertex 69.8701 25.3994 13.9
      vertex 70.4678 24.0109 13.9
    endloop
  endfacet
  facet normal -0 0 1
    outer loop
      vertex 69.6344 25.2581 13.9
      vertex 70.4678 24.0109 13.9
      vertex 69.8701 25.3994 13.9
    endloop
  endfacet
  facet normal 0 0 1
    outer loop
      vertex 70.4678 24.0109 13.9
      vertex 69.6344 25.2581 13.9
      vertex 70.3653 23.9349 13.9
    endloop
  endfacet
  facet normal -0 0 1
    outer loop
      vertex 69.4137 25.0944 13.9
      vertex 70.3653 23.9349 13.9
      vertex 69.6344 25.2581 13.9
    endloop
  endfacet
  facet normal 0 0 1
    outer loop
      vertex 70.3653 23.9349 13.9
      vertex 69.4137 25.0944 13.9
      vertex 70.2708 23.8492 13.9
    endloop
  endfacet
  facet normal -0 0 1
    outer loop
      vertex 69.2101 24.9099 13.9
      vertex 70.2708 23.8492 13.9
      vertex 69.4137 25.0944 13.9
    endloop
  endfacet
  facet normal 0 0 1
    outer loop
      vertex 70.2708 23.8492 13.9
      vertex 69.2101 24.9099 13.9
      vertex 70.1851 23.7547 13.9
    endloop
  endfacet
  facet normal -0 0 1
    outer loop
      vertex 69.0256 24.7063 13.9
      vertex 70.1851 23.7547 13.9
      vertex 69.2101 24.9099 13.9
    endloop
  endfacet
  facet normal 0 0 1
    outer loop
      vertex 70.1851 23.7547 13.9
      vertex 69.0256 24.7063 13.9
      vertex 70.1091 23.6522 13.9
    endloop
  endfacet
  facet normal 0 0 1
    outer loop
      vertex 70.1091 23.6522 13.9
      vertex 68.8619 24.4856 13.9
      vertex 70.0435 23.5428 13.9
    endloop
  endfacet
  facet normal -0 0 1
    outer loop
      vertex 68.8619 24.4856 13.9
      vertex 70.1091 23.6522 13.9
      vertex 69.0256 24.7063 13.9
    endloop
  endfacet
  facet normal -0 0 1
    outer loop
      vertex 72.2709 22.2078 13.9
      vertex 73.5181 21.3744 13.9
      vertex 72.3365 22.3172 13.9
    endloop
  endfacet
  facet normal 0 0 1
    outer loop
      vertex 73.5181 21.3744 13.9
      vertex 72.2709 22.2078 13.9
      vertex 73.3544 21.1537 13.9
    endloop
  endfacet
  facet normal -0 0 1
    outer loop
      vertex 72.1949 22.1053 13.9
      vertex 73.3544 21.1537 13.9
      vertex 72.2709 22.2078 13.9
    endloop
  endfacet
  facet normal 0 0 1
    outer loop
      vertex 73.3544 21.1537 13.9
      vertex 72.1949 22.1053 13.9
      vertex 73.1699 20.9501 13.9
    endloop
  endfacet
  facet normal -0 0 1
    outer loop
      vertex 72.1092 22.0108 13.9
      vertex 73.1699 20.9501 13.9
      vertex 72.1949 22.1053 13.9
    endloop
  endfacet
  facet normal 0 0 1
    outer loop
      vertex 73.1699 20.9501 13.9
      vertex 72.1092 22.0108 13.9
      vertex 72.9663 20.7656 13.9
    endloop
  endfacet
  facet normal -0 0 1
    outer loop
      vertex 72.0147 21.9251 13.9
      vertex 72.9663 20.7656 13.9
      vertex 72.1092 22.0108 13.9
    endloop
  endfacet
  facet normal 0 0 1
    outer loop
      vertex 72.9663 20.7656 13.9
      vertex 72.0147 21.9251 13.9
      vertex 72.7456 20.6019 13.9
    endloop
  endfacet
  facet normal -0 0 1
    outer loop
      vertex 71.9122 21.8491 13.9
      vertex 72.7456 20.6019 13.9
      vertex 72.0147 21.9251 13.9
    endloop
  endfacet
  facet normal 0 0 1
    outer loop
      vertex 72.7456 20.6019 13.9
      vertex 71.9122 21.8491 13.9
      vertex 72.5099 20.4606 13.9
    endloop
  endfacet
  facet normal -0 0 1
    outer loop
      vertex 71.8028 21.7835 13.9
      vertex 72.5099 20.4606 13.9
      vertex 71.9122 21.8491 13.9
    endloop
  endfacet
  facet normal 0 0 1
    outer loop
      vertex 72.5099 20.4606 13.9
      vertex 71.8028 21.7835 13.9
      vertex 72.2615 20.3431 13.9
    endloop
  endfacet
  facet normal -0 0 1
    outer loop
      vertex 71.6875 21.729 13.9
      vertex 72.2615 20.3431 13.9
      vertex 71.8028 21.7835 13.9
    endloop
  endfacet
  facet normal 0 0 1
    outer loop
      vertex 72.2615 20.3431 13.9
      vertex 71.6875 21.729 13.9
      vertex 72.0028 20.2506 13.9
    endloop
  endfacet
  facet normal -0 0 1
    outer loop
      vertex 71.5674 21.686 13.9
      vertex 72.0028 20.2506 13.9
      vertex 71.6875 21.729 13.9
    endloop
  endfacet
  facet normal 0 0 1
    outer loop
      vertex 72.0028 20.2506 13.9
      vertex 71.5674 21.686 13.9
      vertex 71.7363 20.1838 13.9
    endloop
  endfacet
  facet normal -0 0 1
    outer loop
      vertex 71.4436 21.655 13.9
      vertex 71.7363 20.1838 13.9
      vertex 71.5674 21.686 13.9
    endloop
  endfacet
  facet normal 0 0 1
    outer loop
      vertex 71.7363 20.1838 13.9
      vertex 71.4436 21.655 13.9
      vertex 71.4644 20.1435 13.9
    endloop
  endfacet
  facet normal -0 0 1
    outer loop
      vertex 71.3174 21.6363 13.9
      vertex 71.4644 20.1435 13.9
      vertex 71.4436 21.655 13.9
    endloop
  endfacet
  facet normal -0 0 1
    outer loop
      vertex 71.19 21.63 13.9
      vertex 71.4644 20.1435 13.9
      vertex 71.3174 21.6363 13.9
    endloop
  endfacet
  facet normal 0 0 1
    outer loop
      vertex 71.19 21.63 13.9
      vertex 71.19 20.13 13.9
      vertex 71.4644 20.1435 13.9
    endloop
  endfacet
  facet normal 0 0 1
    outer loop
      vertex 71.0626 21.6363 13.9
      vertex 71.19 20.13 13.9
      vertex 71.19 21.63 13.9
    endloop
  endfacet
  facet normal 0 0 1
    outer loop
      vertex 70.9156 20.1435 13.9
      vertex 71.0626 21.6363 13.9
      vertex 70.9364 21.655 13.9
    endloop
  endfacet
  facet normal 0 0 1
    outer loop
      vertex 71.0626 21.6363 13.9
      vertex 70.9156 20.1435 13.9
      vertex 71.19 20.13 13.9
    endloop
  endfacet
  facet normal 0 0 1
    outer loop
      vertex 70.6437 20.1838 13.9
      vertex 70.9364 21.655 13.9
      vertex 70.8126 21.686 13.9
    endloop
  endfacet
  facet normal 0 0 1
    outer loop
      vertex 70.3772 20.2506 13.9
      vertex 70.8126 21.686 13.9
      vertex 70.6925 21.729 13.9
    endloop
  endfacet
  facet normal 0 0 1
    outer loop
      vertex 70.9364 21.655 13.9
      vertex 70.6437 20.1838 13.9
      vertex 70.9156 20.1435 13.9
    endloop
  endfacet
  facet normal 0 0 1
    outer loop
      vertex 70.1185 20.3431 13.9
      vertex 70.6925 21.729 13.9
      vertex 70.5772 21.7835 13.9
    endloop
  endfacet
  facet normal 0 0 1
    outer loop
      vertex 69.8701 20.4606 13.9
      vertex 70.5772 21.7835 13.9
      vertex 70.4678 21.8491 13.9
    endloop
  endfacet
  facet normal 0 0 1
    outer loop
      vertex 70.8126 21.686 13.9
      vertex 70.3772 20.2506 13.9
      vertex 70.6437 20.1838 13.9
    endloop
  endfacet
  facet normal 0 0 1
    outer loop
      vertex 69.6344 20.6019 13.9
      vertex 70.4678 21.8491 13.9
      vertex 70.3653 21.9251 13.9
    endloop
  endfacet
  facet normal 0 0 1
    outer loop
      vertex 69.4137 20.7656 13.9
      vertex 70.3653 21.9251 13.9
      vertex 70.2708 22.0108 13.9
    endloop
  endfacet
  facet normal 0 0 1
    outer loop
      vertex 69.2101 20.9501 13.9
      vertex 70.2708 22.0108 13.9
      vertex 70.1851 22.1053 13.9
    endloop
  endfacet
  facet normal 0 0 1
    outer loop
      vertex 70.6925 21.729 13.9
      vertex 70.1185 20.3431 13.9
      vertex 70.3772 20.2506 13.9
    endloop
  endfacet
  facet normal 0 0 1
    outer loop
      vertex 69.0256 21.1537 13.9
      vertex 70.1851 22.1053 13.9
      vertex 70.1091 22.2078 13.9
    endloop
  endfacet
  facet normal 0 0 1
    outer loop
      vertex 68.8619 21.3744 13.9
      vertex 70.1091 22.2078 13.9
      vertex 70.0435 22.3172 13.9
    endloop
  endfacet
  facet normal 0 0 1
    outer loop
      vertex 68.7206 21.6101 13.9
      vertex 70.0435 22.3172 13.9
      vertex 69.989 22.4325 13.9
    endloop
  endfacet
  facet normal 0 0 1
    outer loop
      vertex 68.6031 21.8585 13.9
      vertex 69.989 22.4325 13.9
      vertex 69.946 22.5526 13.9
    endloop
  endfacet
  facet normal 0 0 1
    outer loop
      vertex 68.5106 22.1172 13.9
      vertex 69.946 22.5526 13.9
      vertex 69.915 22.6764 13.9
    endloop
  endfacet
  facet normal 0 0 1
    outer loop
      vertex 68.4438 22.3837 13.9
      vertex 69.915 22.6764 13.9
      vertex 69.8963 22.8026 13.9
    endloop
  endfacet
  facet normal 0 0 1
    outer loop
      vertex 70.5772 21.7835 13.9
      vertex 69.8701 20.4606 13.9
      vertex 70.1185 20.3431 13.9
    endloop
  endfacet
  facet normal 0 0 1
    outer loop
      vertex 68.4035 22.6556 13.9
      vertex 69.8963 22.8026 13.9
      vertex 69.89 22.93 13.9
    endloop
  endfacet
  facet normal -0 0 1
    outer loop
      vertex 68.7206 24.2499 13.9
      vertex 70.0435 23.5428 13.9
      vertex 68.8619 24.4856 13.9
    endloop
  endfacet
  facet normal 0 0 1
    outer loop
      vertex 70.0435 23.5428 13.9
      vertex 68.7206 24.2499 13.9
      vertex 69.989 23.4275 13.9
    endloop
  endfacet
  facet normal 0 0 1
    outer loop
      vertex 70.4678 21.8491 13.9
      vertex 69.6344 20.6019 13.9
      vertex 69.8701 20.4606 13.9
    endloop
  endfacet
  facet normal -0 0 1
    outer loop
      vertex 68.6031 24.0015 13.9
      vertex 69.989 23.4275 13.9
      vertex 68.7206 24.2499 13.9
    endloop
  endfacet
  facet normal 0 0 1
    outer loop
      vertex 70.3653 21.9251 13.9
      vertex 69.4137 20.7656 13.9
      vertex 69.6344 20.6019 13.9
    endloop
  endfacet
  facet normal 0 0 1
    outer loop
      vertex 69.989 23.4275 13.9
      vertex 68.6031 24.0015 13.9
      vertex 69.946 23.3074 13.9
    endloop
  endfacet
  facet normal 0 0 1
    outer loop
      vertex 70.2708 22.0108 13.9
      vertex 69.2101 20.9501 13.9
      vertex 69.4137 20.7656 13.9
    endloop
  endfacet
  facet normal -0 0 1
    outer loop
      vertex 68.5106 23.7428 13.9
      vertex 69.946 23.3074 13.9
      vertex 68.6031 24.0015 13.9
    endloop
  endfacet
  facet normal 0 0 1
    outer loop
      vertex 70.1851 22.1053 13.9
      vertex 69.0256 21.1537 13.9
      vertex 69.2101 20.9501 13.9
    endloop
  endfacet
  facet normal 0 0 1
    outer loop
      vertex 69.946 23.3074 13.9
      vertex 68.5106 23.7428 13.9
      vertex 69.915 23.1836 13.9
    endloop
  endfacet
  facet normal 0 0 1
    outer loop
      vertex 70.1091 22.2078 13.9
      vertex 68.8619 21.3744 13.9
      vertex 69.0256 21.1537 13.9
    endloop
  endfacet
  facet normal -0 0 1
    outer loop
      vertex 68.4438 23.4763 13.9
      vertex 69.915 23.1836 13.9
      vertex 68.5106 23.7428 13.9
    endloop
  endfacet
  facet normal 0 0 1
    outer loop
      vertex 70.0435 22.3172 13.9
      vertex 68.7206 21.6101 13.9
      vertex 68.8619 21.3744 13.9
    endloop
  endfacet
  facet normal 0 0 1
    outer loop
      vertex 69.915 23.1836 13.9
      vertex 68.4438 23.4763 13.9
      vertex 69.8963 23.0574 13.9
    endloop
  endfacet
  facet normal 0 0 1
    outer loop
      vertex 69.989 22.4325 13.9
      vertex 68.6031 21.8585 13.9
      vertex 68.7206 21.6101 13.9
    endloop
  endfacet
  facet normal -0 0 1
    outer loop
      vertex 68.4035 23.2044 13.9
      vertex 69.8963 23.0574 13.9
      vertex 68.4438 23.4763 13.9
    endloop
  endfacet
  facet normal 0 0 1
    outer loop
      vertex 69.946 22.5526 13.9
      vertex 68.5106 22.1172 13.9
      vertex 68.6031 21.8585 13.9
    endloop
  endfacet
  facet normal 0 0 1
    outer loop
      vertex 69.8963 23.0574 13.9
      vertex 68.4035 23.2044 13.9
      vertex 69.89 22.93 13.9
    endloop
  endfacet
  facet normal 0 0 1
    outer loop
      vertex 69.915 22.6764 13.9
      vertex 68.4438 22.3837 13.9
      vertex 68.5106 22.1172 13.9
    endloop
  endfacet
  facet normal 0 0 1
    outer loop
      vertex 68.39 22.93 13.9
      vertex 69.89 22.93 13.9
      vertex 68.4035 23.2044 13.9
    endloop
  endfacet
  facet normal 0 0 1
    outer loop
      vertex 69.8963 22.8026 13.9
      vertex 68.4035 22.6556 13.9
      vertex 68.4438 22.3837 13.9
    endloop
  endfacet
  facet normal 0 0 1
    outer loop
      vertex 69.89 22.93 13.9
      vertex 68.39 22.93 13.9
      vertex 68.4035 22.6556 13.9
    endloop
  endfacet
  facet normal 0.969992 -0.243135 0
    outer loop
      vertex 73.8694 22.1172 13.9
      vertex 73.9362 22.3837 2.4
      vertex 73.9362 22.3837 13.9
    endloop
  endfacet
  facet normal 0.969992 -0.243135 0
    outer loop
      vertex 73.9362 22.3837 2.4
      vertex 73.8694 22.1172 13.9
      vertex 73.8694 22.1172 2.4
    endloop
  endfacet
  facet normal 0.989194 -0.146615 0
    outer loop
      vertex 73.9362 22.3837 13.9
      vertex 73.9765 22.6556 2.4
      vertex 73.9765 22.6556 13.9
    endloop
  endfacet
  facet normal 0.989194 -0.146615 0
    outer loop
      vertex 73.9765 22.6556 2.4
      vertex 73.9362 22.3837 13.9
      vertex 73.9362 22.3837 2.4
    endloop
  endfacet
  facet normal 0.941618 -0.336682 0
    outer loop
      vertex 73.7769 21.8585 13.9
      vertex 73.8694 22.1172 2.4
      vertex 73.8694 22.1172 13.9
    endloop
  endfacet
  facet normal 0.941618 -0.336682 0
    outer loop
      vertex 73.8694 22.1172 2.4
      vertex 73.7769 21.8585 13.9
      vertex 73.7769 21.8585 2.4
    endloop
  endfacet
  facet normal 0.803177 -0.595741 0
    outer loop
      vertex 73.3544 21.1537 13.9
      vertex 73.5181 21.3744 2.4
      vertex 73.5181 21.3744 13.9
    endloop
  endfacet
  facet normal 0.803177 -0.595741 0
    outer loop
      vertex 73.5181 21.3744 2.4
      vertex 73.3544 21.1537 13.9
      vertex 73.3544 21.1537 2.4
    endloop
  endfacet
  facet normal 0.74101 -0.671494 0
    outer loop
      vertex 73.1699 20.9501 13.9
      vertex 73.3544 21.1537 2.4
      vertex 73.3544 21.1537 13.9
    endloop
  endfacet
  facet normal 0.74101 -0.671494 0
    outer loop
      vertex 73.3544 21.1537 2.4
      vertex 73.1699 20.9501 13.9
      vertex 73.1699 20.9501 2.4
    endloop
  endfacet
  facet normal 0.857686 -0.514175 0
    outer loop
      vertex 73.5181 21.3744 13.9
      vertex 73.6594 21.6101 2.4
      vertex 73.6594 21.6101 13.9
    endloop
  endfacet
  facet normal 0.857686 -0.514175 0
    outer loop
      vertex 73.6594 21.6101 2.4
      vertex 73.5181 21.3744 13.9
      vertex 73.5181 21.3744 2.4
    endloop
  endfacet
  facet normal 0.146615 -0.989194 0
    outer loop
      vertex 71.4644 20.1435 2.4
      vertex 71.7363 20.1838 13.9
      vertex 71.4644 20.1435 13.9
    endloop
  endfacet
  facet normal 0.146615 -0.989194 0
    outer loop
      vertex 71.7363 20.1838 13.9
      vertex 71.4644 20.1435 2.4
      vertex 71.7363 20.1838 2.4
    endloop
  endfacet
  facet normal 0.243135 -0.969992 0
    outer loop
      vertex 71.7363 20.1838 2.4
      vertex 72.0028 20.2506 13.9
      vertex 71.7363 20.1838 13.9
    endloop
  endfacet
  facet normal 0.243135 -0.969992 0
    outer loop
      vertex 72.0028 20.2506 13.9
      vertex 71.7363 20.1838 2.4
      vertex 72.0028 20.2506 2.4
    endloop
  endfacet
  facet normal 0.0491388 -0.998792 0
    outer loop
      vertex 71.19 20.13 2.4
      vertex 71.4644 20.1435 13.9
      vertex 71.19 20.13 13.9
    endloop
  endfacet
  facet normal 0.0491388 -0.998792 0
    outer loop
      vertex 71.4644 20.1435 13.9
      vertex 71.19 20.13 2.4
      vertex 71.4644 20.1435 2.4
    endloop
  endfacet
  facet normal 0.427601 -0.903967 0
    outer loop
      vertex 72.2615 20.3431 2.4
      vertex 72.5099 20.4606 13.9
      vertex 72.2615 20.3431 13.9
    endloop
  endfacet
  facet normal 0.427601 -0.903967 0
    outer loop
      vertex 72.5099 20.4606 13.9
      vertex 72.2615 20.3431 2.4
      vertex 72.5099 20.4606 2.4
    endloop
  endfacet
  facet normal 0.595741 -0.803177 0
    outer loop
      vertex 72.7456 20.6019 2.4
      vertex 72.9663 20.7656 13.9
      vertex 72.7456 20.6019 13.9
    endloop
  endfacet
  facet normal 0.595741 -0.803177 0
    outer loop
      vertex 72.9663 20.7656 13.9
      vertex 72.7456 20.6019 2.4
      vertex 72.9663 20.7656 2.4
    endloop
  endfacet
  facet normal -0.969992 -0.243135 0
    outer loop
      vertex 68.5106 22.1172 2.4
      vertex 68.4438 22.3837 13.9
      vertex 68.4438 22.3837 2.4
    endloop
  endfacet
  facet normal -0.969992 -0.243135 0
    outer loop
      vertex 68.4438 22.3837 13.9
      vertex 68.5106 22.1172 2.4
      vertex 68.5106 22.1172 13.9
    endloop
  endfacet
  facet normal -0.803177 -0.595741 0
    outer loop
      vertex 69.0256 21.1537 2.4
      vertex 68.8619 21.3744 13.9
      vertex 68.8619 21.3744 2.4
    endloop
  endfacet
  facet normal -0.803177 -0.595741 0
    outer loop
      vertex 68.8619 21.3744 13.9
      vertex 69.0256 21.1537 2.4
      vertex 69.0256 21.1537 13.9
    endloop
  endfacet
  facet normal -0.74101 -0.671494 0
    outer loop
      vertex 69.2101 20.9501 2.4
      vertex 69.0256 21.1537 13.9
      vertex 69.0256 21.1537 2.4
    endloop
  endfacet
  facet normal -0.74101 -0.671494 0
    outer loop
      vertex 69.0256 21.1537 13.9
      vertex 69.2101 20.9501 2.4
      vertex 69.2101 20.9501 13.9
    endloop
  endfacet
  facet normal -0.857686 -0.514175 0
    outer loop
      vertex 68.8619 21.3744 2.4
      vertex 68.7206 21.6101 13.9
      vertex 68.7206 21.6101 2.4
    endloop
  endfacet
  facet normal -0.857686 -0.514175 0
    outer loop
      vertex 68.7206 21.6101 13.9
      vertex 68.8619 21.3744 2.4
      vertex 68.8619 21.3744 13.9
    endloop
  endfacet
  facet normal -0.941618 -0.336682 0
    outer loop
      vertex 68.6031 21.8585 2.4
      vertex 68.5106 22.1172 13.9
      vertex 68.5106 22.1172 2.4
    endloop
  endfacet
  facet normal -0.941618 -0.336682 0
    outer loop
      vertex 68.5106 22.1172 13.9
      vertex 68.6031 21.8585 2.4
      vertex 68.6031 21.8585 13.9
    endloop
  endfacet
  facet normal -0.989194 -0.146615 0
    outer loop
      vertex 68.4438 22.3837 2.4
      vertex 68.4035 22.6556 13.9
      vertex 68.4035 22.6556 2.4
    endloop
  endfacet
  facet normal -0.989194 -0.146615 0
    outer loop
      vertex 68.4035 22.6556 13.9
      vertex 68.4438 22.3837 2.4
      vertex 68.4438 22.3837 13.9
    endloop
  endfacet
  facet normal -0.514175 -0.857686 0
    outer loop
      vertex 69.6344 20.6019 2.4
      vertex 69.8701 20.4606 13.9
      vertex 69.6344 20.6019 13.9
    endloop
  endfacet
  facet normal -0.514175 -0.857686 -0
    outer loop
      vertex 69.8701 20.4606 13.9
      vertex 69.6344 20.6019 2.4
      vertex 69.8701 20.4606 2.4
    endloop
  endfacet
  facet normal -0.427601 -0.903967 0
    outer loop
      vertex 69.8701 20.4606 2.4
      vertex 70.1185 20.3431 13.9
      vertex 69.8701 20.4606 13.9
    endloop
  endfacet
  facet normal -0.427601 -0.903967 -0
    outer loop
      vertex 70.1185 20.3431 13.9
      vertex 69.8701 20.4606 2.4
      vertex 70.1185 20.3431 2.4
    endloop
  endfacet
  facet normal -0.595741 -0.803177 0
    outer loop
      vertex 69.4137 20.7656 2.4
      vertex 69.6344 20.6019 13.9
      vertex 69.4137 20.7656 13.9
    endloop
  endfacet
  facet normal -0.595741 -0.803177 -0
    outer loop
      vertex 69.6344 20.6019 13.9
      vertex 69.4137 20.7656 2.4
      vertex 69.6344 20.6019 2.4
    endloop
  endfacet
  facet normal -0.146615 -0.989194 0
    outer loop
      vertex 70.6437 20.1838 2.4
      vertex 70.9156 20.1435 13.9
      vertex 70.6437 20.1838 13.9
    endloop
  endfacet
  facet normal -0.146615 -0.989194 -0
    outer loop
      vertex 70.9156 20.1435 13.9
      vertex 70.6437 20.1838 2.4
      vertex 70.9156 20.1435 2.4
    endloop
  endfacet
  facet normal -0.903967 0.427601 0
    outer loop
      vertex 68.6031 24.0015 2.4
      vertex 68.7206 24.2499 13.9
      vertex 68.7206 24.2499 2.4
    endloop
  endfacet
  facet normal -0.903967 0.427601 0
    outer loop
      vertex 68.7206 24.2499 13.9
      vertex 68.6031 24.0015 2.4
      vertex 68.6031 24.0015 13.9
    endloop
  endfacet
  facet normal 0.941618 0.336682 0
    outer loop
      vertex 73.8694 23.7428 13.9
      vertex 73.7769 24.0015 2.4
      vertex 73.7769 24.0015 13.9
    endloop
  endfacet
  facet normal 0.941618 0.336682 0
    outer loop
      vertex 73.7769 24.0015 2.4
      vertex 73.8694 23.7428 13.9
      vertex 73.8694 23.7428 2.4
    endloop
  endfacet
  facet normal 0.989194 0.146615 0
    outer loop
      vertex 73.9765 23.2044 13.9
      vertex 73.9362 23.4763 2.4
      vertex 73.9362 23.4763 13.9
    endloop
  endfacet
  facet normal 0.989194 0.146615 0
    outer loop
      vertex 73.9362 23.4763 2.4
      vertex 73.9765 23.2044 13.9
      vertex 73.9765 23.2044 2.4
    endloop
  endfacet
  facet normal 0.998792 0.0491388 0
    outer loop
      vertex 73.99 22.93 13.9
      vertex 73.9765 23.2044 2.4
      vertex 73.9765 23.2044 13.9
    endloop
  endfacet
  facet normal 0.998792 0.0491388 0
    outer loop
      vertex 73.9765 23.2044 2.4
      vertex 73.99 22.93 13.9
      vertex 73.99 22.93 2.4
    endloop
  endfacet
  facet normal 0.514175 0.857686 -0
    outer loop
      vertex 72.7456 25.2581 2.4
      vertex 72.5099 25.3994 13.9
      vertex 72.7456 25.2581 13.9
    endloop
  endfacet
  facet normal 0.514175 0.857686 0
    outer loop
      vertex 72.5099 25.3994 13.9
      vertex 72.7456 25.2581 2.4
      vertex 72.5099 25.3994 2.4
    endloop
  endfacet
  facet normal 0.903967 0.427601 0
    outer loop
      vertex 73.7769 24.0015 13.9
      vertex 73.6594 24.2499 2.4
      vertex 73.6594 24.2499 13.9
    endloop
  endfacet
  facet normal 0.903967 0.427601 0
    outer loop
      vertex 73.6594 24.2499 2.4
      vertex 73.7769 24.0015 13.9
      vertex 73.7769 24.0015 2.4
    endloop
  endfacet
  facet normal -0.803177 0.595741 0
    outer loop
      vertex 68.8619 24.4856 2.4
      vertex 69.0256 24.7063 13.9
      vertex 69.0256 24.7063 2.4
    endloop
  endfacet
  facet normal -0.803177 0.595741 0
    outer loop
      vertex 69.0256 24.7063 13.9
      vertex 68.8619 24.4856 2.4
      vertex 68.8619 24.4856 13.9
    endloop
  endfacet
  facet normal -0.969992 0.243135 0
    outer loop
      vertex 68.4438 23.4763 2.4
      vertex 68.5106 23.7428 13.9
      vertex 68.5106 23.7428 2.4
    endloop
  endfacet
  facet normal -0.969992 0.243135 0
    outer loop
      vertex 68.5106 23.7428 13.9
      vertex 68.4438 23.4763 2.4
      vertex 68.4438 23.4763 13.9
    endloop
  endfacet
  facet normal -0.998792 0.0491388 0
    outer loop
      vertex 68.39 22.93 2.4
      vertex 68.4035 23.2044 13.9
      vertex 68.4035 23.2044 2.4
    endloop
  endfacet
  facet normal -0.998792 0.0491388 0
    outer loop
      vertex 68.4035 23.2044 13.9
      vertex 68.39 22.93 2.4
      vertex 68.39 22.93 13.9
    endloop
  endfacet
  facet normal -0.989194 0.146615 0
    outer loop
      vertex 68.4035 23.2044 2.4
      vertex 68.4438 23.4763 13.9
      vertex 68.4438 23.4763 2.4
    endloop
  endfacet
  facet normal -0.989194 0.146615 0
    outer loop
      vertex 68.4438 23.4763 13.9
      vertex 68.4035 23.2044 2.4
      vertex 68.4035 23.2044 13.9
    endloop
  endfacet
  facet normal 0.146626 0.989192 0
    outer loop
      vertex 71.6432 25.69 2.4
      vertex 71.7363 25.6762 13.9
      vertex 71.7363 25.6762 2.4
    endloop
  endfacet
  facet normal 0.146615 0.989194 9.17429e-08
    outer loop
      vertex 71.7363 25.6762 13.9
      vertex 71.6432 25.69 2.4
      vertex 71.4644 25.7165 13.9
    endloop
  endfacet
  facet normal 0.146609 0.989195 0
    outer loop
      vertex 71.4644 25.7165 13.9
      vertex 71.6432 25.69 2.4
      vertex 71.4644 25.7165 2.4
    endloop
  endfacet
  facet normal 0.427601 0.903967 -0
    outer loop
      vertex 72.5099 25.3994 2.4
      vertex 72.2615 25.5169 13.9
      vertex 72.5099 25.3994 13.9
    endloop
  endfacet
  facet normal 0.427601 0.903967 0
    outer loop
      vertex 72.2615 25.5169 13.9
      vertex 72.5099 25.3994 2.4
      vertex 72.2615 25.5169 2.4
    endloop
  endfacet
  facet normal 0.336682 0.941618 -0
    outer loop
      vertex 72.2615 25.5169 2.4
      vertex 72.0028 25.6094 13.9
      vertex 72.2615 25.5169 13.9
    endloop
  endfacet
  facet normal 0.336682 0.941618 0
    outer loop
      vertex 72.0028 25.6094 13.9
      vertex 72.2615 25.5169 2.4
      vertex 72.0028 25.6094 2.4
    endloop
  endfacet
  facet normal 0.857686 0.514175 0
    outer loop
      vertex 73.6594 24.2499 13.9
      vertex 73.5181 24.4856 2.4
      vertex 73.5181 24.4856 13.9
    endloop
  endfacet
  facet normal 0.857686 0.514175 0
    outer loop
      vertex 73.5181 24.4856 2.4
      vertex 73.6594 24.2499 13.9
      vertex 73.6594 24.2499 2.4
    endloop
  endfacet
  facet normal 0.0491388 0.998792 -0
    outer loop
      vertex 71.4644 25.7165 2.4
      vertex 71.19 25.73 13.9
      vertex 71.4644 25.7165 13.9
    endloop
  endfacet
  facet normal 0.0491388 0.998792 0
    outer loop
      vertex 71.19 25.73 13.9
      vertex 71.4644 25.7165 2.4
      vertex 71.19 25.73 2.4
    endloop
  endfacet
  facet normal -0.146615 0.989194 0
    outer loop
      vertex 70.9156 25.7165 2.4
      vertex 70.6437 25.6762 13.9
      vertex 70.9156 25.7165 13.9
    endloop
  endfacet
  facet normal -0.146609 0.989195 1.39513e-07
    outer loop
      vertex 70.7368 25.69 2.4
      vertex 70.6437 25.6762 13.9
      vertex 70.9156 25.7165 2.4
    endloop
  endfacet
  facet normal -0.146626 0.989192 0
    outer loop
      vertex 70.6437 25.6762 13.9
      vertex 70.7368 25.69 2.4
      vertex 70.6437 25.6762 2.4
    endloop
  endfacet
  facet normal -0.514175 0.857686 0
    outer loop
      vertex 69.8701 25.3994 2.4
      vertex 69.6344 25.2581 13.9
      vertex 69.8701 25.3994 13.9
    endloop
  endfacet
  facet normal -0.514175 0.857686 0
    outer loop
      vertex 69.6344 25.2581 13.9
      vertex 69.8701 25.3994 2.4
      vertex 69.6344 25.2581 2.4
    endloop
  endfacet
  facet normal -0.671494 0.74101 0
    outer loop
      vertex 69.4137 25.0944 2.4
      vertex 69.2101 24.9099 13.9
      vertex 69.4137 25.0944 13.9
    endloop
  endfacet
  facet normal -0.671494 0.74101 0
    outer loop
      vertex 69.2101 24.9099 13.9
      vertex 69.4137 25.0944 2.4
      vertex 69.2101 24.9099 2.4
    endloop
  endfacet
  facet normal -0.427601 0.903967 0
    outer loop
      vertex 70.1185 25.5169 2.4
      vertex 69.8701 25.3994 13.9
      vertex 70.1185 25.5169 13.9
    endloop
  endfacet
  facet normal -0.427601 0.903967 0
    outer loop
      vertex 69.8701 25.3994 13.9
      vertex 70.1185 25.5169 2.4
      vertex 69.8701 25.3994 2.4
    endloop
  endfacet
  facet normal -0.857686 0.514175 0
    outer loop
      vertex 68.7206 24.2499 2.4
      vertex 68.8619 24.4856 13.9
      vertex 68.8619 24.4856 2.4
    endloop
  endfacet
  facet normal -0.857686 0.514175 0
    outer loop
      vertex 68.8619 24.4856 13.9
      vertex 68.7206 24.2499 2.4
      vertex 68.7206 24.2499 13.9
    endloop
  endfacet
  facet normal -0.74101 0.671494 0
    outer loop
      vertex 69.0256 24.7063 2.4
      vertex 69.2101 24.9099 13.9
      vertex 69.2101 24.9099 2.4
    endloop
  endfacet
  facet normal -0.74101 0.671494 0
    outer loop
      vertex 69.2101 24.9099 13.9
      vertex 69.0256 24.7063 2.4
      vertex 69.0256 24.7063 13.9
    endloop
  endfacet
  facet normal -0.941618 0.336682 0
    outer loop
      vertex 68.5106 23.7428 2.4
      vertex 68.6031 24.0015 13.9
      vertex 68.6031 24.0015 2.4
    endloop
  endfacet
  facet normal -0.941618 0.336682 0
    outer loop
      vertex 68.6031 24.0015 13.9
      vertex 68.5106 23.7428 2.4
      vertex 68.5106 23.7428 13.9
    endloop
  endfacet
  facet normal 0.243135 0.969992 -0
    outer loop
      vertex 72.0028 25.6094 2.4
      vertex 71.7363 25.6762 13.9
      vertex 72.0028 25.6094 13.9
    endloop
  endfacet
  facet normal 0.243135 0.969992 0
    outer loop
      vertex 71.7363 25.6762 13.9
      vertex 72.0028 25.6094 2.4
      vertex 71.7363 25.6762 2.4
    endloop
  endfacet
  facet normal 0.595741 0.803177 -0
    outer loop
      vertex 72.9663 25.0944 2.4
      vertex 72.7456 25.2581 13.9
      vertex 72.9663 25.0944 13.9
    endloop
  endfacet
  facet normal 0.595741 0.803177 0
    outer loop
      vertex 72.7456 25.2581 13.9
      vertex 72.9663 25.0944 2.4
      vertex 72.7456 25.2581 2.4
    endloop
  endfacet
  facet normal 0.74101 0.671494 0
    outer loop
      vertex 73.3544 24.7063 13.9
      vertex 73.1699 24.9099 2.4
      vertex 73.1699 24.9099 13.9
    endloop
  endfacet
  facet normal 0.74101 0.671494 0
    outer loop
      vertex 73.1699 24.9099 2.4
      vertex 73.3544 24.7063 13.9
      vertex 73.3544 24.7063 2.4
    endloop
  endfacet
  facet normal 0.671494 0.74101 -0
    outer loop
      vertex 73.1699 24.9099 2.4
      vertex 72.9663 25.0944 13.9
      vertex 73.1699 24.9099 13.9
    endloop
  endfacet
  facet normal 0.671494 0.74101 0
    outer loop
      vertex 72.9663 25.0944 13.9
      vertex 73.1699 24.9099 2.4
      vertex 72.9663 25.0944 2.4
    endloop
  endfacet
  facet normal -0.336682 0.941618 0
    outer loop
      vertex 70.3772 25.6094 2.4
      vertex 70.1185 25.5169 13.9
      vertex 70.3772 25.6094 13.9
    endloop
  endfacet
  facet normal -0.336682 0.941618 0
    outer loop
      vertex 70.1185 25.5169 13.9
      vertex 70.3772 25.6094 2.4
      vertex 70.1185 25.5169 2.4
    endloop
  endfacet
  facet normal -0.243135 0.969992 0
    outer loop
      vertex 70.6437 25.6762 2.4
      vertex 70.3772 25.6094 13.9
      vertex 70.6437 25.6762 13.9
    endloop
  endfacet
  facet normal -0.243135 0.969992 0
    outer loop
      vertex 70.3772 25.6094 13.9
      vertex 70.6437 25.6762 2.4
      vertex 70.3772 25.6094 2.4
    endloop
  endfacet
  facet normal -0.595741 0.803177 0
    outer loop
      vertex 69.6344 25.2581 2.4
      vertex 69.4137 25.0944 13.9
      vertex 69.6344 25.2581 13.9
    endloop
  endfacet
  facet normal -0.595741 0.803177 0
    outer loop
      vertex 69.4137 25.0944 13.9
      vertex 69.6344 25.2581 2.4
      vertex 69.4137 25.0944 2.4
    endloop
  endfacet
  facet normal 0.97005 -0.242904 0
    outer loop
      vertex 72.434 22.5526 16.1
      vertex 72.465 22.6764 13.9
      vertex 72.465 22.6764 16.1
    endloop
  endfacet
  facet normal 0.97005 -0.242904 0
    outer loop
      vertex 72.465 22.6764 13.9
      vertex 72.434 22.5526 16.1
      vertex 72.434 22.5526 13.9
    endloop
  endfacet
  facet normal 0.99878 -0.0493902 0
    outer loop
      vertex 72.4837 22.8026 16.1
      vertex 72.49 22.93 13.9
      vertex 72.49 22.93 16.1
    endloop
  endfacet
  facet normal 0.99878 -0.0493902 0
    outer loop
      vertex 72.49 22.93 13.9
      vertex 72.4837 22.8026 16.1
      vertex 72.4837 22.8026 13.9
    endloop
  endfacet
  facet normal -0.99878 -0.0493902 0
    outer loop
      vertex 69.8963 22.8026 13.9
      vertex 69.89 22.93 16.1
      vertex 69.89 22.93 13.9
    endloop
  endfacet
  facet normal -0.99878 -0.0493902 0
    outer loop
      vertex 69.89 22.93 16.1
      vertex 69.8963 22.8026 13.9
      vertex 69.8963 22.8026 16.1
    endloop
  endfacet
  facet normal 0.0493902 -0.99878 0
    outer loop
      vertex 71.19 21.63 13.9
      vertex 71.3174 21.6363 16.1
      vertex 71.19 21.63 16.1
    endloop
  endfacet
  facet normal 0.0493902 -0.99878 0
    outer loop
      vertex 71.3174 21.6363 16.1
      vertex 71.19 21.63 13.9
      vertex 71.3174 21.6363 13.9
    endloop
  endfacet
  facet normal 0.671775 -0.740755 0
    outer loop
      vertex 72.0147 21.9251 13.9
      vertex 72.1092 22.0108 16.1
      vertex 72.0147 21.9251 16.1
    endloop
  endfacet
  facet normal 0.671775 -0.740755 0
    outer loop
      vertex 72.1092 22.0108 16.1
      vertex 72.0147 21.9251 13.9
      vertex 72.1092 22.0108 13.9
    endloop
  endfacet
  facet normal -0.671775 -0.740755 0
    outer loop
      vertex 70.2708 22.0108 13.9
      vertex 70.3653 21.9251 16.1
      vertex 70.2708 22.0108 16.1
    endloop
  endfacet
  facet normal -0.671775 -0.740755 -0
    outer loop
      vertex 70.3653 21.9251 16.1
      vertex 70.2708 22.0108 13.9
      vertex 70.3653 21.9251 13.9
    endloop
  endfacet
  facet normal -0.337081 -0.941476 0
    outer loop
      vertex 70.6925 21.729 13.9
      vertex 70.8126 21.686 16.1
      vertex 70.6925 21.729 16.1
    endloop
  endfacet
  facet normal -0.337081 -0.941476 -0
    outer loop
      vertex 70.8126 21.686 16.1
      vertex 70.6925 21.729 13.9
      vertex 70.8126 21.686 13.9
    endloop
  endfacet
  facet normal -0.803279 0.595602 0
    outer loop
      vertex 70.1091 23.6522 13.9
      vertex 70.1851 23.7547 16.1
      vertex 70.1851 23.7547 13.9
    endloop
  endfacet
  facet normal -0.803279 0.595602 0
    outer loop
      vertex 70.1851 23.7547 16.1
      vertex 70.1091 23.6522 13.9
      vertex 70.1091 23.6522 16.1
    endloop
  endfacet
  facet normal 0.941476 -0.337081 0
    outer loop
      vertex 72.391 22.4325 16.1
      vertex 72.434 22.5526 13.9
      vertex 72.434 22.5526 16.1
    endloop
  endfacet
  facet normal 0.941476 -0.337081 0
    outer loop
      vertex 72.434 22.5526 13.9
      vertex 72.391 22.4325 16.1
      vertex 72.391 22.4325 13.9
    endloop
  endfacet
  facet normal 0.337081 -0.941476 0
    outer loop
      vertex 71.5674 21.686 13.9
      vertex 71.6875 21.729 16.1
      vertex 71.5674 21.686 16.1
    endloop
  endfacet
  facet normal 0.337081 -0.941476 0
    outer loop
      vertex 71.6875 21.729 16.1
      vertex 71.5674 21.686 13.9
      vertex 71.6875 21.729 13.9
    endloop
  endfacet
  facet normal 0.242904 -0.97005 0
    outer loop
      vertex 71.4436 21.655 13.9
      vertex 71.5674 21.686 16.1
      vertex 71.4436 21.655 16.1
    endloop
  endfacet
  facet normal 0.242904 -0.97005 0
    outer loop
      vertex 71.5674 21.686 16.1
      vertex 71.4436 21.655 13.9
      vertex 71.5674 21.686 13.9
    endloop
  endfacet
  facet normal -0.857631 -0.514265 0
    outer loop
      vertex 70.1091 22.2078 13.9
      vertex 70.0435 22.3172 16.1
      vertex 70.0435 22.3172 13.9
    endloop
  endfacet
  facet normal -0.857631 -0.514265 0
    outer loop
      vertex 70.0435 22.3172 16.1
      vertex 70.1091 22.2078 13.9
      vertex 70.1091 22.2078 16.1
    endloop
  endfacet
  facet normal -0.803279 -0.595602 0
    outer loop
      vertex 70.1851 22.1053 13.9
      vertex 70.1091 22.2078 16.1
      vertex 70.1091 22.2078 13.9
    endloop
  endfacet
  facet normal -0.803279 -0.595602 0
    outer loop
      vertex 70.1091 22.2078 16.1
      vertex 70.1851 22.1053 13.9
      vertex 70.1851 22.1053 16.1
    endloop
  endfacet
  facet normal 0.904089 0.427345 0
    outer loop
      vertex 72.391 23.4275 16.1
      vertex 72.3365 23.5428 13.9
      vertex 72.3365 23.5428 16.1
    endloop
  endfacet
  facet normal 0.904089 0.427345 0
    outer loop
      vertex 72.3365 23.5428 13.9
      vertex 72.391 23.4275 16.1
      vertex 72.391 23.4275 13.9
    endloop
  endfacet
  facet normal 0.242904 0.97005 -0
    outer loop
      vertex 71.5674 24.174 13.9
      vertex 71.4436 24.205 16.1
      vertex 71.5674 24.174 16.1
    endloop
  endfacet
  facet normal 0.242904 0.97005 0
    outer loop
      vertex 71.4436 24.205 16.1
      vertex 71.5674 24.174 13.9
      vertex 71.4436 24.205 13.9
    endloop
  endfacet
  facet normal 0.740755 0.671775 0
    outer loop
      vertex 72.1949 23.7547 16.1
      vertex 72.1092 23.8492 13.9
      vertex 72.1092 23.8492 16.1
    endloop
  endfacet
  facet normal 0.740755 0.671775 0
    outer loop
      vertex 72.1092 23.8492 13.9
      vertex 72.1949 23.7547 16.1
      vertex 72.1949 23.7547 13.9
    endloop
  endfacet
  facet normal 0.989199 0.146577 0
    outer loop
      vertex 72.4837 23.0574 16.1
      vertex 72.465 23.1836 13.9
      vertex 72.465 23.1836 16.1
    endloop
  endfacet
  facet normal 0.989199 0.146577 0
    outer loop
      vertex 72.465 23.1836 13.9
      vertex 72.4837 23.0574 16.1
      vertex 72.4837 23.0574 13.9
    endloop
  endfacet
  facet normal 0.97005 0.242904 0
    outer loop
      vertex 72.465 23.1836 16.1
      vertex 72.434 23.3074 13.9
      vertex 72.434 23.3074 16.1
    endloop
  endfacet
  facet normal 0.97005 0.242904 0
    outer loop
      vertex 72.434 23.3074 13.9
      vertex 72.465 23.1836 16.1
      vertex 72.465 23.1836 13.9
    endloop
  endfacet
  facet normal -0.337081 0.941476 0
    outer loop
      vertex 70.8126 24.174 13.9
      vertex 70.6925 24.131 16.1
      vertex 70.8126 24.174 16.1
    endloop
  endfacet
  facet normal -0.337081 0.941476 0
    outer loop
      vertex 70.6925 24.131 16.1
      vertex 70.8126 24.174 13.9
      vertex 70.6925 24.131 13.9
    endloop
  endfacet
  facet normal -0.514265 0.857631 0
    outer loop
      vertex 70.5772 24.0765 13.9
      vertex 70.4678 24.0109 16.1
      vertex 70.5772 24.0765 16.1
    endloop
  endfacet
  facet normal -0.514265 0.857631 0
    outer loop
      vertex 70.4678 24.0109 16.1
      vertex 70.5772 24.0765 13.9
      vertex 70.4678 24.0109 13.9
    endloop
  endfacet
  facet normal 0.989199 -0.146577 0
    outer loop
      vertex 72.465 22.6764 16.1
      vertex 72.4837 22.8026 13.9
      vertex 72.4837 22.8026 16.1
    endloop
  endfacet
  facet normal 0.989199 -0.146577 0
    outer loop
      vertex 72.4837 22.8026 13.9
      vertex 72.465 22.6764 16.1
      vertex 72.465 22.6764 13.9
    endloop
  endfacet
  facet normal 0.904089 -0.427345 0
    outer loop
      vertex 72.3365 22.3172 16.1
      vertex 72.391 22.4325 13.9
      vertex 72.391 22.4325 16.1
    endloop
  endfacet
  facet normal 0.904089 -0.427345 0
    outer loop
      vertex 72.391 22.4325 13.9
      vertex 72.3365 22.3172 16.1
      vertex 72.3365 22.3172 13.9
    endloop
  endfacet
  facet normal 0.857631 -0.514265 0
    outer loop
      vertex 72.2709 22.2078 16.1
      vertex 72.3365 22.3172 13.9
      vertex 72.3365 22.3172 16.1
    endloop
  endfacet
  facet normal 0.857631 -0.514265 0
    outer loop
      vertex 72.3365 22.3172 13.9
      vertex 72.2709 22.2078 16.1
      vertex 72.2709 22.2078 13.9
    endloop
  endfacet
  facet normal 0.803279 -0.595602 0
    outer loop
      vertex 72.1949 22.1053 16.1
      vertex 72.2709 22.2078 13.9
      vertex 72.2709 22.2078 16.1
    endloop
  endfacet
  facet normal 0.803279 -0.595602 0
    outer loop
      vertex 72.2709 22.2078 13.9
      vertex 72.1949 22.1053 16.1
      vertex 72.1949 22.1053 13.9
    endloop
  endfacet
  facet normal 0.146577 -0.989199 0
    outer loop
      vertex 71.3174 21.6363 13.9
      vertex 71.4436 21.655 16.1
      vertex 71.3174 21.6363 16.1
    endloop
  endfacet
  facet normal 0.146577 -0.989199 0
    outer loop
      vertex 71.4436 21.655 16.1
      vertex 71.3174 21.6363 13.9
      vertex 71.4436 21.655 13.9
    endloop
  endfacet
  facet normal 0.595602 -0.803279 0
    outer loop
      vertex 71.9122 21.8491 13.9
      vertex 72.0147 21.9251 16.1
      vertex 71.9122 21.8491 16.1
    endloop
  endfacet
  facet normal 0.595602 -0.803279 0
    outer loop
      vertex 72.0147 21.9251 16.1
      vertex 71.9122 21.8491 13.9
      vertex 72.0147 21.9251 13.9
    endloop
  endfacet
  facet normal 0.514265 -0.857631 0
    outer loop
      vertex 71.8028 21.7835 13.9
      vertex 71.9122 21.8491 16.1
      vertex 71.8028 21.7835 16.1
    endloop
  endfacet
  facet normal 0.514265 -0.857631 0
    outer loop
      vertex 71.9122 21.8491 16.1
      vertex 71.8028 21.7835 13.9
      vertex 71.9122 21.8491 13.9
    endloop
  endfacet
  facet normal -0.740755 -0.671775 0
    outer loop
      vertex 70.2708 22.0108 13.9
      vertex 70.1851 22.1053 16.1
      vertex 70.1851 22.1053 13.9
    endloop
  endfacet
  facet normal -0.740755 -0.671775 0
    outer loop
      vertex 70.1851 22.1053 16.1
      vertex 70.2708 22.0108 13.9
      vertex 70.2708 22.0108 16.1
    endloop
  endfacet
  facet normal -0.904089 -0.427345 0
    outer loop
      vertex 70.0435 22.3172 13.9
      vertex 69.989 22.4325 16.1
      vertex 69.989 22.4325 13.9
    endloop
  endfacet
  facet normal -0.904089 -0.427345 0
    outer loop
      vertex 69.989 22.4325 16.1
      vertex 70.0435 22.3172 13.9
      vertex 70.0435 22.3172 16.1
    endloop
  endfacet
  facet normal -0.941476 -0.337081 0
    outer loop
      vertex 69.989 22.4325 13.9
      vertex 69.946 22.5526 16.1
      vertex 69.946 22.5526 13.9
    endloop
  endfacet
  facet normal -0.941476 -0.337081 0
    outer loop
      vertex 69.946 22.5526 16.1
      vertex 69.989 22.4325 13.9
      vertex 69.989 22.4325 16.1
    endloop
  endfacet
  facet normal -0.97005 -0.242904 0
    outer loop
      vertex 69.946 22.5526 13.9
      vertex 69.915 22.6764 16.1
      vertex 69.915 22.6764 13.9
    endloop
  endfacet
  facet normal -0.97005 -0.242904 0
    outer loop
      vertex 69.915 22.6764 16.1
      vertex 69.946 22.5526 13.9
      vertex 69.946 22.5526 16.1
    endloop
  endfacet
  facet normal -0.989199 -0.146577 0
    outer loop
      vertex 69.915 22.6764 13.9
      vertex 69.8963 22.8026 16.1
      vertex 69.8963 22.8026 13.9
    endloop
  endfacet
  facet normal -0.989199 -0.146577 0
    outer loop
      vertex 69.8963 22.8026 16.1
      vertex 69.915 22.6764 13.9
      vertex 69.915 22.6764 16.1
    endloop
  endfacet
  facet normal -0.427345 -0.904089 0
    outer loop
      vertex 70.5772 21.7835 13.9
      vertex 70.6925 21.729 16.1
      vertex 70.5772 21.7835 16.1
    endloop
  endfacet
  facet normal -0.427345 -0.904089 -0
    outer loop
      vertex 70.6925 21.729 16.1
      vertex 70.5772 21.7835 13.9
      vertex 70.6925 21.729 13.9
    endloop
  endfacet
  facet normal -0.514265 -0.857631 0
    outer loop
      vertex 70.4678 21.8491 13.9
      vertex 70.5772 21.7835 16.1
      vertex 70.4678 21.8491 16.1
    endloop
  endfacet
  facet normal -0.514265 -0.857631 -0
    outer loop
      vertex 70.5772 21.7835 16.1
      vertex 70.4678 21.8491 13.9
      vertex 70.5772 21.7835 13.9
    endloop
  endfacet
  facet normal -0.595602 -0.803279 0
    outer loop
      vertex 70.3653 21.9251 13.9
      vertex 70.4678 21.8491 16.1
      vertex 70.3653 21.9251 16.1
    endloop
  endfacet
  facet normal -0.595602 -0.803279 -0
    outer loop
      vertex 70.4678 21.8491 16.1
      vertex 70.3653 21.9251 13.9
      vertex 70.4678 21.8491 13.9
    endloop
  endfacet
  facet normal -0.0493902 -0.99878 0
    outer loop
      vertex 71.0626 21.6363 13.9
      vertex 71.19 21.63 16.1
      vertex 71.0626 21.6363 16.1
    endloop
  endfacet
  facet normal -0.0493902 -0.99878 -0
    outer loop
      vertex 71.19 21.63 16.1
      vertex 71.0626 21.6363 13.9
      vertex 71.19 21.63 13.9
    endloop
  endfacet
  facet normal -0.146577 -0.989199 0
    outer loop
      vertex 70.9364 21.655 13.9
      vertex 71.0626 21.6363 16.1
      vertex 70.9364 21.655 16.1
    endloop
  endfacet
  facet normal -0.146577 -0.989199 -0
    outer loop
      vertex 71.0626 21.6363 16.1
      vertex 70.9364 21.655 13.9
      vertex 71.0626 21.6363 13.9
    endloop
  endfacet
  facet normal 0.0493902 0.99878 -0
    outer loop
      vertex 71.3174 24.2237 13.9
      vertex 71.19 24.23 16.1
      vertex 71.3174 24.2237 16.1
    endloop
  endfacet
  facet normal 0.0493902 0.99878 0
    outer loop
      vertex 71.19 24.23 16.1
      vertex 71.3174 24.2237 13.9
      vertex 71.19 24.23 13.9
    endloop
  endfacet
  facet normal 0.146577 0.989199 -0
    outer loop
      vertex 71.4436 24.205 13.9
      vertex 71.3174 24.2237 16.1
      vertex 71.4436 24.205 16.1
    endloop
  endfacet
  facet normal 0.146577 0.989199 0
    outer loop
      vertex 71.3174 24.2237 16.1
      vertex 71.4436 24.205 13.9
      vertex 71.3174 24.2237 13.9
    endloop
  endfacet
  facet normal 0.514265 0.857631 -0
    outer loop
      vertex 71.9122 24.0109 13.9
      vertex 71.8028 24.0765 16.1
      vertex 71.9122 24.0109 16.1
    endloop
  endfacet
  facet normal 0.514265 0.857631 0
    outer loop
      vertex 71.8028 24.0765 16.1
      vertex 71.9122 24.0109 13.9
      vertex 71.8028 24.0765 13.9
    endloop
  endfacet
  facet normal 0.671775 0.740755 -0
    outer loop
      vertex 72.1092 23.8492 13.9
      vertex 72.0147 23.9349 16.1
      vertex 72.1092 23.8492 16.1
    endloop
  endfacet
  facet normal 0.671775 0.740755 0
    outer loop
      vertex 72.0147 23.9349 16.1
      vertex 72.1092 23.8492 13.9
      vertex 72.0147 23.9349 13.9
    endloop
  endfacet
  facet normal 0.803279 0.595602 0
    outer loop
      vertex 72.2709 23.6522 16.1
      vertex 72.1949 23.7547 13.9
      vertex 72.1949 23.7547 16.1
    endloop
  endfacet
  facet normal 0.803279 0.595602 0
    outer loop
      vertex 72.1949 23.7547 13.9
      vertex 72.2709 23.6522 16.1
      vertex 72.2709 23.6522 13.9
    endloop
  endfacet
  facet normal 0.857631 0.514265 0
    outer loop
      vertex 72.3365 23.5428 16.1
      vertex 72.2709 23.6522 13.9
      vertex 72.2709 23.6522 16.1
    endloop
  endfacet
  facet normal 0.857631 0.514265 0
    outer loop
      vertex 72.2709 23.6522 13.9
      vertex 72.3365 23.5428 16.1
      vertex 72.3365 23.5428 13.9
    endloop
  endfacet
  facet normal -0.146577 0.989199 0
    outer loop
      vertex 71.0626 24.2237 13.9
      vertex 70.9364 24.205 16.1
      vertex 71.0626 24.2237 16.1
    endloop
  endfacet
  facet normal -0.146577 0.989199 0
    outer loop
      vertex 70.9364 24.205 16.1
      vertex 71.0626 24.2237 13.9
      vertex 70.9364 24.205 13.9
    endloop
  endfacet
  facet normal -0.671775 0.740755 0
    outer loop
      vertex 70.3653 23.9349 13.9
      vertex 70.2708 23.8492 16.1
      vertex 70.3653 23.9349 16.1
    endloop
  endfacet
  facet normal -0.671775 0.740755 0
    outer loop
      vertex 70.2708 23.8492 16.1
      vertex 70.3653 23.9349 13.9
      vertex 70.2708 23.8492 13.9
    endloop
  endfacet
  facet normal -0.0493902 0.99878 0
    outer loop
      vertex 71.19 24.23 13.9
      vertex 71.0626 24.2237 16.1
      vertex 71.19 24.23 16.1
    endloop
  endfacet
  facet normal -0.0493902 0.99878 0
    outer loop
      vertex 71.0626 24.2237 16.1
      vertex 71.19 24.23 13.9
      vertex 71.0626 24.2237 13.9
    endloop
  endfacet
  facet normal -0.595602 0.803279 0
    outer loop
      vertex 70.4678 24.0109 13.9
      vertex 70.3653 23.9349 16.1
      vertex 70.4678 24.0109 16.1
    endloop
  endfacet
  facet normal -0.595602 0.803279 0
    outer loop
      vertex 70.3653 23.9349 16.1
      vertex 70.4678 24.0109 13.9
      vertex 70.3653 23.9349 13.9
    endloop
  endfacet
  facet normal -0.740755 0.671775 0
    outer loop
      vertex 70.1851 23.7547 13.9
      vertex 70.2708 23.8492 16.1
      vertex 70.2708 23.8492 13.9
    endloop
  endfacet
  facet normal -0.740755 0.671775 0
    outer loop
      vertex 70.2708 23.8492 16.1
      vertex 70.1851 23.7547 13.9
      vertex 70.1851 23.7547 16.1
    endloop
  endfacet
  facet normal -0.904089 0.427345 0
    outer loop
      vertex 69.989 23.4275 13.9
      vertex 70.0435 23.5428 16.1
      vertex 70.0435 23.5428 13.9
    endloop
  endfacet
  facet normal -0.904089 0.427345 0
    outer loop
      vertex 70.0435 23.5428 16.1
      vertex 69.989 23.4275 13.9
      vertex 69.989 23.4275 16.1
    endloop
  endfacet
  facet normal -0.97005 0.242904 0
    outer loop
      vertex 69.915 23.1836 13.9
      vertex 69.946 23.3074 16.1
      vertex 69.946 23.3074 13.9
    endloop
  endfacet
  facet normal -0.97005 0.242904 0
    outer loop
      vertex 69.946 23.3074 16.1
      vertex 69.915 23.1836 13.9
      vertex 69.915 23.1836 16.1
    endloop
  endfacet
  facet normal -0.99878 0.0493902 0
    outer loop
      vertex 69.89 22.93 13.9
      vertex 69.8963 23.0574 16.1
      vertex 69.8963 23.0574 13.9
    endloop
  endfacet
  facet normal -0.99878 0.0493902 0
    outer loop
      vertex 69.8963 23.0574 16.1
      vertex 69.89 22.93 13.9
      vertex 69.89 22.93 16.1
    endloop
  endfacet
  facet normal 0 0 1
    outer loop
      vertex 72.4837 23.0574 16.1
      vertex 72.4837 22.8026 16.1
      vertex 72.49 22.93 16.1
    endloop
  endfacet
  facet normal 0 0 1
    outer loop
      vertex 72.465 23.1836 16.1
      vertex 72.4837 22.8026 16.1
      vertex 72.4837 23.0574 16.1
    endloop
  endfacet
  facet normal 0 0 1
    outer loop
      vertex 72.465 23.1836 16.1
      vertex 72.465 22.6764 16.1
      vertex 72.4837 22.8026 16.1
    endloop
  endfacet
  facet normal 0 0 1
    outer loop
      vertex 72.434 23.3074 16.1
      vertex 72.465 22.6764 16.1
      vertex 72.465 23.1836 16.1
    endloop
  endfacet
  facet normal 0 0 1
    outer loop
      vertex 72.434 23.3074 16.1
      vertex 72.434 22.5526 16.1
      vertex 72.465 22.6764 16.1
    endloop
  endfacet
  facet normal 0 0 1
    outer loop
      vertex 72.391 23.4275 16.1
      vertex 72.434 22.5526 16.1
      vertex 72.434 23.3074 16.1
    endloop
  endfacet
  facet normal 0 0 1
    outer loop
      vertex 72.391 23.4275 16.1
      vertex 72.391 22.4325 16.1
      vertex 72.434 22.5526 16.1
    endloop
  endfacet
  facet normal 0 0 1
    outer loop
      vertex 72.3365 23.5428 16.1
      vertex 72.391 22.4325 16.1
      vertex 72.391 23.4275 16.1
    endloop
  endfacet
  facet normal 0 0 1
    outer loop
      vertex 72.3365 23.5428 16.1
      vertex 72.3365 22.3172 16.1
      vertex 72.391 22.4325 16.1
    endloop
  endfacet
  facet normal 0 0 1
    outer loop
      vertex 72.2709 23.6522 16.1
      vertex 72.3365 22.3172 16.1
      vertex 72.3365 23.5428 16.1
    endloop
  endfacet
  facet normal 0 0 1
    outer loop
      vertex 72.2709 23.6522 16.1
      vertex 72.2709 22.2078 16.1
      vertex 72.3365 22.3172 16.1
    endloop
  endfacet
  facet normal 0 0 1
    outer loop
      vertex 72.1949 23.7547 16.1
      vertex 72.2709 22.2078 16.1
      vertex 72.2709 23.6522 16.1
    endloop
  endfacet
  facet normal 0 0 1
    outer loop
      vertex 72.1949 23.7547 16.1
      vertex 72.1949 22.1053 16.1
      vertex 72.2709 22.2078 16.1
    endloop
  endfacet
  facet normal 0 0 1
    outer loop
      vertex 72.1092 23.8492 16.1
      vertex 72.1949 22.1053 16.1
      vertex 72.1949 23.7547 16.1
    endloop
  endfacet
  facet normal 0 0 1
    outer loop
      vertex 72.1092 23.8492 16.1
      vertex 72.1092 22.0108 16.1
      vertex 72.1949 22.1053 16.1
    endloop
  endfacet
  facet normal 0 0 1
    outer loop
      vertex 72.0147 23.9349 16.1
      vertex 72.1092 22.0108 16.1
      vertex 72.1092 23.8492 16.1
    endloop
  endfacet
  facet normal 0 0 1
    outer loop
      vertex 72.0147 23.9349 16.1
      vertex 72.0147 21.9251 16.1
      vertex 72.1092 22.0108 16.1
    endloop
  endfacet
  facet normal 0 0 1
    outer loop
      vertex 71.9122 24.0109 16.1
      vertex 72.0147 21.9251 16.1
      vertex 72.0147 23.9349 16.1
    endloop
  endfacet
  facet normal 0 0 1
    outer loop
      vertex 71.9122 24.0109 16.1
      vertex 71.9122 21.8491 16.1
      vertex 72.0147 21.9251 16.1
    endloop
  endfacet
  facet normal 0 0 1
    outer loop
      vertex 71.8028 24.0765 16.1
      vertex 71.9122 21.8491 16.1
      vertex 71.9122 24.0109 16.1
    endloop
  endfacet
  facet normal 0 0 1
    outer loop
      vertex 71.8028 24.0765 16.1
      vertex 71.8028 21.7835 16.1
      vertex 71.9122 21.8491 16.1
    endloop
  endfacet
  facet normal 0 0 1
    outer loop
      vertex 71.6875 24.131 16.1
      vertex 71.8028 21.7835 16.1
      vertex 71.8028 24.0765 16.1
    endloop
  endfacet
  facet normal 0 0 1
    outer loop
      vertex 71.6875 24.131 16.1
      vertex 71.6875 21.729 16.1
      vertex 71.8028 21.7835 16.1
    endloop
  endfacet
  facet normal 0 0 1
    outer loop
      vertex 71.5674 24.174 16.1
      vertex 71.6875 21.729 16.1
      vertex 71.6875 24.131 16.1
    endloop
  endfacet
  facet normal 0 0 1
    outer loop
      vertex 71.5674 24.174 16.1
      vertex 71.5674 21.686 16.1
      vertex 71.6875 21.729 16.1
    endloop
  endfacet
  facet normal 0 0 1
    outer loop
      vertex 71.4436 24.205 16.1
      vertex 71.5674 21.686 16.1
      vertex 71.5674 24.174 16.1
    endloop
  endfacet
  facet normal 0 0 1
    outer loop
      vertex 71.4436 24.205 16.1
      vertex 71.4436 21.655 16.1
      vertex 71.5674 21.686 16.1
    endloop
  endfacet
  facet normal 0 0 1
    outer loop
      vertex 71.3174 24.2237 16.1
      vertex 71.4436 21.655 16.1
      vertex 71.4436 24.205 16.1
    endloop
  endfacet
  facet normal 0 0 1
    outer loop
      vertex 71.3174 24.2237 16.1
      vertex 71.3174 21.6363 16.1
      vertex 71.4436 21.655 16.1
    endloop
  endfacet
  facet normal 0 0 1
    outer loop
      vertex 71.19 24.23 16.1
      vertex 71.3174 21.6363 16.1
      vertex 71.3174 24.2237 16.1
    endloop
  endfacet
  facet normal 0 0 1
    outer loop
      vertex 71.19 24.23 16.1
      vertex 71.19 21.63 16.1
      vertex 71.3174 21.6363 16.1
    endloop
  endfacet
  facet normal -0 0 1
    outer loop
      vertex 71.0626 24.2237 16.1
      vertex 71.19 21.63 16.1
      vertex 71.19 24.23 16.1
    endloop
  endfacet
  facet normal 0 0 1
    outer loop
      vertex 71.0626 24.2237 16.1
      vertex 71.0626 21.6363 16.1
      vertex 71.19 21.63 16.1
    endloop
  endfacet
  facet normal -0 0 1
    outer loop
      vertex 70.9364 24.205 16.1
      vertex 71.0626 21.6363 16.1
      vertex 71.0626 24.2237 16.1
    endloop
  endfacet
  facet normal 0 0 1
    outer loop
      vertex 70.9364 24.205 16.1
      vertex 70.9364 21.655 16.1
      vertex 71.0626 21.6363 16.1
    endloop
  endfacet
  facet normal -0 0 1
    outer loop
      vertex 70.8126 24.174 16.1
      vertex 70.9364 21.655 16.1
      vertex 70.9364 24.205 16.1
    endloop
  endfacet
  facet normal 0 0 1
    outer loop
      vertex 70.8126 24.174 16.1
      vertex 70.8126 21.686 16.1
      vertex 70.9364 21.655 16.1
    endloop
  endfacet
  facet normal -0 0 1
    outer loop
      vertex 70.6925 24.131 16.1
      vertex 70.8126 21.686 16.1
      vertex 70.8126 24.174 16.1
    endloop
  endfacet
  facet normal 0 0 1
    outer loop
      vertex 70.6925 24.131 16.1
      vertex 70.6925 21.729 16.1
      vertex 70.8126 21.686 16.1
    endloop
  endfacet
  facet normal -0 0 1
    outer loop
      vertex 70.5772 24.0765 16.1
      vertex 70.6925 21.729 16.1
      vertex 70.6925 24.131 16.1
    endloop
  endfacet
  facet normal 0 0 1
    outer loop
      vertex 70.5772 24.0765 16.1
      vertex 70.5772 21.7835 16.1
      vertex 70.6925 21.729 16.1
    endloop
  endfacet
  facet normal -0 0 1
    outer loop
      vertex 70.4678 24.0109 16.1
      vertex 70.5772 21.7835 16.1
      vertex 70.5772 24.0765 16.1
    endloop
  endfacet
  facet normal 0 0 1
    outer loop
      vertex 70.4678 24.0109 16.1
      vertex 70.4678 21.8491 16.1
      vertex 70.5772 21.7835 16.1
    endloop
  endfacet
  facet normal -0 0 1
    outer loop
      vertex 70.3653 23.9349 16.1
      vertex 70.4678 21.8491 16.1
      vertex 70.4678 24.0109 16.1
    endloop
  endfacet
  facet normal 0 0 1
    outer loop
      vertex 70.3653 23.9349 16.1
      vertex 70.3653 21.9251 16.1
      vertex 70.4678 21.8491 16.1
    endloop
  endfacet
  facet normal -0 0 1
    outer loop
      vertex 70.2708 23.8492 16.1
      vertex 70.3653 21.9251 16.1
      vertex 70.3653 23.9349 16.1
    endloop
  endfacet
  facet normal 0 0 1
    outer loop
      vertex 70.2708 23.8492 16.1
      vertex 70.2708 22.0108 16.1
      vertex 70.3653 21.9251 16.1
    endloop
  endfacet
  facet normal -0 0 1
    outer loop
      vertex 70.1851 23.7547 16.1
      vertex 70.2708 22.0108 16.1
      vertex 70.2708 23.8492 16.1
    endloop
  endfacet
  facet normal 0 0 1
    outer loop
      vertex 70.1851 23.7547 16.1
      vertex 70.1851 22.1053 16.1
      vertex 70.2708 22.0108 16.1
    endloop
  endfacet
  facet normal -0 0 1
    outer loop
      vertex 70.1091 23.6522 16.1
      vertex 70.1851 22.1053 16.1
      vertex 70.1851 23.7547 16.1
    endloop
  endfacet
  facet normal 0 0 1
    outer loop
      vertex 70.1091 23.6522 16.1
      vertex 70.1091 22.2078 16.1
      vertex 70.1851 22.1053 16.1
    endloop
  endfacet
  facet normal -0 0 1
    outer loop
      vertex 70.0435 23.5428 16.1
      vertex 70.1091 22.2078 16.1
      vertex 70.1091 23.6522 16.1
    endloop
  endfacet
  facet normal 0 0 1
    outer loop
      vertex 70.0435 23.5428 16.1
      vertex 70.0435 22.3172 16.1
      vertex 70.1091 22.2078 16.1
    endloop
  endfacet
  facet normal -0 0 1
    outer loop
      vertex 69.989 23.4275 16.1
      vertex 70.0435 22.3172 16.1
      vertex 70.0435 23.5428 16.1
    endloop
  endfacet
  facet normal 0 0 1
    outer loop
      vertex 69.989 23.4275 16.1
      vertex 69.989 22.4325 16.1
      vertex 70.0435 22.3172 16.1
    endloop
  endfacet
  facet normal -0 0 1
    outer loop
      vertex 69.946 23.3074 16.1
      vertex 69.989 22.4325 16.1
      vertex 69.989 23.4275 16.1
    endloop
  endfacet
  facet normal 0 0 1
    outer loop
      vertex 69.946 23.3074 16.1
      vertex 69.946 22.5526 16.1
      vertex 69.989 22.4325 16.1
    endloop
  endfacet
  facet normal -0 0 1
    outer loop
      vertex 69.915 23.1836 16.1
      vertex 69.946 22.5526 16.1
      vertex 69.946 23.3074 16.1
    endloop
  endfacet
  facet normal 0 0 1
    outer loop
      vertex 69.915 23.1836 16.1
      vertex 69.915 22.6764 16.1
      vertex 69.946 22.5526 16.1
    endloop
  endfacet
  facet normal -0 0 1
    outer loop
      vertex 69.8963 23.0574 16.1
      vertex 69.915 22.6764 16.1
      vertex 69.915 23.1836 16.1
    endloop
  endfacet
  facet normal 0 0 1
    outer loop
      vertex 69.8963 23.0574 16.1
      vertex 69.8963 22.8026 16.1
      vertex 69.915 22.6764 16.1
    endloop
  endfacet
  facet normal 0 -0 1
    outer loop
      vertex 69.8963 22.8026 16.1
      vertex 69.8963 23.0574 16.1
      vertex 69.89 22.93 16.1
    endloop
  endfacet
  facet normal 0.740755 -0.671775 0
    outer loop
      vertex 72.1092 22.0108 16.1
      vertex 72.1949 22.1053 13.9
      vertex 72.1949 22.1053 16.1
    endloop
  endfacet
  facet normal 0.740755 -0.671775 0
    outer loop
      vertex 72.1949 22.1053 13.9
      vertex 72.1092 22.0108 16.1
      vertex 72.1092 22.0108 13.9
    endloop
  endfacet
  facet normal 0.427345 -0.904089 0
    outer loop
      vertex 71.6875 21.729 13.9
      vertex 71.8028 21.7835 16.1
      vertex 71.6875 21.729 16.1
    endloop
  endfacet
  facet normal 0.427345 -0.904089 0
    outer loop
      vertex 71.8028 21.7835 16.1
      vertex 71.6875 21.729 13.9
      vertex 71.8028 21.7835 13.9
    endloop
  endfacet
  facet normal -0.242904 -0.97005 0
    outer loop
      vertex 70.8126 21.686 13.9
      vertex 70.9364 21.655 16.1
      vertex 70.8126 21.686 16.1
    endloop
  endfacet
  facet normal -0.242904 -0.97005 -0
    outer loop
      vertex 70.9364 21.655 16.1
      vertex 70.8126 21.686 13.9
      vertex 70.9364 21.655 13.9
    endloop
  endfacet
  facet normal 0.337081 0.941476 -0
    outer loop
      vertex 71.6875 24.131 13.9
      vertex 71.5674 24.174 16.1
      vertex 71.6875 24.131 16.1
    endloop
  endfacet
  facet normal 0.337081 0.941476 0
    outer loop
      vertex 71.5674 24.174 16.1
      vertex 71.6875 24.131 13.9
      vertex 71.5674 24.174 13.9
    endloop
  endfacet
  facet normal 0.595602 0.803279 -0
    outer loop
      vertex 72.0147 23.9349 13.9
      vertex 71.9122 24.0109 16.1
      vertex 72.0147 23.9349 16.1
    endloop
  endfacet
  facet normal 0.595602 0.803279 0
    outer loop
      vertex 71.9122 24.0109 16.1
      vertex 72.0147 23.9349 13.9
      vertex 71.9122 24.0109 13.9
    endloop
  endfacet
  facet normal 0.427345 0.904089 -0
    outer loop
      vertex 71.8028 24.0765 13.9
      vertex 71.6875 24.131 16.1
      vertex 71.8028 24.0765 16.1
    endloop
  endfacet
  facet normal 0.427345 0.904089 0
    outer loop
      vertex 71.6875 24.131 16.1
      vertex 71.8028 24.0765 13.9
      vertex 71.6875 24.131 13.9
    endloop
  endfacet
  facet normal 0.941476 0.337081 0
    outer loop
      vertex 72.434 23.3074 16.1
      vertex 72.391 23.4275 13.9
      vertex 72.391 23.4275 16.1
    endloop
  endfacet
  facet normal 0.941476 0.337081 0
    outer loop
      vertex 72.391 23.4275 13.9
      vertex 72.434 23.3074 16.1
      vertex 72.434 23.3074 13.9
    endloop
  endfacet
  facet normal -0.242904 0.97005 0
    outer loop
      vertex 70.9364 24.205 13.9
      vertex 70.8126 24.174 16.1
      vertex 70.9364 24.205 16.1
    endloop
  endfacet
  facet normal -0.242904 0.97005 0
    outer loop
      vertex 70.8126 24.174 16.1
      vertex 70.9364 24.205 13.9
      vertex 70.8126 24.174 13.9
    endloop
  endfacet
  facet normal -0.427345 0.904089 0
    outer loop
      vertex 70.6925 24.131 13.9
      vertex 70.5772 24.0765 16.1
      vertex 70.6925 24.131 16.1
    endloop
  endfacet
  facet normal -0.427345 0.904089 0
    outer loop
      vertex 70.5772 24.0765 16.1
      vertex 70.6925 24.131 13.9
      vertex 70.5772 24.0765 13.9
    endloop
  endfacet
  facet normal -0.857631 0.514265 0
    outer loop
      vertex 70.0435 23.5428 13.9
      vertex 70.1091 23.6522 16.1
      vertex 70.1091 23.6522 13.9
    endloop
  endfacet
  facet normal -0.857631 0.514265 0
    outer loop
      vertex 70.1091 23.6522 16.1
      vertex 70.0435 23.5428 13.9
      vertex 70.0435 23.5428 16.1
    endloop
  endfacet
  facet normal -0.989199 0.146577 0
    outer loop
      vertex 69.8963 23.0574 13.9
      vertex 69.915 23.1836 16.1
      vertex 69.915 23.1836 13.9
    endloop
  endfacet
  facet normal -0.989199 0.146577 0
    outer loop
      vertex 69.915 23.1836 16.1
      vertex 69.8963 23.0574 13.9
      vertex 69.8963 23.0574 16.1
    endloop
  endfacet
  facet normal -0.941476 0.337081 0
    outer loop
      vertex 69.946 23.3074 13.9
      vertex 69.989 23.4275 16.1
      vertex 69.989 23.4275 13.9
    endloop
  endfacet
  facet normal -0.941476 0.337081 0
    outer loop
      vertex 69.989 23.4275 16.1
      vertex 69.946 23.3074 13.9
      vertex 69.946 23.3074 16.1
    endloop
  endfacet
  facet normal 0.99878 0.0493902 0
    outer loop
      vertex 72.49 22.93 16.1
      vertex 72.4837 23.0574 13.9
      vertex 72.4837 23.0574 16.1
    endloop
  endfacet
  facet normal 0.99878 0.0493902 0
    outer loop
      vertex 72.4837 23.0574 13.9
      vertex 72.49 22.93 16.1
      vertex 72.49 22.93 13.9
    endloop
  endfacet
  facet normal 0.998792 -0.0491299 0
    outer loop
      vertex 23.1765 5.41555 13.9
      vertex 23.19 5.69 2.4
      vertex 23.19 5.69 13.9
    endloop
  endfacet
  facet normal 0.998792 -0.0491299 0
    outer loop
      vertex 23.19 5.69 2.4
      vertex 23.1765 5.41555 13.9
      vertex 23.1765 5.41555 2.4
    endloop
  endfacet
  facet normal -0.0490662 -0.998796 0
    outer loop
      vertex 20.1156 2.90348 2.4
      vertex 20.39 2.89 13.9
      vertex 20.1156 2.90348 13.9
    endloop
  endfacet
  facet normal -0.0490662 -0.998796 -0
    outer loop
      vertex 20.39 2.89 13.9
      vertex 20.1156 2.90348 2.4
      vertex 20.39 2.89 2.4
    endloop
  endfacet
  facet normal 0.671554 -0.740955 0
    outer loop
      vertex 22.1663 3.52557 2.4
      vertex 22.3699 3.7101 13.9
      vertex 22.1663 3.52557 13.9
    endloop
  endfacet
  facet normal 0.671554 -0.740955 0
    outer loop
      vertex 22.3699 3.7101 13.9
      vertex 22.1663 3.52557 2.4
      vertex 22.3699 3.7101 2.4
    endloop
  endfacet
  facet normal -0.74101 -0.671494 0
    outer loop
      vertex 18.4101 3.7101 2.4
      vertex 18.2256 3.9137 13.9
      vertex 18.2256 3.9137 2.4
    endloop
  endfacet
  facet normal -0.74101 -0.671494 0
    outer loop
      vertex 18.2256 3.9137 13.9
      vertex 18.4101 3.7101 2.4
      vertex 18.4101 3.7101 13.9
    endloop
  endfacet
  facet normal -0.427542 -0.903996 0
    outer loop
      vertex 19.0701 3.22062 2.4
      vertex 19.3185 3.10314 13.9
      vertex 19.0701 3.22062 13.9
    endloop
  endfacet
  facet normal -0.427542 -0.903996 -0
    outer loop
      vertex 19.3185 3.10314 13.9
      vertex 19.0701 3.22062 2.4
      vertex 19.3185 3.10314 2.4
    endloop
  endfacet
  facet normal 0.903967 -0.427601 0
    outer loop
      vertex 22.8594 4.37009 13.9
      vertex 22.9769 4.61849 2.4
      vertex 22.9769 4.61849 13.9
    endloop
  endfacet
  facet normal 0.903967 -0.427601 0
    outer loop
      vertex 22.9769 4.61849 2.4
      vertex 22.8594 4.37009 13.9
      vertex 22.8594 4.37009 2.4
    endloop
  endfacet
  facet normal 0.336908 -0.941538 0
    outer loop
      vertex 21.2028 3.01057 2.4
      vertex 21.4615 3.10314 13.9
      vertex 21.2028 3.01057 13.9
    endloop
  endfacet
  facet normal 0.336908 -0.941538 0
    outer loop
      vertex 21.4615 3.10314 13.9
      vertex 21.2028 3.01057 2.4
      vertex 21.4615 3.10314 2.4
    endloop
  endfacet
  facet normal -0.903967 -0.427601 0
    outer loop
      vertex 17.9206 4.37009 2.4
      vertex 17.8031 4.61849 13.9
      vertex 17.8031 4.61849 2.4
    endloop
  endfacet
  facet normal -0.903967 -0.427601 0
    outer loop
      vertex 17.8031 4.61849 13.9
      vertex 17.9206 4.37009 2.4
      vertex 17.9206 4.37009 13.9
    endloop
  endfacet
  facet normal -0.857676 -0.514191 0
    outer loop
      vertex 18.0619 4.1344 2.4
      vertex 17.9206 4.37009 13.9
      vertex 17.9206 4.37009 2.4
    endloop
  endfacet
  facet normal -0.857676 -0.514191 0
    outer loop
      vertex 17.9206 4.37009 13.9
      vertex 18.0619 4.1344 2.4
      vertex 18.0619 4.1344 13.9
    endloop
  endfacet
  facet normal -0.998792 0.0491299 0
    outer loop
      vertex 17.59 5.69 2.4
      vertex 17.6035 5.96445 13.9
      vertex 17.6035 5.96445 2.4
    endloop
  endfacet
  facet normal -0.998792 0.0491299 0
    outer loop
      vertex 17.6035 5.96445 13.9
      vertex 17.59 5.69 2.4
      vertex 17.59 5.69 13.9
    endloop
  endfacet
  facet normal -0.0490662 0.998796 0
    outer loop
      vertex 20.39 8.49 2.4
      vertex 20.1156 8.47652 13.9
      vertex 20.39 8.49 13.9
    endloop
  endfacet
  facet normal -0.0490662 0.998796 0
    outer loop
      vertex 20.1156 8.47652 13.9
      vertex 20.39 8.49 2.4
      vertex 20.1156 8.47652 2.4
    endloop
  endfacet
  facet normal 0.970003 -0.243092 0
    outer loop
      vertex 23.0694 4.8772 13.9
      vertex 23.1362 5.14375 2.4
      vertex 23.1362 5.14375 13.9
    endloop
  endfacet
  facet normal 0.970003 -0.243092 0
    outer loop
      vertex 23.1362 5.14375 2.4
      vertex 23.0694 4.8772 13.9
      vertex 23.0694 4.8772 2.4
    endloop
  endfacet
  facet normal 0.989186 -0.146667 0
    outer loop
      vertex 23.1362 5.14375 13.9
      vertex 23.1765 5.41555 2.4
      vertex 23.1765 5.41555 13.9
    endloop
  endfacet
  facet normal 0.989186 -0.146667 0
    outer loop
      vertex 23.1765 5.41555 2.4
      vertex 23.1362 5.14375 13.9
      vertex 23.1362 5.14375 2.4
    endloop
  endfacet
  facet normal 0.941622 -0.336671 0
    outer loop
      vertex 22.9769 4.61849 13.9
      vertex 23.0694 4.8772 2.4
      vertex 23.0694 4.8772 13.9
    endloop
  endfacet
  facet normal 0.941622 -0.336671 0
    outer loop
      vertex 23.0694 4.8772 2.4
      vertex 22.9769 4.61849 13.9
      vertex 22.9769 4.61849 2.4
    endloop
  endfacet
  facet normal 0.803177 -0.595741 0
    outer loop
      vertex 22.5544 3.9137 13.9
      vertex 22.7181 4.1344 2.4
      vertex 22.7181 4.1344 13.9
    endloop
  endfacet
  facet normal 0.803177 -0.595741 0
    outer loop
      vertex 22.7181 4.1344 2.4
      vertex 22.5544 3.9137 13.9
      vertex 22.5544 3.9137 2.4
    endloop
  endfacet
  facet normal 0.74101 -0.671494 0
    outer loop
      vertex 22.3699 3.7101 13.9
      vertex 22.5544 3.9137 2.4
      vertex 22.5544 3.9137 13.9
    endloop
  endfacet
  facet normal 0.74101 -0.671494 0
    outer loop
      vertex 22.5544 3.9137 2.4
      vertex 22.3699 3.7101 13.9
      vertex 22.3699 3.7101 2.4
    endloop
  endfacet
  facet normal 0.857676 -0.514191 0
    outer loop
      vertex 22.7181 4.1344 13.9
      vertex 22.8594 4.37009 2.4
      vertex 22.8594 4.37009 13.9
    endloop
  endfacet
  facet normal 0.857676 -0.514191 0
    outer loop
      vertex 22.8594 4.37009 2.4
      vertex 22.7181 4.1344 13.9
      vertex 22.7181 4.1344 2.4
    endloop
  endfacet
  facet normal 0.243032 -0.970018 0
    outer loop
      vertex 20.9363 2.9438 2.4
      vertex 21.2028 3.01057 13.9
      vertex 20.9363 2.9438 13.9
    endloop
  endfacet
  facet normal 0.243032 -0.970018 0
    outer loop
      vertex 21.2028 3.01057 13.9
      vertex 20.9363 2.9438 2.4
      vertex 21.2028 3.01057 2.4
    endloop
  endfacet
  facet normal 0.146686 -0.989183 0
    outer loop
      vertex 20.6644 2.90348 2.4
      vertex 20.9363 2.9438 13.9
      vertex 20.6644 2.90348 13.9
    endloop
  endfacet
  facet normal 0.146686 -0.989183 0
    outer loop
      vertex 20.9363 2.9438 13.9
      vertex 20.6644 2.90348 2.4
      vertex 20.9363 2.9438 2.4
    endloop
  endfacet
  facet normal 0.0490662 -0.998796 0
    outer loop
      vertex 20.39 2.89 2.4
      vertex 20.6644 2.90348 13.9
      vertex 20.39 2.89 13.9
    endloop
  endfacet
  facet normal 0.0490662 -0.998796 0
    outer loop
      vertex 20.6644 2.90348 13.9
      vertex 20.39 2.89 2.4
      vertex 20.6644 2.90348 2.4
    endloop
  endfacet
  facet normal 0.595694 -0.803211 0
    outer loop
      vertex 21.9456 3.36189 2.4
      vertex 22.1663 3.52557 13.9
      vertex 21.9456 3.36189 13.9
    endloop
  endfacet
  facet normal 0.595694 -0.803211 0
    outer loop
      vertex 22.1663 3.52557 13.9
      vertex 21.9456 3.36189 2.4
      vertex 22.1663 3.52557 2.4
    endloop
  endfacet
  facet normal 0.427542 -0.903996 0
    outer loop
      vertex 21.4615 3.10314 2.4
      vertex 21.7099 3.22062 13.9
      vertex 21.4615 3.10314 13.9
    endloop
  endfacet
  facet normal 0.427542 -0.903996 0
    outer loop
      vertex 21.7099 3.22062 13.9
      vertex 21.4615 3.10314 2.4
      vertex 21.7099 3.22062 2.4
    endloop
  endfacet
  facet normal 0.514094 -0.857734 0
    outer loop
      vertex 21.7099 3.22062 2.4
      vertex 21.9456 3.36189 13.9
      vertex 21.7099 3.22062 13.9
    endloop
  endfacet
  facet normal 0.514094 -0.857734 0
    outer loop
      vertex 21.9456 3.36189 13.9
      vertex 21.7099 3.22062 2.4
      vertex 21.9456 3.36189 2.4
    endloop
  endfacet
  facet normal 0 0 1
    outer loop
      vertex 23.1765 5.96445 13.9
      vertex 23.1765 5.41555 13.9
      vertex 23.19 5.69 13.9
    endloop
  endfacet
  facet normal 0 0 1
    outer loop
      vertex 23.1362 6.23625 13.9
      vertex 23.1765 5.41555 13.9
      vertex 23.1765 5.96445 13.9
    endloop
  endfacet
  facet normal 0 0 1
    outer loop
      vertex 23.1362 6.23625 13.9
      vertex 23.1362 5.14375 13.9
      vertex 23.1765 5.41555 13.9
    endloop
  endfacet
  facet normal 0 0 1
    outer loop
      vertex 23.0694 6.5028 13.9
      vertex 23.1362 5.14375 13.9
      vertex 23.1362 6.23625 13.9
    endloop
  endfacet
  facet normal 0 0 1
    outer loop
      vertex 23.0694 6.5028 13.9
      vertex 23.0694 4.8772 13.9
      vertex 23.1362 5.14375 13.9
    endloop
  endfacet
  facet normal 0 0 1
    outer loop
      vertex 22.9769 6.76151 13.9
      vertex 23.0694 4.8772 13.9
      vertex 23.0694 6.5028 13.9
    endloop
  endfacet
  facet normal 0 0 1
    outer loop
      vertex 22.9769 6.76151 13.9
      vertex 22.9769 4.61849 13.9
      vertex 23.0694 4.8772 13.9
    endloop
  endfacet
  facet normal 0 0 1
    outer loop
      vertex 22.8594 7.00991 13.9
      vertex 22.9769 4.61849 13.9
      vertex 22.9769 6.76151 13.9
    endloop
  endfacet
  facet normal 0 0 1
    outer loop
      vertex 22.8594 7.00991 13.9
      vertex 22.8594 4.37009 13.9
      vertex 22.9769 4.61849 13.9
    endloop
  endfacet
  facet normal 0 0 1
    outer loop
      vertex 22.7181 7.2456 13.9
      vertex 22.8594 4.37009 13.9
      vertex 22.8594 7.00991 13.9
    endloop
  endfacet
  facet normal 0 0 1
    outer loop
      vertex 22.7181 7.2456 13.9
      vertex 22.7181 4.1344 13.9
      vertex 22.8594 4.37009 13.9
    endloop
  endfacet
  facet normal 0 0 1
    outer loop
      vertex 22.5544 7.4663 13.9
      vertex 22.7181 4.1344 13.9
      vertex 22.7181 7.2456 13.9
    endloop
  endfacet
  facet normal 0 0 1
    outer loop
      vertex 22.5544 7.4663 13.9
      vertex 22.5544 3.9137 13.9
      vertex 22.7181 4.1344 13.9
    endloop
  endfacet
  facet normal 0 0 1
    outer loop
      vertex 22.3699 7.6699 13.9
      vertex 22.5544 3.9137 13.9
      vertex 22.5544 7.4663 13.9
    endloop
  endfacet
  facet normal 0 0 1
    outer loop
      vertex 22.3699 7.6699 13.9
      vertex 22.3699 3.7101 13.9
      vertex 22.5544 3.9137 13.9
    endloop
  endfacet
  facet normal 0 0 1
    outer loop
      vertex 22.1663 7.85443 13.9
      vertex 22.3699 3.7101 13.9
      vertex 22.3699 7.6699 13.9
    endloop
  endfacet
  facet normal 0 0 1
    outer loop
      vertex 22.1663 7.85443 13.9
      vertex 22.1663 3.52557 13.9
      vertex 22.3699 3.7101 13.9
    endloop
  endfacet
  facet normal 0 0 1
    outer loop
      vertex 21.9456 8.01812 13.9
      vertex 22.1663 3.52557 13.9
      vertex 22.1663 7.85443 13.9
    endloop
  endfacet
  facet normal 0 0 1
    outer loop
      vertex 21.9456 8.01812 13.9
      vertex 21.9456 3.36189 13.9
      vertex 22.1663 3.52557 13.9
    endloop
  endfacet
  facet normal 0 0 1
    outer loop
      vertex 21.7099 8.15938 13.9
      vertex 21.9456 3.36189 13.9
      vertex 21.9456 8.01812 13.9
    endloop
  endfacet
  facet normal 0 0 1
    outer loop
      vertex 21.7099 8.15938 13.9
      vertex 21.7099 3.22062 13.9
      vertex 21.9456 3.36189 13.9
    endloop
  endfacet
  facet normal 0 0 1
    outer loop
      vertex 21.4615 8.27686 13.9
      vertex 21.7099 3.22062 13.9
      vertex 21.7099 8.15938 13.9
    endloop
  endfacet
  facet normal 0 0 1
    outer loop
      vertex 21.4615 8.27686 13.9
      vertex 21.4615 3.10314 13.9
      vertex 21.7099 3.22062 13.9
    endloop
  endfacet
  facet normal 0 0 1
    outer loop
      vertex 21.2028 8.36943 13.9
      vertex 21.4615 3.10314 13.9
      vertex 21.4615 8.27686 13.9
    endloop
  endfacet
  facet normal 0 0 1
    outer loop
      vertex 21.2028 8.36943 13.9
      vertex 21.2028 3.01057 13.9
      vertex 21.4615 3.10314 13.9
    endloop
  endfacet
  facet normal 0 0 1
    outer loop
      vertex 20.9363 8.4362 13.9
      vertex 21.2028 3.01057 13.9
      vertex 21.2028 8.36943 13.9
    endloop
  endfacet
  facet normal 0 0 1
    outer loop
      vertex 20.9363 8.4362 13.9
      vertex 20.9363 2.9438 13.9
      vertex 21.2028 3.01057 13.9
    endloop
  endfacet
  facet normal 0 0 1
    outer loop
      vertex 20.6644 8.47652 13.9
      vertex 20.9363 2.9438 13.9
      vertex 20.9363 8.4362 13.9
    endloop
  endfacet
  facet normal 0 0 1
    outer loop
      vertex 20.6644 8.47652 13.9
      vertex 20.6644 2.90348 13.9
      vertex 20.9363 2.9438 13.9
    endloop
  endfacet
  facet normal 0 0 1
    outer loop
      vertex 20.39 8.49 13.9
      vertex 20.6644 2.90348 13.9
      vertex 20.6644 8.47652 13.9
    endloop
  endfacet
  facet normal 0 0 1
    outer loop
      vertex 20.39 8.49 13.9
      vertex 20.39 2.89 13.9
      vertex 20.6644 2.90348 13.9
    endloop
  endfacet
  facet normal -0 0 1
    outer loop
      vertex 20.1156 8.47652 13.9
      vertex 20.39 2.89 13.9
      vertex 20.39 8.49 13.9
    endloop
  endfacet
  facet normal 0 0 1
    outer loop
      vertex 20.1156 8.47652 13.9
      vertex 20.1156 2.90348 13.9
      vertex 20.39 2.89 13.9
    endloop
  endfacet
  facet normal -0 0 1
    outer loop
      vertex 19.8437 8.4362 13.9
      vertex 20.1156 2.90348 13.9
      vertex 20.1156 8.47652 13.9
    endloop
  endfacet
  facet normal 0 0 1
    outer loop
      vertex 19.8437 8.4362 13.9
      vertex 19.8437 2.9438 13.9
      vertex 20.1156 2.90348 13.9
    endloop
  endfacet
  facet normal -0 0 1
    outer loop
      vertex 19.5772 8.36943 13.9
      vertex 19.8437 2.9438 13.9
      vertex 19.8437 8.4362 13.9
    endloop
  endfacet
  facet normal 0 0 1
    outer loop
      vertex 19.5772 8.36943 13.9
      vertex 19.5772 3.01057 13.9
      vertex 19.8437 2.9438 13.9
    endloop
  endfacet
  facet normal -0 0 1
    outer loop
      vertex 19.3185 8.27686 13.9
      vertex 19.5772 3.01057 13.9
      vertex 19.5772 8.36943 13.9
    endloop
  endfacet
  facet normal 0 0 1
    outer loop
      vertex 19.3185 8.27686 13.9
      vertex 19.3185 3.10314 13.9
      vertex 19.5772 3.01057 13.9
    endloop
  endfacet
  facet normal -0 0 1
    outer loop
      vertex 19.0701 8.15938 13.9
      vertex 19.3185 3.10314 13.9
      vertex 19.3185 8.27686 13.9
    endloop
  endfacet
  facet normal 0 0 1
    outer loop
      vertex 19.0701 8.15938 13.9
      vertex 19.0701 3.22062 13.9
      vertex 19.3185 3.10314 13.9
    endloop
  endfacet
  facet normal -0 0 1
    outer loop
      vertex 18.8344 8.01812 13.9
      vertex 19.0701 3.22062 13.9
      vertex 19.0701 8.15938 13.9
    endloop
  endfacet
  facet normal 0 0 1
    outer loop
      vertex 18.8344 8.01812 13.9
      vertex 18.8344 3.36189 13.9
      vertex 19.0701 3.22062 13.9
    endloop
  endfacet
  facet normal -0 0 1
    outer loop
      vertex 18.6137 7.85443 13.9
      vertex 18.8344 3.36189 13.9
      vertex 18.8344 8.01812 13.9
    endloop
  endfacet
  facet normal 0 0 1
    outer loop
      vertex 18.6137 7.85443 13.9
      vertex 18.6137 3.52557 13.9
      vertex 18.8344 3.36189 13.9
    endloop
  endfacet
  facet normal -0 0 1
    outer loop
      vertex 18.4101 7.6699 13.9
      vertex 18.6137 3.52557 13.9
      vertex 18.6137 7.85443 13.9
    endloop
  endfacet
  facet normal 0 0 1
    outer loop
      vertex 18.4101 7.6699 13.9
      vertex 18.4101 3.7101 13.9
      vertex 18.6137 3.52557 13.9
    endloop
  endfacet
  facet normal -0 0 1
    outer loop
      vertex 18.2256 7.4663 13.9
      vertex 18.4101 3.7101 13.9
      vertex 18.4101 7.6699 13.9
    endloop
  endfacet
  facet normal 0 0 1
    outer loop
      vertex 18.2256 7.4663 13.9
      vertex 18.2256 3.9137 13.9
      vertex 18.4101 3.7101 13.9
    endloop
  endfacet
  facet normal -0 0 1
    outer loop
      vertex 18.0619 7.2456 13.9
      vertex 18.2256 3.9137 13.9
      vertex 18.2256 7.4663 13.9
    endloop
  endfacet
  facet normal 0 0 1
    outer loop
      vertex 18.0619 7.2456 13.9
      vertex 18.0619 4.1344 13.9
      vertex 18.2256 3.9137 13.9
    endloop
  endfacet
  facet normal -0 0 1
    outer loop
      vertex 17.9206 7.00991 13.9
      vertex 18.0619 4.1344 13.9
      vertex 18.0619 7.2456 13.9
    endloop
  endfacet
  facet normal 0 0 1
    outer loop
      vertex 17.9206 7.00991 13.9
      vertex 17.9206 4.37009 13.9
      vertex 18.0619 4.1344 13.9
    endloop
  endfacet
  facet normal -0 0 1
    outer loop
      vertex 17.8031 6.76151 13.9
      vertex 17.9206 4.37009 13.9
      vertex 17.9206 7.00991 13.9
    endloop
  endfacet
  facet normal 0 0 1
    outer loop
      vertex 17.8031 6.76151 13.9
      vertex 17.8031 4.61849 13.9
      vertex 17.9206 4.37009 13.9
    endloop
  endfacet
  facet normal -0 0 1
    outer loop
      vertex 17.7106 6.5028 13.9
      vertex 17.8031 4.61849 13.9
      vertex 17.8031 6.76151 13.9
    endloop
  endfacet
  facet normal 0 0 1
    outer loop
      vertex 17.7106 6.5028 13.9
      vertex 17.7106 4.8772 13.9
      vertex 17.8031 4.61849 13.9
    endloop
  endfacet
  facet normal -0 0 1
    outer loop
      vertex 17.6438 6.23625 13.9
      vertex 17.7106 4.8772 13.9
      vertex 17.7106 6.5028 13.9
    endloop
  endfacet
  facet normal 0 0 1
    outer loop
      vertex 17.6438 6.23625 13.9
      vertex 17.6438 5.14375 13.9
      vertex 17.7106 4.8772 13.9
    endloop
  endfacet
  facet normal -0 0 1
    outer loop
      vertex 17.6035 5.96445 13.9
      vertex 17.6438 5.14375 13.9
      vertex 17.6438 6.23625 13.9
    endloop
  endfacet
  facet normal 0 0 1
    outer loop
      vertex 17.6035 5.96445 13.9
      vertex 17.6035 5.41555 13.9
      vertex 17.6438 5.14375 13.9
    endloop
  endfacet
  facet normal 0 -0 1
    outer loop
      vertex 17.6035 5.41555 13.9
      vertex 17.6035 5.96445 13.9
      vertex 17.59 5.69 13.9
    endloop
  endfacet
  facet normal -0.941622 -0.336671 0
    outer loop
      vertex 17.8031 4.61849 2.4
      vertex 17.7106 4.8772 13.9
      vertex 17.7106 4.8772 2.4
    endloop
  endfacet
  facet normal -0.941622 -0.336671 0
    outer loop
      vertex 17.7106 4.8772 13.9
      vertex 17.8031 4.61849 2.4
      vertex 17.8031 4.61849 13.9
    endloop
  endfacet
  facet normal -0.989186 -0.146667 0
    outer loop
      vertex 17.6438 5.14375 2.4
      vertex 17.6035 5.41555 13.9
      vertex 17.6035 5.41555 2.4
    endloop
  endfacet
  facet normal -0.989186 -0.146667 0
    outer loop
      vertex 17.6035 5.41555 13.9
      vertex 17.6438 5.14375 2.4
      vertex 17.6438 5.14375 13.9
    endloop
  endfacet
  facet normal -0.998792 -0.0491299 0
    outer loop
      vertex 17.6035 5.41555 2.4
      vertex 17.59 5.69 13.9
      vertex 17.59 5.69 2.4
    endloop
  endfacet
  facet normal -0.998792 -0.0491299 0
    outer loop
      vertex 17.59 5.69 13.9
      vertex 17.6035 5.41555 2.4
      vertex 17.6035 5.41555 13.9
    endloop
  endfacet
  facet normal -0.595694 -0.803211 0
    outer loop
      vertex 18.6137 3.52557 2.4
      vertex 18.8344 3.36189 13.9
      vertex 18.6137 3.52557 13.9
    endloop
  endfacet
  facet normal -0.595694 -0.803211 -0
    outer loop
      vertex 18.8344 3.36189 13.9
      vertex 18.6137 3.52557 2.4
      vertex 18.8344 3.36189 2.4
    endloop
  endfacet
  facet normal -0.671554 -0.740955 0
    outer loop
      vertex 18.4101 3.7101 2.4
      vertex 18.6137 3.52557 13.9
      vertex 18.4101 3.7101 13.9
    endloop
  endfacet
  facet normal -0.671554 -0.740955 -0
    outer loop
      vertex 18.6137 3.52557 13.9
      vertex 18.4101 3.7101 2.4
      vertex 18.6137 3.52557 2.4
    endloop
  endfacet
  facet normal -0.146686 -0.989183 0
    outer loop
      vertex 19.8437 2.9438 2.4
      vertex 20.1156 2.90348 13.9
      vertex 19.8437 2.9438 13.9
    endloop
  endfacet
  facet normal -0.146686 -0.989183 -0
    outer loop
      vertex 20.1156 2.90348 13.9
      vertex 19.8437 2.9438 2.4
      vertex 20.1156 2.90348 2.4
    endloop
  endfacet
  facet normal -0.336908 -0.941538 0
    outer loop
      vertex 19.3185 3.10314 2.4
      vertex 19.5772 3.01057 13.9
      vertex 19.3185 3.10314 13.9
    endloop
  endfacet
  facet normal -0.336908 -0.941538 -0
    outer loop
      vertex 19.5772 3.01057 13.9
      vertex 19.3185 3.10314 2.4
      vertex 19.5772 3.01057 2.4
    endloop
  endfacet
  facet normal -0.243032 -0.970018 0
    outer loop
      vertex 19.5772 3.01057 2.4
      vertex 19.8437 2.9438 13.9
      vertex 19.5772 3.01057 13.9
    endloop
  endfacet
  facet normal -0.243032 -0.970018 -0
    outer loop
      vertex 19.8437 2.9438 13.9
      vertex 19.5772 3.01057 2.4
      vertex 19.8437 2.9438 2.4
    endloop
  endfacet
  facet normal 0.989186 0.146667 0
    outer loop
      vertex 23.1765 5.96445 13.9
      vertex 23.1362 6.23625 2.4
      vertex 23.1362 6.23625 13.9
    endloop
  endfacet
  facet normal 0.989186 0.146667 0
    outer loop
      vertex 23.1362 6.23625 2.4
      vertex 23.1765 5.96445 13.9
      vertex 23.1765 5.96445 2.4
    endloop
  endfacet
  facet normal 0.998792 0.0491299 0
    outer loop
      vertex 23.19 5.69 13.9
      vertex 23.1765 5.96445 2.4
      vertex 23.1765 5.96445 13.9
    endloop
  endfacet
  facet normal 0.998792 0.0491299 0
    outer loop
      vertex 23.1765 5.96445 2.4
      vertex 23.19 5.69 13.9
      vertex 23.19 5.69 2.4
    endloop
  endfacet
  facet normal -0.941622 0.336671 0
    outer loop
      vertex 17.7106 6.5028 2.4
      vertex 17.8031 6.76151 13.9
      vertex 17.8031 6.76151 2.4
    endloop
  endfacet
  facet normal -0.941622 0.336671 0
    outer loop
      vertex 17.8031 6.76151 13.9
      vertex 17.7106 6.5028 2.4
      vertex 17.7106 6.5028 13.9
    endloop
  endfacet
  facet normal 0.427542 0.903996 -0
    outer loop
      vertex 21.7099 8.15938 2.4
      vertex 21.4615 8.27686 13.9
      vertex 21.7099 8.15938 13.9
    endloop
  endfacet
  facet normal 0.427542 0.903996 0
    outer loop
      vertex 21.4615 8.27686 13.9
      vertex 21.7099 8.15938 2.4
      vertex 21.4615 8.27686 2.4
    endloop
  endfacet
  facet normal 0.243032 0.970018 -0
    outer loop
      vertex 21.2028 8.36943 2.4
      vertex 20.9363 8.4362 13.9
      vertex 21.2028 8.36943 13.9
    endloop
  endfacet
  facet normal 0.243032 0.970018 0
    outer loop
      vertex 20.9363 8.4362 13.9
      vertex 21.2028 8.36943 2.4
      vertex 20.9363 8.4362 2.4
    endloop
  endfacet
  facet normal -0.803177 -0.595741 0
    outer loop
      vertex 18.2256 3.9137 2.4
      vertex 18.0619 4.1344 13.9
      vertex 18.0619 4.1344 2.4
    endloop
  endfacet
  facet normal -0.803177 -0.595741 0
    outer loop
      vertex 18.0619 4.1344 13.9
      vertex 18.2256 3.9137 2.4
      vertex 18.2256 3.9137 13.9
    endloop
  endfacet
  facet normal -0.970003 -0.243092 0
    outer loop
      vertex 17.7106 4.8772 2.4
      vertex 17.6438 5.14375 13.9
      vertex 17.6438 5.14375 2.4
    endloop
  endfacet
  facet normal -0.970003 -0.243092 0
    outer loop
      vertex 17.6438 5.14375 13.9
      vertex 17.7106 4.8772 2.4
      vertex 17.7106 4.8772 13.9
    endloop
  endfacet
  facet normal -0.514094 -0.857734 0
    outer loop
      vertex 18.8344 3.36189 2.4
      vertex 19.0701 3.22062 13.9
      vertex 18.8344 3.36189 13.9
    endloop
  endfacet
  facet normal -0.514094 -0.857734 -0
    outer loop
      vertex 19.0701 3.22062 13.9
      vertex 18.8344 3.36189 2.4
      vertex 19.0701 3.22062 2.4
    endloop
  endfacet
  facet normal 0.970003 0.243092 0
    outer loop
      vertex 23.1362 6.23625 13.9
      vertex 23.0694 6.5028 2.4
      vertex 23.0694 6.5028 13.9
    endloop
  endfacet
  facet normal 0.970003 0.243092 0
    outer loop
      vertex 23.0694 6.5028 2.4
      vertex 23.1362 6.23625 13.9
      vertex 23.1362 6.23625 2.4
    endloop
  endfacet
  facet normal 0.514068 0.85775 -0
    outer loop
      vertex 21.9456 8.01812 2.4
      vertex 21.7099 8.15938 13.9
      vertex 21.9456 8.01812 13.9
    endloop
  endfacet
  facet normal 0.514068 0.85775 0
    outer loop
      vertex 21.7099 8.15938 13.9
      vertex 21.9456 8.01812 2.4
      vertex 21.7099 8.15938 2.4
    endloop
  endfacet
  facet normal 0.74101 0.671494 0
    outer loop
      vertex 22.5544 7.4663 13.9
      vertex 22.3699 7.6699 2.4
      vertex 22.3699 7.6699 13.9
    endloop
  endfacet
  facet normal 0.74101 0.671494 0
    outer loop
      vertex 22.3699 7.6699 2.4
      vertex 22.5544 7.4663 13.9
      vertex 22.5544 7.4663 2.4
    endloop
  endfacet
  facet normal 0.595717 0.803194 -0
    outer loop
      vertex 22.1663 7.85443 2.4
      vertex 21.9456 8.01812 13.9
      vertex 22.1663 7.85443 13.9
    endloop
  endfacet
  facet normal 0.595717 0.803194 0
    outer loop
      vertex 21.9456 8.01812 13.9
      vertex 22.1663 7.85443 2.4
      vertex 21.9456 8.01812 2.4
    endloop
  endfacet
  facet normal 0.941622 0.336671 0
    outer loop
      vertex 23.0694 6.5028 13.9
      vertex 22.9769 6.76151 2.4
      vertex 22.9769 6.76151 13.9
    endloop
  endfacet
  facet normal 0.941622 0.336671 0
    outer loop
      vertex 22.9769 6.76151 2.4
      vertex 23.0694 6.5028 13.9
      vertex 23.0694 6.5028 2.4
    endloop
  endfacet
  facet normal 0.903967 0.427601 0
    outer loop
      vertex 22.9769 6.76151 13.9
      vertex 22.8594 7.00991 2.4
      vertex 22.8594 7.00991 13.9
    endloop
  endfacet
  facet normal 0.903967 0.427601 0
    outer loop
      vertex 22.8594 7.00991 2.4
      vertex 22.9769 6.76151 13.9
      vertex 22.9769 6.76151 2.4
    endloop
  endfacet
  facet normal -0.74101 0.671494 0
    outer loop
      vertex 18.2256 7.4663 2.4
      vertex 18.4101 7.6699 13.9
      vertex 18.4101 7.6699 2.4
    endloop
  endfacet
  facet normal -0.74101 0.671494 0
    outer loop
      vertex 18.4101 7.6699 13.9
      vertex 18.2256 7.4663 2.4
      vertex 18.2256 7.4663 13.9
    endloop
  endfacet
  facet normal -0.857676 0.514191 0
    outer loop
      vertex 17.9206 7.00991 2.4
      vertex 18.0619 7.2456 13.9
      vertex 18.0619 7.2456 2.4
    endloop
  endfacet
  facet normal -0.857676 0.514191 0
    outer loop
      vertex 18.0619 7.2456 13.9
      vertex 17.9206 7.00991 2.4
      vertex 17.9206 7.00991 13.9
    endloop
  endfacet
  facet normal -0.803177 0.595741 0
    outer loop
      vertex 18.0619 7.2456 2.4
      vertex 18.2256 7.4663 13.9
      vertex 18.2256 7.4663 2.4
    endloop
  endfacet
  facet normal -0.803177 0.595741 0
    outer loop
      vertex 18.2256 7.4663 13.9
      vertex 18.0619 7.2456 2.4
      vertex 18.0619 7.2456 13.9
    endloop
  endfacet
  facet normal -0.989186 0.146667 0
    outer loop
      vertex 17.6035 5.96445 2.4
      vertex 17.6438 6.23625 13.9
      vertex 17.6438 6.23625 2.4
    endloop
  endfacet
  facet normal -0.989186 0.146667 0
    outer loop
      vertex 17.6438 6.23625 13.9
      vertex 17.6035 5.96445 2.4
      vertex 17.6035 5.96445 13.9
    endloop
  endfacet
  facet normal 0.146686 0.989183 -0
    outer loop
      vertex 20.9363 8.4362 2.4
      vertex 20.6644 8.47652 13.9
      vertex 20.9363 8.4362 13.9
    endloop
  endfacet
  facet normal 0.146686 0.989183 0
    outer loop
      vertex 20.6644 8.47652 13.9
      vertex 20.9363 8.4362 2.4
      vertex 20.6644 8.47652 2.4
    endloop
  endfacet
  facet normal 0.336908 0.941538 -0
    outer loop
      vertex 21.4615 8.27686 2.4
      vertex 21.2028 8.36943 13.9
      vertex 21.4615 8.27686 13.9
    endloop
  endfacet
  facet normal 0.336908 0.941538 0
    outer loop
      vertex 21.2028 8.36943 13.9
      vertex 21.4615 8.27686 2.4
      vertex 21.2028 8.36943 2.4
    endloop
  endfacet
  facet normal 0.803177 0.595741 0
    outer loop
      vertex 22.7181 7.2456 13.9
      vertex 22.5544 7.4663 2.4
      vertex 22.5544 7.4663 13.9
    endloop
  endfacet
  facet normal 0.803177 0.595741 0
    outer loop
      vertex 22.5544 7.4663 2.4
      vertex 22.7181 7.2456 13.9
      vertex 22.7181 7.2456 2.4
    endloop
  endfacet
  facet normal 0.857676 0.514191 0
    outer loop
      vertex 22.8594 7.00991 13.9
      vertex 22.7181 7.2456 2.4
      vertex 22.7181 7.2456 13.9
    endloop
  endfacet
  facet normal 0.857676 0.514191 0
    outer loop
      vertex 22.7181 7.2456 2.4
      vertex 22.8594 7.00991 13.9
      vertex 22.8594 7.00991 2.4
    endloop
  endfacet
  facet normal 0.671554 0.740955 -0
    outer loop
      vertex 22.3699 7.6699 2.4
      vertex 22.1663 7.85443 13.9
      vertex 22.3699 7.6699 13.9
    endloop
  endfacet
  facet normal 0.671554 0.740955 0
    outer loop
      vertex 22.1663 7.85443 13.9
      vertex 22.3699 7.6699 2.4
      vertex 22.1663 7.85443 2.4
    endloop
  endfacet
  facet normal 0.0490662 0.998796 -0
    outer loop
      vertex 20.6644 8.47652 2.4
      vertex 20.39 8.49 13.9
      vertex 20.6644 8.47652 13.9
    endloop
  endfacet
  facet normal 0.0490662 0.998796 0
    outer loop
      vertex 20.39 8.49 13.9
      vertex 20.6644 8.47652 2.4
      vertex 20.39 8.49 2.4
    endloop
  endfacet
  facet normal -0.243032 0.970018 0
    outer loop
      vertex 19.8437 8.4362 2.4
      vertex 19.5772 8.36943 13.9
      vertex 19.8437 8.4362 13.9
    endloop
  endfacet
  facet normal -0.243032 0.970018 0
    outer loop
      vertex 19.5772 8.36943 13.9
      vertex 19.8437 8.4362 2.4
      vertex 19.5772 8.36943 2.4
    endloop
  endfacet
  facet normal -0.146686 0.989183 0
    outer loop
      vertex 20.1156 8.47652 2.4
      vertex 19.8437 8.4362 13.9
      vertex 20.1156 8.47652 13.9
    endloop
  endfacet
  facet normal -0.146686 0.989183 0
    outer loop
      vertex 19.8437 8.4362 13.9
      vertex 20.1156 8.47652 2.4
      vertex 19.8437 8.4362 2.4
    endloop
  endfacet
  facet normal -0.427542 0.903996 0
    outer loop
      vertex 19.3185 8.27686 2.4
      vertex 19.0701 8.15938 13.9
      vertex 19.3185 8.27686 13.9
    endloop
  endfacet
  facet normal -0.427542 0.903996 0
    outer loop
      vertex 19.0701 8.15938 13.9
      vertex 19.3185 8.27686 2.4
      vertex 19.0701 8.15938 2.4
    endloop
  endfacet
  facet normal -0.595717 0.803194 0
    outer loop
      vertex 18.8344 8.01812 2.4
      vertex 18.6137 7.85443 13.9
      vertex 18.8344 8.01812 13.9
    endloop
  endfacet
  facet normal -0.595717 0.803194 0
    outer loop
      vertex 18.6137 7.85443 13.9
      vertex 18.8344 8.01812 2.4
      vertex 18.6137 7.85443 2.4
    endloop
  endfacet
  facet normal -0.671554 0.740955 0
    outer loop
      vertex 18.6137 7.85443 2.4
      vertex 18.4101 7.6699 13.9
      vertex 18.6137 7.85443 13.9
    endloop
  endfacet
  facet normal -0.671554 0.740955 0
    outer loop
      vertex 18.4101 7.6699 13.9
      vertex 18.6137 7.85443 2.4
      vertex 18.4101 7.6699 2.4
    endloop
  endfacet
  facet normal -0.970003 0.243092 0
    outer loop
      vertex 17.6438 6.23625 2.4
      vertex 17.7106 6.5028 13.9
      vertex 17.7106 6.5028 2.4
    endloop
  endfacet
  facet normal -0.970003 0.243092 0
    outer loop
      vertex 17.7106 6.5028 13.9
      vertex 17.6438 6.23625 2.4
      vertex 17.6438 6.23625 13.9
    endloop
  endfacet
  facet normal -0.903967 0.427601 0
    outer loop
      vertex 17.8031 6.76151 2.4
      vertex 17.9206 7.00991 13.9
      vertex 17.9206 7.00991 2.4
    endloop
  endfacet
  facet normal -0.903967 0.427601 0
    outer loop
      vertex 17.9206 7.00991 13.9
      vertex 17.8031 6.76151 2.4
      vertex 17.8031 6.76151 13.9
    endloop
  endfacet
  facet normal -0.514068 0.85775 0
    outer loop
      vertex 19.0701 8.15938 2.4
      vertex 18.8344 8.01812 13.9
      vertex 19.0701 8.15938 13.9
    endloop
  endfacet
  facet normal -0.514068 0.85775 0
    outer loop
      vertex 18.8344 8.01812 13.9
      vertex 19.0701 8.15938 2.4
      vertex 18.8344 8.01812 2.4
    endloop
  endfacet
  facet normal -0.336908 0.941538 0
    outer loop
      vertex 19.5772 8.36943 2.4
      vertex 19.3185 8.27686 13.9
      vertex 19.5772 8.36943 13.9
    endloop
  endfacet
  facet normal -0.336908 0.941538 0
    outer loop
      vertex 19.3185 8.27686 13.9
      vertex 19.5772 8.36943 2.4
      vertex 19.3185 8.27686 2.4
    endloop
  endfacet
endsolid OpenSCAD_Model
